timestamp,open,high,low,close
2025-04-10T04:00:00+00:00,5447.25000,5457.00000,5441.00000,5451.00000
2025-04-10T05:00:00+00:00,5451.25000,5472.00000,5442.25000,5471.25000
2025-04-10T06:00:00+00:00,5471.50000,5476.75000,5450.25000,5467.25000
2025-04-10T07:00:00+00:00,5467.50000,5487.75000,5390.25000,5401.00000
2025-04-10T08:00:00+00:00,5401.25000,5415.25000,5359.50000,5372.50000
2025-04-10T09:00:00+00:00,5372.00000,5396.75000,5360.00000,5380.00000
2025-04-10T10:00:00+00:00,5380.00000,5427.00000,5378.25000,5392.00000
2025-04-10T11:00:00+00:00,5402.50000,5413.75000,5386.75000,5406.25000
2025-04-10T12:00:00+00:00,5406.00000,5425.75000,5362.75000,5385.50000
2025-04-10T13:00:00+00:00,5385.50000,5405.00000,5338.00000,5343.25000
2025-04-10T14:00:00+00:00,5343.25000,5373.75000,5314.00000,5316.50000
2025-04-10T15:00:00+00:00,5316.50000,5341.00000,5231.50000,5238.00000
2025-04-10T16:00:00+00:00,5238.25000,5258.00000,5146.75000,5249.25000
2025-04-10T17:00:00+00:00,5248.75000,5308.75000,5180.25000,5295.00000
2025-04-10T18:00:00+00:00,5295.50000,5351.50000,5255.75000,5314.75000
2025-04-10T19:00:00+00:00,5315.25000,5348.75000,5234.50000,5299.50000
2025-04-10T20:00:00+00:00,5299.50000,5322.75000,5288.75000,5304.50000
2025-04-10T22:00:00+00:00,5299.25000,5330.50000,5297.75000,5311.50000
2025-04-10T23:00:00+00:00,5311.75000,5315.50000,5264.50000,5274.50000
2025-04-11T00:00:00+00:00,5274.25000,5277.75000,5206.50000,5231.75000
2025-04-11T01:00:00+00:00,5231.25000,5273.50000,5223.00000,5270.50000
2025-04-11T02:00:00+00:00,5270.00000,5288.75000,5244.50000,5268.75000
2025-04-11T03:00:00+00:00,5269.25000,5315.75000,5269.00000,5299.75000
2025-04-11T04:00:00+00:00,5315.75000,5320.00000,5297.50000,5308.00000
2025-04-11T05:00:00+00:00,5308.25000,5361.25000,5294.00000,5357.75000
2025-04-11T06:00:00+00:00,5358.00000,5379.00000,5344.00000,5349.75000
2025-04-11T07:00:00+00:00,5349.75000,5353.25000,5312.25000,5315.00000
2025-04-11T08:00:00+00:00,5314.75000,5327.25000,5257.25000,5276.25000
2025-04-11T09:00:00+00:00,5276.25000,5342.00000,5264.50000,5341.25000
2025-04-11T10:00:00+00:00,5341.25000,5359.00000,5325.50000,5340.75000
2025-04-11T11:00:00+00:00,5340.75000,5348.50000,5295.00000,5321.00000
2025-04-11T12:00:00+00:00,5321.00000,5349.75000,5304.00000,5307.25000
2025-04-11T13:00:00+00:00,5307.50000,5340.50000,5262.25000,5316.75000
2025-04-11T14:00:00+00:00,5314.75000,5336.75000,5251.50000,5283.50000
2025-04-11T15:00:00+00:00,5291.25000,5323.00000,5259.50000,5321.25000
2025-04-11T16:00:00+00:00,5321.25000,5381.25000,5311.75000,5369.75000
2025-04-11T17:00:00+00:00,5370.00000,5418.25000,5340.25000,5399.25000
2025-04-11T18:00:00+00:00,5399.50000,5403.00000,5368.00000,5374.50000
2025-04-11T19:00:00+00:00,5374.50000,5410.00000,5373.25000,5390.25000
2025-04-11T20:00:00+00:00,5390.50000,5401.25000,5387.00000,5394.00000
2025-04-13T22:00:00+00:00,5452.50000,5474.75000,5411.00000,5415.50000
2025-04-13T23:00:00+00:00,5416.00000,5442.00000,5410.00000,5429.75000
2025-04-14T00:00:00+00:00,5430.00000,5442.00000,5421.75000,5426.75000
2025-04-14T01:00:00+00:00,5426.75000,5432.75000,5415.50000,5428.00000
2025-04-14T02:00:00+00:00,5427.50000,5441.25000,5427.00000,5440.00000
2025-04-14T03:00:00+00:00,5439.75000,5445.50000,5425.25000,5437.00000
2025-04-14T04:00:00+00:00,5438.00000,5457.25000,5435.50000,5454.50000
2025-04-14T05:00:00+00:00,5454.50000,5457.50000,5445.25000,5447.25000
2025-04-14T06:00:00+00:00,5447.00000,5469.50000,5441.75000,5458.25000
2025-04-14T07:00:00+00:00,5458.00000,5468.75000,5445.50000,5467.00000
2025-04-14T08:00:00+00:00,5467.00000,5473.75000,5462.75000,5468.00000
2025-04-14T09:00:00+00:00,5468.00000,5474.50000,5445.00000,5455.25000
2025-04-14T10:00:00+00:00,5455.25000,5467.00000,5449.75000,5466.25000
2025-04-14T11:00:00+00:00,5466.50000,5483.50000,5451.50000,5452.75000
2025-04-14T12:00:00+00:00,5452.75000,5481.50000,5450.50000,5480.25000
2025-04-14T13:00:00+00:00,5480.25000,5497.75000,5444.25000,5457.75000
2025-04-14T14:00:00+00:00,5458.25000,5492.25000,5449.25000,5477.00000
2025-04-14T15:00:00+00:00,5477.00000,5484.50000,5404.75000,5409.50000
2025-04-14T16:00:00+00:00,5410.00000,5432.25000,5391.00000,5407.75000
2025-04-14T17:00:00+00:00,5408.00000,5448.00000,5405.50000,5442.50000
2025-04-14T18:00:00+00:00,5442.50000,5466.25000,5440.25000,5460.50000
2025-04-14T19:00:00+00:00,5460.50000,5479.00000,5436.00000,5442.50000
2025-04-14T20:00:00+00:00,5442.50000,5447.75000,5405.75000,5432.25000
2025-04-14T22:00:00+00:00,5431.75000,5435.00000,5413.00000,5415.00000
2025-04-14T23:00:00+00:00,5415.00000,5428.00000,5413.25000,5421.50000
2025-04-15T00:00:00+00:00,5421.25000,5438.00000,5421.00000,5434.25000
2025-04-15T01:00:00+00:00,5434.00000,5443.00000,5430.75000,5432.00000
2025-04-15T02:00:00+00:00,5432.25000,5440.00000,5426.25000,5427.25000
2025-04-15T03:00:00+00:00,5427.50000,5439.25000,5425.25000,5437.75000
2025-04-15T04:00:00+00:00,5437.50000,5440.25000,5432.25000,5436.25000
2025-04-15T05:00:00+00:00,5436.25000,5438.50000,5425.00000,5431.75000
2025-04-15T06:00:00+00:00,5431.75000,5441.50000,5428.00000,5438.25000
2025-04-15T07:00:00+00:00,5438.50000,5463.00000,5437.50000,5458.50000
2025-04-15T08:00:00+00:00,5459.25000,5460.75000,5442.50000,5451.75000
2025-04-15T09:00:00+00:00,5451.50000,5459.00000,5440.00000,5445.25000
2025-04-15T10:00:00+00:00,5445.00000,5455.00000,5438.50000,5449.25000
2025-04-15T11:00:00+00:00,5449.25000,5452.50000,5419.25000,5425.00000
2025-04-15T12:00:00+00:00,5425.50000,5436.00000,5413.00000,5433.75000
2025-04-15T13:00:00+00:00,5433.75000,5482.00000,5433.75000,5467.25000
2025-04-15T14:00:00+00:00,5467.50000,5485.00000,5433.00000,5458.00000
2025-04-15T15:00:00+00:00,5458.25000,5472.50000,5446.50000,5462.25000
2025-04-15T16:00:00+00:00,5462.25000,5468.75000,5436.75000,5442.00000
2025-04-15T17:00:00+00:00,5442.00000,5451.25000,5425.25000,5434.75000
2025-04-15T18:00:00+00:00,5435.00000,5444.00000,5419.50000,5438.00000
2025-04-15T19:00:00+00:00,5438.25000,5444.75000,5422.75000,5428.25000
2025-04-15T20:00:00+00:00,5428.00000,5434.25000,5420.75000,5425.50000
2025-04-15T22:00:00+00:00,5403.75000,5403.75000,5375.00000,5389.75000
2025-04-15T23:00:00+00:00,5389.50000,5392.25000,5377.75000,5386.25000
2025-04-16T00:00:00+00:00,5386.25000,5388.25000,5367.25000,5377.50000
2025-04-16T01:00:00+00:00,5377.75000,5390.75000,5377.75000,5385.50000
2025-04-16T02:00:00+00:00,5385.75000,5389.75000,5379.50000,5382.75000
2025-04-16T03:00:00+00:00,5383.00000,5387.50000,5379.00000,5379.75000
2025-04-16T04:00:00+00:00,5378.75000,5380.25000,5373.75000,5376.25000
2025-04-16T05:00:00+00:00,5376.25000,5376.50000,5340.00000,5346.75000
2025-04-16T06:00:00+00:00,5347.00000,5365.50000,5346.00000,5358.50000
2025-04-16T07:00:00+00:00,5358.50000,5368.50000,5342.25000,5344.75000
2025-04-16T08:00:00+00:00,5345.00000,5425.00000,5342.50000,5389.50000
2025-04-16T09:00:00+00:00,5389.75000,5405.50000,5382.50000,5383.00000
2025-04-16T10:00:00+00:00,5383.00000,5396.50000,5380.75000,5388.00000
2025-04-16T11:00:00+00:00,5387.75000,5395.75000,5378.75000,5387.50000
2025-04-16T12:00:00+00:00,5387.25000,5392.25000,5373.25000,5376.00000
2025-04-16T13:00:00+00:00,5376.00000,5388.75000,5348.50000,5348.75000
2025-04-16T14:00:00+00:00,5348.50000,5379.25000,5346.00000,5372.00000
2025-04-16T15:00:00+00:00,5372.25000,5399.25000,5363.00000,5366.75000
2025-04-16T16:00:00+00:00,5366.50000,5370.25000,5354.25000,5358.25000
2025-04-16T17:00:00+00:00,5358.25000,5366.50000,5287.25000,5289.00000
2025-04-16T18:00:00+00:00,5289.00000,5317.00000,5275.00000,5276.25000
2025-04-16T19:00:00+00:00,5276.50000,5310.75000,5251.00000,5305.50000
2025-04-16T20:00:00+00:00,5305.25000,5316.50000,5292.25000,5299.50000
2025-04-16T22:00:00+00:00,5308.00000,5312.50000,5299.25000,5307.75000
2025-04-16T23:00:00+00:00,5307.75000,5311.25000,5293.25000,5307.75000
2025-04-17T00:00:00+00:00,5307.75000,5330.75000,5301.25000,5329.00000
2025-04-17T01:00:00+00:00,5328.25000,5331.75000,5322.75000,5328.75000
2025-04-17T02:00:00+00:00,5328.75000,5335.75000,5323.75000,5334.50000
2025-04-17T03:00:00+00:00,5334.50000,5344.75000,5334.25000,5344.75000
2025-04-17T04:00:00+00:00,5344.75000,5347.00000,5343.25000,5345.00000
2025-04-17T05:00:00+00:00,5345.00000,5355.25000,5342.25000,5350.75000
2025-04-17T06:00:00+00:00,5350.25000,5357.50000,5344.00000,5349.25000
2025-04-17T07:00:00+00:00,5349.25000,5371.25000,5348.25000,5361.50000
2025-04-17T08:00:00+00:00,5361.75000,5362.75000,5344.50000,5345.50000
2025-04-17T09:00:00+00:00,5345.75000,5359.00000,5341.75000,5350.00000
2025-04-17T10:00:00+00:00,5349.50000,5351.25000,5323.25000,5331.00000
2025-04-17T11:00:00+00:00,5331.00000,5334.75000,5318.50000,5329.50000
2025-04-17T12:00:00+00:00,5329.50000,5356.50000,5327.00000,5334.00000
2025-04-17T13:00:00+00:00,5334.00000,5340.25000,5309.75000,5334.00000
2025-04-17T14:00:00+00:00,5333.75000,5339.00000,5285.50000,5297.25000
2025-04-17T15:00:00+00:00,5297.50000,5335.75000,5297.00000,5314.50000
2025-04-17T16:00:00+00:00,5314.75000,5351.50000,5309.00000,5346.75000
2025-04-17T17:00:00+00:00,5346.75000,5351.00000,5323.25000,5343.00000
2025-04-17T18:00:00+00:00,5343.00000,5359.50000,5332.25000,5332.50000
2025-04-17T19:00:00+00:00,5332.75000,5335.50000,5304.25000,5311.25000
2025-04-17T20:00:00+00:00,5311.00000,5331.75000,5308.50000,5326.50000
2025-04-20T22:00:00+00:00,5283.75000,5306.75000,5279.00000,5286.50000
2025-04-20T23:00:00+00:00,5286.75000,5294.00000,5283.50000,5293.00000
2025-04-21T00:00:00+00:00,5292.75000,5303.25000,5285.50000,5286.00000
2025-04-21T01:00:00+00:00,5286.00000,5288.00000,5273.00000,5280.25000
2025-04-21T02:00:00+00:00,5280.50000,5285.25000,5259.25000,5266.50000
2025-04-21T03:00:00+00:00,5266.75000,5272.75000,5264.75000,5267.25000
2025-04-21T04:00:00+00:00,5267.75000,5273.50000,5266.75000,5268.75000
2025-04-21T05:00:00+00:00,5268.75000,5276.25000,5267.00000,5274.75000
2025-04-21T06:00:00+00:00,5274.50000,5278.00000,5265.75000,5270.50000
2025-04-21T07:00:00+00:00,5270.50000,5272.75000,5252.75000,5254.00000
2025-04-21T08:00:00+00:00,5254.00000,5261.50000,5252.00000,5258.00000
2025-04-21T09:00:00+00:00,5258.25000,5259.50000,5250.00000,5256.75000
2025-04-21T10:00:00+00:00,5256.50000,5263.50000,5252.25000,5262.50000
2025-04-21T11:00:00+00:00,5262.50000,5270.00000,5238.00000,5245.50000
2025-04-21T12:00:00+00:00,5245.25000,5260.75000,5243.75000,5255.00000
2025-04-21T13:00:00+00:00,5254.75000,5262.50000,5220.25000,5220.50000
2025-04-21T14:00:00+00:00,5220.25000,5220.50000,5188.25000,5190.25000
2025-04-21T15:00:00+00:00,5190.00000,5195.00000,5151.75000,5154.25000
2025-04-21T16:00:00+00:00,5154.25000,5176.50000,5153.75000,5156.25000
2025-04-21T17:00:00+00:00,5156.25000,5161.25000,5130.25000,5132.50000
2025-04-21T18:00:00+00:00,5132.50000,5149.75000,5127.25000,5131.25000
2025-04-21T19:00:00+00:00,5131.25000,5193.00000,5130.50000,5183.50000
2025-04-21T20:00:00+00:00,5183.75000,5186.00000,5174.50000,5184.00000
2025-04-21T22:00:00+00:00,5182.50000,5187.50000,5171.75000,5180.25000
2025-04-21T23:00:00+00:00,5180.25000,5206.00000,5179.50000,5205.25000
2025-04-22T00:00:00+00:00,5205.50000,5209.25000,5201.00000,5206.00000
2025-04-22T01:00:00+00:00,5205.75000,5224.25000,5204.50000,5214.00000
2025-04-22T02:00:00+00:00,5214.00000,5218.75000,5210.50000,5213.75000
2025-04-22T03:00:00+00:00,5214.25000,5216.00000,5198.00000,5203.50000
2025-04-22T04:00:00+00:00,5203.50000,5206.00000,5201.00000,5204.00000
2025-04-22T05:00:00+00:00,5204.00000,5211.00000,5201.25000,5207.00000
2025-04-22T06:00:00+00:00,5206.75000,5251.25000,5203.50000,5248.00000
2025-04-22T07:00:00+00:00,5248.50000,5254.50000,5229.50000,5231.00000
2025-04-22T08:00:00+00:00,5231.00000,5240.00000,5224.50000,5236.75000
2025-04-22T09:00:00+00:00,5236.75000,5239.00000,5228.00000,5233.25000
2025-04-22T10:00:00+00:00,5233.25000,5237.75000,5228.75000,5232.25000
2025-04-22T11:00:00+00:00,5232.25000,5234.00000,5216.50000,5220.25000
2025-04-22T12:00:00+00:00,5220.00000,5238.75000,5218.00000,5238.25000
2025-04-22T13:00:00+00:00,5238.25000,5267.50000,5236.00000,5263.75000
2025-04-22T14:00:00+00:00,5264.00000,5294.50000,5262.25000,5290.75000
2025-04-22T15:00:00+00:00,5293.50000,5311.25000,5283.00000,5307.25000
2025-04-22T16:00:00+00:00,5307.50000,5339.25000,5307.50000,5321.00000
2025-04-22T17:00:00+00:00,5321.25000,5332.50000,5262.25000,5263.00000
2025-04-22T18:00:00+00:00,5263.00000,5319.75000,5262.25000,5313.00000
2025-04-22T19:00:00+00:00,5313.00000,5321.00000,5287.50000,5314.25000
2025-04-22T20:00:00+00:00,5314.50000,5332.25000,5311.50000,5314.50000
2025-04-22T22:00:00+00:00,5379.75000,5417.25000,5377.75000,5416.50000
2025-04-22T23:00:00+00:00,5416.75000,5424.00000,5404.00000,5412.50000
2025-04-23T00:00:00+00:00,5412.75000,5414.75000,5388.50000,5397.25000
2025-04-23T01:00:00+00:00,5397.00000,5403.00000,5378.00000,5382.50000
2025-04-23T02:00:00+00:00,5382.25000,5398.50000,5378.75000,5392.75000
2025-04-23T03:00:00+00:00,5392.50000,5395.50000,5387.00000,5395.00000
2025-04-23T04:00:00+00:00,5398.25000,5401.75000,5394.25000,5398.50000
2025-04-23T05:00:00+00:00,5398.50000,5406.25000,5388.00000,5401.75000
2025-04-23T06:00:00+00:00,5402.00000,5409.25000,5398.75000,5400.00000
2025-04-23T07:00:00+00:00,5399.75000,5415.00000,5392.75000,5414.00000
2025-04-23T08:00:00+00:00,5414.00000,5434.25000,5412.50000,5425.00000
2025-04-23T09:00:00+00:00,5425.25000,5431.25000,5418.25000,5427.50000
2025-04-23T10:00:00+00:00,5427.25000,5451.25000,5425.25000,5447.50000
2025-04-23T11:00:00+00:00,5447.00000,5453.75000,5431.50000,5432.00000
2025-04-23T12:00:00+00:00,5432.25000,5456.75000,5430.50000,5455.25000
2025-04-23T13:00:00+00:00,5455.50000,5496.75000,5436.00000,5482.00000
2025-04-23T14:00:00+00:00,5482.00000,5499.75000,5453.50000,5472.75000
2025-04-23T15:00:00+00:00,5472.75000,5483.00000,5401.50000,5420.50000
2025-04-23T16:00:00+00:00,5420.50000,5432.25000,5385.00000,5428.00000
2025-04-23T17:00:00+00:00,5427.75000,5441.75000,5407.50000,5429.75000
2025-04-23T18:00:00+00:00,5429.75000,5435.00000,5403.50000,5409.25000
2025-04-23T19:00:00+00:00,5409.25000,5417.25000,5383.75000,5398.50000
2025-04-23T20:00:00+00:00,5398.50000,5435.00000,5396.50000,5413.00000
2025-04-23T22:00:00+00:00,5409.00000,5413.50000,5388.75000,5406.25000
2025-04-23T23:00:00+00:00,5406.25000,5416.25000,5404.00000,5412.00000
2025-04-24T00:00:00+00:00,5411.75000,5421.00000,5408.25000,5411.50000
2025-04-24T01:00:00+00:00,5411.50000,5413.75000,5397.75000,5398.00000
2025-04-24T02:00:00+00:00,5397.50000,5404.25000,5391.00000,5392.00000
2025-04-24T03:00:00+00:00,5391.50000,5394.75000,5388.00000,5393.00000
2025-04-24T04:00:00+00:00,5392.50000,5396.50000,5383.25000,5394.25000
2025-04-24T05:00:00+00:00,5394.50000,5399.50000,5372.25000,5381.25000
2025-04-24T06:00:00+00:00,5381.25000,5398.25000,5378.75000,5390.00000
2025-04-24T07:00:00+00:00,5390.00000,5393.00000,5368.50000,5374.00000
2025-04-24T08:00:00+00:00,5374.00000,5380.25000,5355.25000,5365.00000
2025-04-24T09:00:00+00:00,5364.75000,5379.25000,5364.75000,5376.75000
2025-04-24T10:00:00+00:00,5376.75000,5409.75000,5375.25000,5404.75000
2025-04-24T11:00:00+00:00,5404.50000,5405.25000,5380.00000,5387.50000
2025-04-24T12:00:00+00:00,5387.25000,5408.25000,5386.75000,5404.75000
2025-04-24T13:00:00+00:00,5404.75000,5441.50000,5398.50000,5439.50000
2025-04-24T14:00:00+00:00,5439.75000,5478.75000,5434.75000,5470.00000
2025-04-24T15:00:00+00:00,5470.25000,5484.75000,5463.75000,5473.25000
2025-04-24T16:00:00+00:00,5473.25000,5504.50000,5468.00000,5500.00000
2025-04-24T17:00:00+00:00,5500.25000,5502.00000,5485.75000,5498.75000
2025-04-24T18:00:00+00:00,5499.00000,5514.75000,5496.25000,5506.75000
2025-04-24T19:00:00+00:00,5506.50000,5520.00000,5488.75000,5510.50000
2025-04-24T20:00:00+00:00,5510.25000,5541.50000,5510.00000,5519.75000
2025-04-24T22:00:00+00:00,5529.00000,5535.00000,5517.75000,5530.25000
2025-04-24T23:00:00+00:00,5530.00000,5534.50000,5526.50000,5528.25000
2025-04-25T00:00:00+00:00,5528.25000,5543.00000,5524.00000,5540.50000
2025-04-25T01:00:00+00:00,5540.25000,5542.25000,5527.50000,5530.00000
2025-04-25T02:00:00+00:00,5529.75000,5532.00000,5520.25000,5524.00000
2025-04-25T03:00:00+00:00,5524.00000,5542.00000,5520.75000,5541.25000
2025-04-25T04:00:00+00:00,5548.25000,5553.00000,5530.50000,5533.00000
2025-04-25T05:00:00+00:00,5533.00000,5538.75000,5531.25000,5534.75000
2025-04-25T06:00:00+00:00,5535.25000,5549.25000,5532.50000,5547.50000
2025-04-25T07:00:00+00:00,5547.50000,5549.25000,5523.00000,5536.75000
2025-04-25T08:00:00+00:00,5536.50000,5544.75000,5527.50000,5532.25000
2025-04-25T09:00:00+00:00,5532.50000,5534.50000,5518.50000,5531.00000
2025-04-25T10:00:00+00:00,5531.00000,5536.50000,5486.75000,5489.00000
2025-04-25T11:00:00+00:00,5489.00000,5511.75000,5488.50000,5498.25000
2025-04-25T12:00:00+00:00,5498.25000,5508.25000,5493.00000,5496.25000
2025-04-25T13:00:00+00:00,5496.00000,5524.75000,5489.00000,5492.50000
2025-04-25T14:00:00+00:00,5492.25000,5523.25000,5480.25000,5508.25000
2025-04-25T15:00:00+00:00,5507.75000,5518.50000,5500.00000,5514.00000
2025-04-25T16:00:00+00:00,5514.25000,5535.50000,5512.75000,5534.75000
2025-04-25T17:00:00+00:00,5534.75000,5554.50000,5511.25000,5523.25000
2025-04-25T18:00:00+00:00,5523.25000,5551.75000,5519.00000,5542.50000
2025-04-25T19:00:00+00:00,5542.25000,5552.75000,5531.50000,5548.75000
2025-04-25T20:00:00+00:00,5548.50000,5562.25000,5545.50000,5552.00000
2025-04-27T22:00:00+00:00,5544.00000,5547.50000,5532.00000,5533.25000
2025-04-27T23:00:00+00:00,5533.25000,5534.75000,5527.00000,5530.75000
2025-04-28T00:00:00+00:00,5531.00000,5534.00000,5519.50000,5521.50000
2025-04-28T01:00:00+00:00,5521.50000,5526.25000,5517.75000,5524.00000
2025-04-28T02:00:00+00:00,5524.25000,5528.75000,5519.50000,5522.25000
2025-04-28T03:00:00+00:00,5522.75000,5523.75000,5516.25000,5518.50000
2025-04-28T04:00:00+00:00,5518.50000,5523.25000,5518.25000,5520.50000
2025-04-28T05:00:00+00:00,5521.00000,5523.00000,5516.50000,5519.50000
2025-04-28T06:00:00+00:00,5519.50000,5538.75000,5519.50000,5538.25000
2025-04-28T07:00:00+00:00,5538.75000,5544.00000,5530.50000,5531.25000
2025-04-28T08:00:00+00:00,5531.50000,5541.25000,5527.50000,5540.25000
2025-04-28T09:00:00+00:00,5540.75000,5549.00000,5536.50000,5543.50000
2025-04-28T10:00:00+00:00,5543.75000,5544.25000,5530.50000,5533.00000
2025-04-28T11:00:00+00:00,5532.50000,5547.50000,5530.00000,5543.50000
2025-04-28T12:00:00+00:00,5543.50000,5554.50000,5533.25000,5552.00000
2025-04-28T13:00:00+00:00,5552.25000,5578.75000,5544.25000,5545.50000
2025-04-28T14:00:00+00:00,5545.50000,5564.25000,5539.25000,5548.75000
2025-04-28T15:00:00+00:00,5548.25000,5555.00000,5513.00000,5518.00000
2025-04-28T16:00:00+00:00,5517.75000,5519.50000,5499.75000,5507.50000
2025-04-28T17:00:00+00:00,5507.50000,5521.50000,5492.00000,5519.75000
2025-04-28T18:00:00+00:00,5520.00000,5533.25000,5516.50000,5530.00000
2025-04-28T19:00:00+00:00,5530.50000,5565.75000,5529.00000,5551.75000
2025-04-28T20:00:00+00:00,5551.75000,5553.25000,5542.75000,5545.50000
2025-04-28T22:00:00+00:00,5543.00000,5546.50000,5537.50000,5543.75000
2025-04-28T23:00:00+00:00,5543.75000,5555.75000,5541.75000,5555.25000
2025-04-29T00:00:00+00:00,5555.00000,5560.00000,5546.50000,5558.50000
2025-04-29T01:00:00+00:00,5558.25000,5568.25000,5556.25000,5567.25000
2025-04-29T02:00:00+00:00,5567.50000,5573.50000,5558.50000,5561.00000
2025-04-29T03:00:00+00:00,5560.75000,5565.00000,5559.25000,5562.25000
2025-04-29T04:00:00+00:00,5561.00000,5567.50000,5555.25000,5557.25000
2025-04-29T05:00:00+00:00,5557.00000,5561.75000,5553.00000,5553.75000
2025-04-29T06:00:00+00:00,5554.00000,5561.50000,5552.25000,5555.75000
2025-04-29T07:00:00+00:00,5555.75000,5573.75000,5553.25000,5570.50000
2025-04-29T08:00:00+00:00,5570.50000,5571.25000,5556.00000,5566.25000
2025-04-29T09:00:00+00:00,5566.50000,5567.75000,5558.75000,5563.75000
2025-04-29T10:00:00+00:00,5563.50000,5567.00000,5533.25000,5548.00000
2025-04-29T11:00:00+00:00,5547.50000,5556.75000,5547.00000,5551.25000
2025-04-29T12:00:00+00:00,5551.25000,5558.25000,5535.00000,5536.50000
2025-04-29T13:00:00+00:00,5536.75000,5559.25000,5521.50000,5549.00000
2025-04-29T14:00:00+00:00,5549.25000,5572.50000,5536.25000,5572.50000
2025-04-29T15:00:00+00:00,5572.50000,5575.50000,5551.00000,5560.00000
2025-04-29T16:00:00+00:00,5560.00000,5577.25000,5547.25000,5553.00000
2025-04-29T17:00:00+00:00,5553.00000,5594.25000,5549.75000,5590.25000
2025-04-29T18:00:00+00:00,5590.50000,5597.25000,5583.50000,5586.25000
2025-04-29T19:00:00+00:00,5586.25000,5596.50000,5580.50000,5583.50000
2025-04-29T20:00:00+00:00,5583.50000,5590.50000,5576.50000,5582.75000
2025-04-29T22:00:00+00:00,5579.50000,5583.00000,5571.25000,5572.25000
2025-04-29T23:00:00+00:00,5572.25000,5574.00000,5568.00000,5571.50000
2025-04-30T00:00:00+00:00,5571.50000,5576.00000,5560.00000,5562.50000
2025-04-30T01:00:00+00:00,5562.25000,5565.50000,5556.25000,5558.50000
2025-04-30T02:00:00+00:00,5558.25000,5560.75000,5554.75000,5555.25000
2025-04-30T03:00:00+00:00,5555.25000,5558.00000,5548.75000,5557.50000
2025-04-30T04:00:00+00:00,5555.75000,5561.50000,5555.75000,5558.75000
2025-04-30T05:00:00+00:00,5559.25000,5562.50000,5555.00000,5562.00000
2025-04-30T06:00:00+00:00,5561.75000,5572.50000,5561.00000,5570.75000
2025-04-30T07:00:00+00:00,5570.75000,5577.00000,5570.25000,5574.75000
2025-04-30T08:00:00+00:00,5574.50000,5582.25000,5568.75000,5571.00000
2025-04-30T09:00:00+00:00,5571.00000,5581.25000,5570.50000,5576.00000
2025-04-30T10:00:00+00:00,5576.25000,5577.00000,5564.25000,5573.25000
2025-04-30T11:00:00+00:00,5573.00000,5579.75000,5562.75000,5565.50000
2025-04-30T12:00:00+00:00,5565.25000,5567.25000,5502.25000,5512.00000
2025-04-30T13:00:00+00:00,5512.00000,5517.50000,5455.50000,5459.50000
2025-04-30T14:00:00+00:00,5459.50000,5515.75000,5457.00000,5510.50000
2025-04-30T15:00:00+00:00,5510.50000,5539.50000,5509.25000,5536.25000
2025-04-30T16:00:00+00:00,5535.75000,5544.25000,5515.00000,5536.75000
2025-04-30T17:00:00+00:00,5537.00000,5552.50000,5512.25000,5546.25000
2025-04-30T18:00:00+00:00,5546.25000,5572.50000,5532.25000,5537.25000
2025-04-30T19:00:00+00:00,5537.25000,5606.75000,5534.75000,5584.00000
2025-04-30T20:00:00+00:00,5584.00000,5626.25000,5571.50000,5619.25000
2025-04-30T22:00:00+00:00,5617.50000,5639.25000,5615.00000,5630.50000
2025-04-30T23:00:00+00:00,5630.25000,5636.25000,5624.00000,5634.25000
2025-05-01T00:00:00+00:00,5634.50000,5643.75000,5633.50000,5640.75000
2025-05-01T01:00:00+00:00,5640.75000,5643.00000,5636.25000,5641.25000
2025-05-01T02:00:00+00:00,5641.25000,5645.50000,5635.00000,5636.25000
2025-05-01T03:00:00+00:00,5636.25000,5648.00000,5634.75000,5647.75000
2025-05-01T04:00:00+00:00,5647.00000,5647.75000,5642.00000,5644.00000
2025-05-01T05:00:00+00:00,5644.25000,5653.25000,5640.50000,5641.25000
2025-05-01T06:00:00+00:00,5641.50000,5648.00000,5639.00000,5639.75000
2025-05-01T07:00:00+00:00,5639.75000,5650.00000,5635.00000,5644.75000
2025-05-01T08:00:00+00:00,5644.75000,5652.50000,5637.50000,5651.50000
2025-05-01T09:00:00+00:00,5651.75000,5662.00000,5650.25000,5660.25000
2025-05-01T10:00:00+00:00,5660.50000,5662.25000,5648.00000,5652.25000
2025-05-01T11:00:00+00:00,5652.25000,5658.75000,5645.50000,5654.75000
2025-05-01T12:00:00+00:00,5654.50000,5659.75000,5636.50000,5639.50000
2025-05-01T13:00:00+00:00,5639.50000,5654.75000,5627.25000,5629.00000
2025-05-01T14:00:00+00:00,5630.75000,5675.50000,5629.00000,5675.00000
2025-05-01T15:00:00+00:00,5675.00000,5682.50000,5637.75000,5645.00000
2025-05-01T16:00:00+00:00,5644.75000,5653.75000,5631.50000,5637.50000
2025-05-01T17:00:00+00:00,5637.50000,5660.75000,5637.00000,5646.75000
2025-05-01T18:00:00+00:00,5646.75000,5668.25000,5645.50000,5658.50000
2025-05-01T19:00:00+00:00,5658.50000,5665.75000,5618.75000,5625.00000
2025-05-01T20:00:00+00:00,5625.00000,5639.00000,5601.75000,5611.75000
2025-05-01T22:00:00+00:00,5608.50000,5613.00000,5601.00000,5610.00000
2025-05-01T23:00:00+00:00,5609.75000,5618.75000,5608.25000,5611.75000
2025-05-02T00:00:00+00:00,5611.75000,5663.25000,5605.50000,5658.50000
2025-05-02T01:00:00+00:00,5658.00000,5672.50000,5654.25000,5662.00000
2025-05-02T02:00:00+00:00,5662.00000,5669.50000,5655.00000,5666.75000
2025-05-02T03:00:00+00:00,5667.00000,5670.75000,5666.00000,5667.75000
2025-05-02T04:00:00+00:00,5670.50000,5671.75000,5664.25000,5668.00000
2025-05-02T05:00:00+00:00,5668.25000,5669.25000,5656.75000,5659.00000
2025-05-02T06:00:00+00:00,5659.00000,5659.00000,5646.75000,5654.00000
2025-05-02T07:00:00+00:00,5654.25000,5662.25000,5647.75000,5648.25000
2025-05-02T08:00:00+00:00,5648.00000,5657.00000,5635.50000,5635.75000
2025-05-02T09:00:00+00:00,5635.75000,5651.25000,5633.50000,5646.75000
2025-05-02T10:00:00+00:00,5646.50000,5653.25000,5644.25000,5648.75000
2025-05-02T11:00:00+00:00,5648.75000,5653.50000,5640.00000,5643.25000
2025-05-02T12:00:00+00:00,5643.25000,5692.75000,5641.25000,5690.50000
2025-05-02T13:00:00+00:00,5690.50000,5699.00000,5663.00000,5676.00000
2025-05-02T14:00:00+00:00,5676.00000,5703.75000,5672.00000,5698.25000
2025-05-02T15:00:00+00:00,5698.50000,5704.75000,5684.75000,5703.00000
2025-05-02T16:00:00+00:00,5703.00000,5721.50000,5702.00000,5715.75000
2025-05-02T17:00:00+00:00,5715.75000,5718.75000,5704.00000,5713.00000
2025-05-02T18:00:00+00:00,5713.00000,5724.75000,5705.00000,5711.75000
2025-05-02T19:00:00+00:00,5711.50000,5719.50000,5700.25000,5705.75000
2025-05-02T20:00:00+00:00,5706.00000,5714.50000,5705.00000,5710.50000
2025-05-04T22:00:00+00:00,5705.00000,5705.25000,5685.00000,5687.00000
2025-05-04T23:00:00+00:00,5686.75000,5689.50000,5671.00000,5678.00000
2025-05-05T00:00:00+00:00,5678.25000,5683.00000,5675.75000,5681.00000
2025-05-05T01:00:00+00:00,5681.00000,5681.00000,5660.25000,5662.00000
2025-05-05T02:00:00+00:00,5661.75000,5670.00000,5660.75000,5667.50000
2025-05-05T03:00:00+00:00,5667.50000,5673.00000,5662.75000,5669.50000
2025-05-05T04:00:00+00:00,5669.75000,5670.25000,5662.50000,5664.25000
2025-05-05T05:00:00+00:00,5664.25000,5673.25000,5664.25000,5670.25000
2025-05-05T06:00:00+00:00,5670.25000,5680.50000,5670.25000,5672.75000
2025-05-05T07:00:00+00:00,5672.50000,5673.25000,5666.00000,5670.75000
2025-05-05T08:00:00+00:00,5671.00000,5675.50000,5655.25000,5659.50000
2025-05-05T09:00:00+00:00,5659.25000,5668.50000,5655.25000,5664.25000
2025-05-05T10:00:00+00:00,5664.25000,5667.25000,5660.00000,5665.75000
2025-05-05T11:00:00+00:00,5666.00000,5667.50000,5656.25000,5660.50000
2025-05-05T12:00:00+00:00,5660.50000,5667.50000,5657.25000,5664.75000
2025-05-05T13:00:00+00:00,5664.75000,5672.50000,5655.25000,5669.25000
2025-05-05T14:00:00+00:00,5669.50000,5691.00000,5662.75000,5689.00000
2025-05-05T15:00:00+00:00,5688.75000,5692.25000,5677.25000,5689.00000
2025-05-05T16:00:00+00:00,5689.00000,5698.75000,5687.00000,5695.50000
2025-05-05T17:00:00+00:00,5695.25000,5700.00000,5687.25000,5695.75000
2025-05-05T18:00:00+00:00,5695.75000,5706.25000,5694.50000,5697.00000
2025-05-05T19:00:00+00:00,5697.25000,5698.00000,5669.50000,5674.50000
2025-05-05T20:00:00+00:00,5674.50000,5675.25000,5665.25000,5671.25000
2025-05-05T22:00:00+00:00,5666.25000,5673.25000,5664.00000,5667.75000
2025-05-05T23:00:00+00:00,5667.50000,5671.00000,5665.50000,5666.50000
2025-05-06T00:00:00+00:00,5666.50000,5671.50000,5661.25000,5665.25000
2025-05-06T01:00:00+00:00,5665.25000,5667.75000,5656.50000,5658.75000
2025-05-06T02:00:00+00:00,5659.00000,5660.25000,5654.50000,5657.50000
2025-05-06T03:00:00+00:00,5657.50000,5663.00000,5652.00000,5662.75000
2025-05-06T04:00:00+00:00,5662.50000,5662.50000,5655.00000,5659.00000
2025-05-06T05:00:00+00:00,5659.25000,5660.00000,5646.00000,5649.00000
2025-05-06T06:00:00+00:00,5648.75000,5659.50000,5647.75000,5659.50000
2025-05-06T07:00:00+00:00,5659.50000,5660.50000,5640.75000,5641.75000
2025-05-06T08:00:00+00:00,5641.75000,5642.50000,5625.50000,5634.75000
2025-05-06T09:00:00+00:00,5634.50000,5635.25000,5624.00000,5633.50000
2025-05-06T10:00:00+00:00,5633.25000,5640.25000,5629.50000,5639.75000
2025-05-06T11:00:00+00:00,5640.00000,5643.25000,5616.50000,5625.50000
2025-05-06T12:00:00+00:00,5625.50000,5630.00000,5619.25000,5627.00000
2025-05-06T13:00:00+00:00,5627.00000,5634.00000,5607.00000,5611.25000
2025-05-06T14:00:00+00:00,5611.50000,5652.75000,5608.50000,5646.50000
2025-05-06T15:00:00+00:00,5649.75000,5657.50000,5639.50000,5641.50000
2025-05-06T16:00:00+00:00,5641.25000,5671.75000,5628.75000,5629.75000
2025-05-06T17:00:00+00:00,5630.00000,5643.75000,5620.25000,5622.00000
2025-05-06T18:00:00+00:00,5622.00000,5648.50000,5621.75000,5648.50000
2025-05-06T19:00:00+00:00,5648.25000,5651.50000,5624.00000,5625.50000
2025-05-06T20:00:00+00:00,5625.50000,5627.75000,5605.00000,5615.00000
2025-05-06T22:00:00+00:00,5608.50000,5689.75000,5608.50000,5672.25000
2025-05-06T23:00:00+00:00,5672.50000,5674.75000,5663.00000,5671.75000
2025-05-07T00:00:00+00:00,5671.50000,5681.50000,5658.75000,5675.25000
2025-05-07T01:00:00+00:00,5675.25000,5680.50000,5665.25000,5669.25000
2025-05-07T02:00:00+00:00,5669.50000,5669.75000,5652.50000,5657.25000
2025-05-07T03:00:00+00:00,5657.25000,5663.75000,5656.75000,5659.00000
2025-05-07T04:00:00+00:00,5662.00000,5666.25000,5658.25000,5660.75000
2025-05-07T05:00:00+00:00,5661.00000,5661.00000,5651.00000,5652.50000
2025-05-07T06:00:00+00:00,5652.50000,5657.25000,5646.25000,5651.50000
2025-05-07T07:00:00+00:00,5651.50000,5660.50000,5649.50000,5659.00000
2025-05-07T08:00:00+00:00,5659.00000,5662.75000,5651.25000,5659.50000
2025-05-07T09:00:00+00:00,5659.75000,5662.50000,5652.50000,5656.75000
2025-05-07T10:00:00+00:00,5656.75000,5663.75000,5651.50000,5659.75000
2025-05-07T11:00:00+00:00,5660.00000,5667.75000,5655.25000,5659.50000
2025-05-07T12:00:00+00:00,5659.50000,5660.25000,5642.00000,5645.25000
2025-05-07T13:00:00+00:00,5645.00000,5652.50000,5631.25000,5651.00000
2025-05-07T14:00:00+00:00,5651.00000,5656.50000,5626.25000,5631.00000
2025-05-07T15:00:00+00:00,5631.00000,5638.00000,5620.00000,5636.00000
2025-05-07T16:00:00+00:00,5636.00000,5651.00000,5627.25000,5649.25000
2025-05-07T17:00:00+00:00,5649.25000,5655.75000,5624.50000,5627.75000
2025-05-07T18:00:00+00:00,5627.75000,5649.00000,5596.00000,5645.00000
2025-05-07T19:00:00+00:00,5645.25000,5675.00000,5611.25000,5648.75000
2025-05-07T20:00:00+00:00,5648.75000,5661.00000,5642.75000,5645.75000
2025-05-07T22:00:00+00:00,5643.25000,5647.75000,5636.50000,5645.00000
2025-05-07T23:00:00+00:00,5645.25000,5651.75000,5644.50000,5645.75000
2025-05-08T00:00:00+00:00,5646.00000,5669.25000,5641.25000,5664.50000
2025-05-08T01:00:00+00:00,5664.50000,5684.50000,5661.25000,5670.75000
2025-05-08T02:00:00+00:00,5671.00000,5683.00000,5671.00000,5680.50000
2025-05-08T03:00:00+00:00,5680.50000,5697.75000,5679.00000,5696.75000
2025-05-08T04:00:00+00:00,5698.00000,5700.50000,5694.25000,5697.75000
2025-05-08T05:00:00+00:00,5698.00000,5699.00000,5689.50000,5691.50000
2025-05-08T06:00:00+00:00,5691.25000,5691.50000,5683.00000,5687.50000
2025-05-08T07:00:00+00:00,5687.50000,5700.00000,5685.25000,5692.25000
2025-05-08T08:00:00+00:00,5692.25000,5706.75000,5689.00000,5706.00000
2025-05-08T09:00:00+00:00,5706.25000,5715.75000,5704.25000,5711.75000
2025-05-08T10:00:00+00:00,5712.00000,5717.25000,5708.50000,5717.00000
2025-05-08T11:00:00+00:00,5716.50000,5717.50000,5698.25000,5701.00000
2025-05-08T12:00:00+00:00,5701.25000,5706.00000,5681.25000,5693.25000
2025-05-08T13:00:00+00:00,5693.50000,5695.00000,5671.50000,5677.75000
2025-05-08T14:00:00+00:00,5677.75000,5688.00000,5653.00000,5662.00000
2025-05-08T15:00:00+00:00,5661.75000,5733.50000,5656.50000,5721.25000
2025-05-08T16:00:00+00:00,5721.25000,5741.00000,5720.75000,5739.00000
2025-05-08T17:00:00+00:00,5738.75000,5739.75000,5713.00000,5714.25000
2025-05-08T18:00:00+00:00,5714.00000,5728.75000,5711.25000,5720.75000
2025-05-08T19:00:00+00:00,5720.50000,5732.00000,5682.50000,5686.50000
2025-05-08T20:00:00+00:00,5686.50000,5693.25000,5682.50000,5684.50000
2025-05-08T22:00:00+00:00,5688.50000,5690.50000,5681.50000,5685.75000
2025-05-08T23:00:00+00:00,5685.50000,5688.00000,5676.00000,5679.50000
2025-05-09T00:00:00+00:00,5679.00000,5679.50000,5665.25000,5675.00000
2025-05-09T01:00:00+00:00,5675.25000,5685.50000,5673.50000,5684.75000
2025-05-09T02:00:00+00:00,5685.00000,5695.75000,5682.75000,5684.25000
2025-05-09T03:00:00+00:00,5684.00000,5691.75000,5676.25000,5691.00000
2025-05-09T04:00:00+00:00,5691.00000,5693.25000,5687.75000,5691.25000
2025-05-09T05:00:00+00:00,5691.25000,5693.50000,5683.50000,5692.00000
2025-05-09T06:00:00+00:00,5691.75000,5693.50000,5685.75000,5690.25000
2025-05-09T07:00:00+00:00,5690.00000,5698.25000,5684.25000,5688.75000
2025-05-09T08:00:00+00:00,5689.25000,5691.00000,5682.50000,5685.75000
2025-05-09T09:00:00+00:00,5685.75000,5693.00000,5685.25000,5692.75000
2025-05-09T10:00:00+00:00,5692.75000,5703.25000,5692.25000,5700.00000
2025-05-09T11:00:00+00:00,5700.50000,5715.25000,5676.00000,5696.75000
2025-05-09T12:00:00+00:00,5696.50000,5710.75000,5694.50000,5703.50000
2025-05-09T13:00:00+00:00,5703.50000,5710.50000,5693.00000,5704.75000
2025-05-09T14:00:00+00:00,5704.75000,5708.75000,5662.50000,5680.50000
2025-05-09T15:00:00+00:00,5680.50000,5691.00000,5673.50000,5690.75000
2025-05-09T16:00:00+00:00,5690.75000,5691.50000,5665.50000,5668.50000
2025-05-09T17:00:00+00:00,5668.75000,5688.50000,5663.00000,5687.00000
2025-05-09T18:00:00+00:00,5687.00000,5687.75000,5675.50000,5683.50000
2025-05-09T19:00:00+00:00,5683.25000,5694.00000,5676.00000,5677.75000
2025-05-09T20:00:00+00:00,5678.00000,5684.00000,5674.25000,5682.75000
2025-05-11T22:00:00+00:00,5761.00000,5768.50000,5734.25000,5739.25000
2025-05-11T23:00:00+00:00,5739.75000,5755.75000,5738.00000,5745.75000
2025-05-12T00:00:00+00:00,5745.50000,5756.50000,5743.50000,5751.50000
2025-05-12T01:00:00+00:00,5751.50000,5761.00000,5750.25000,5755.75000
2025-05-12T02:00:00+00:00,5755.50000,5757.25000,5752.50000,5756.50000
2025-05-12T03:00:00+00:00,5756.25000,5761.00000,5755.00000,5760.25000
2025-05-12T04:00:00+00:00,5760.25000,5762.75000,5759.00000,5761.00000
2025-05-12T05:00:00+00:00,5761.50000,5767.50000,5758.75000,5763.50000
2025-05-12T06:00:00+00:00,5763.75000,5770.75000,5759.25000,5767.50000
2025-05-12T07:00:00+00:00,5767.00000,5853.75000,5766.75000,5820.50000
2025-05-12T08:00:00+00:00,5820.75000,5836.25000,5815.25000,5830.25000
2025-05-12T09:00:00+00:00,5830.50000,5840.00000,5829.00000,5839.00000
2025-05-12T10:00:00+00:00,5839.00000,5861.75000,5835.00000,5858.75000
2025-05-12T11:00:00+00:00,5858.50000,5865.75000,5838.00000,5846.50000
2025-05-12T12:00:00+00:00,5846.25000,5862.00000,5845.00000,5848.25000
2025-05-12T13:00:00+00:00,5848.50000,5855.00000,5819.00000,5823.25000
2025-05-12T14:00:00+00:00,5823.50000,5840.75000,5805.75000,5826.25000
2025-05-12T15:00:00+00:00,5826.50000,5833.50000,5816.25000,5817.50000
2025-05-12T16:00:00+00:00,5817.75000,5849.50000,5815.75000,5847.00000
2025-05-12T17:00:00+00:00,5847.00000,5861.00000,5846.00000,5851.25000
2025-05-12T18:00:00+00:00,5851.25000,5862.25000,5849.25000,5851.50000
2025-05-12T19:00:00+00:00,5851.75000,5866.25000,5844.00000,5864.50000
2025-05-12T20:00:00+00:00,5864.25000,5876.25000,5863.75000,5868.25000
2025-05-12T22:00:00+00:00,5868.00000,5869.00000,5859.00000,5860.00000
2025-05-12T23:00:00+00:00,5860.25000,5869.75000,5856.75000,5856.75000
2025-05-13T00:00:00+00:00,5856.75000,5856.75000,5847.75000,5849.00000
2025-05-13T01:00:00+00:00,5849.25000,5853.50000,5846.50000,5850.00000
2025-05-13T02:00:00+00:00,5850.25000,5854.50000,5844.25000,5848.75000
2025-05-13T03:00:00+00:00,5848.50000,5849.50000,5841.75000,5842.75000
2025-05-13T04:00:00+00:00,5841.75000,5843.75000,5835.75000,5840.50000
2025-05-13T05:00:00+00:00,5840.75000,5847.00000,5839.75000,5845.75000
2025-05-13T06:00:00+00:00,5846.00000,5851.00000,5842.25000,5843.25000
2025-05-13T07:00:00+00:00,5843.50000,5846.75000,5838.00000,5841.00000
2025-05-13T08:00:00+00:00,5841.25000,5848.00000,5838.00000,5839.00000
2025-05-13T09:00:00+00:00,5839.25000,5850.50000,5837.50000,5850.00000
2025-05-13T10:00:00+00:00,5850.00000,5853.75000,5845.00000,5847.00000
2025-05-13T11:00:00+00:00,5847.25000,5857.25000,5846.50000,5856.25000
2025-05-13T12:00:00+00:00,5856.25000,5885.50000,5854.25000,5868.50000
2025-05-13T13:00:00+00:00,5868.75000,5890.25000,5863.50000,5888.50000
2025-05-13T14:00:00+00:00,5888.50000,5915.00000,5887.75000,5906.75000
2025-05-13T15:00:00+00:00,5906.75000,5920.25000,5903.00000,5912.25000
2025-05-13T16:00:00+00:00,5912.25000,5919.50000,5905.25000,5915.75000
2025-05-13T17:00:00+00:00,5915.50000,5927.00000,5912.25000,5915.00000
2025-05-13T18:00:00+00:00,5915.25000,5923.25000,5910.50000,5922.00000
2025-05-13T19:00:00+00:00,5921.75000,5926.75000,5902.25000,5903.50000
2025-05-13T20:00:00+00:00,5903.25000,5905.50000,5899.50000,5900.75000
2025-05-13T22:00:00+00:00,5902.00000,5905.00000,5900.25000,5902.75000
2025-05-13T23:00:00+00:00,5903.00000,5909.50000,5900.75000,5907.75000
2025-05-14T00:00:00+00:00,5907.50000,5908.75000,5902.00000,5903.75000
2025-05-14T01:00:00+00:00,5903.75000,5906.00000,5898.50000,5904.50000
2025-05-14T02:00:00+00:00,5904.50000,5905.50000,5899.50000,5902.00000
2025-05-14T03:00:00+00:00,5902.25000,5908.00000,5902.00000,5905.50000
2025-05-14T04:00:00+00:00,5903.75000,5911.25000,5903.50000,5908.25000
2025-05-14T05:00:00+00:00,5908.25000,5912.00000,5906.75000,5908.75000
2025-05-14T06:00:00+00:00,5908.75000,5916.00000,5905.50000,5914.00000
2025-05-14T07:00:00+00:00,5914.25000,5917.75000,5904.00000,5909.75000
2025-05-14T08:00:00+00:00,5909.50000,5911.00000,5902.50000,5905.50000
2025-05-14T09:00:00+00:00,5905.50000,5907.00000,5896.50000,5899.00000
2025-05-14T10:00:00+00:00,5898.75000,5907.00000,5896.25000,5904.00000
2025-05-14T11:00:00+00:00,5904.25000,5922.50000,5904.00000,5915.75000
2025-05-14T12:00:00+00:00,5915.50000,5924.50000,5913.50000,5915.25000
2025-05-14T13:00:00+00:00,5915.25000,5925.00000,5899.50000,5910.25000
2025-05-14T14:00:00+00:00,5910.50000,5914.50000,5898.75000,5910.50000
2025-05-14T15:00:00+00:00,5910.25000,5919.00000,5892.50000,5915.25000
2025-05-14T16:00:00+00:00,5915.25000,5921.00000,5906.00000,5909.75000
2025-05-14T17:00:00+00:00,5909.75000,5910.00000,5890.00000,5908.50000
2025-05-14T18:00:00+00:00,5908.25000,5917.50000,5900.50000,5911.50000
2025-05-14T19:00:00+00:00,5911.50000,5916.50000,5898.75000,5909.75000
2025-05-14T20:00:00+00:00,5909.50000,5911.25000,5905.50000,5906.00000
2025-05-14T22:00:00+00:00,5904.00000,5904.00000,5900.00000,5901.25000
2025-05-14T23:00:00+00:00,5901.25000,5901.75000,5892.25000,5896.75000
2025-05-15T00:00:00+00:00,5896.50000,5901.75000,5895.50000,5899.50000
2025-05-15T01:00:00+00:00,5899.50000,5902.25000,5895.50000,5897.25000
2025-05-15T02:00:00+00:00,5897.25000,5903.00000,5894.50000,5901.50000
2025-05-15T03:00:00+00:00,5901.50000,5902.00000,5896.75000,5898.00000
2025-05-15T04:00:00+00:00,5898.50000,5899.00000,5896.25000,5898.50000
2025-05-15T05:00:00+00:00,5898.50000,5899.00000,5885.25000,5888.50000
2025-05-15T06:00:00+00:00,5888.50000,5896.50000,5887.00000,5891.50000
2025-05-15T07:00:00+00:00,5891.25000,5895.00000,5877.75000,5878.75000
2025-05-15T08:00:00+00:00,5878.75000,5883.25000,5867.25000,5870.50000
2025-05-15T09:00:00+00:00,5870.50000,5882.50000,5867.00000,5882.25000
2025-05-15T10:00:00+00:00,5881.75000,5881.75000,5875.25000,5879.75000
2025-05-15T11:00:00+00:00,5879.50000,5889.50000,5878.25000,5884.50000
2025-05-15T12:00:00+00:00,5884.50000,5898.25000,5877.00000,5887.00000
2025-05-15T13:00:00+00:00,5887.00000,5898.50000,5884.50000,5895.25000
2025-05-15T14:00:00+00:00,5895.25000,5905.50000,5887.00000,5900.50000
2025-05-15T15:00:00+00:00,5900.75000,5929.00000,5899.25000,5925.25000
2025-05-15T16:00:00+00:00,5925.50000,5936.75000,5922.25000,5936.50000
2025-05-15T17:00:00+00:00,5936.50000,5944.50000,5931.50000,5933.25000
2025-05-15T18:00:00+00:00,5933.50000,5937.75000,5921.25000,5931.75000
2025-05-15T19:00:00+00:00,5931.75000,5939.00000,5917.50000,5938.25000
2025-05-15T20:00:00+00:00,5938.25000,5941.50000,5933.50000,5934.00000
2025-05-15T21:00:00+00:00,5934.00000,5934.00000,5934.00000,5934.00000
2025-05-15T22:00:00+00:00,5935.00000,5936.00000,5930.75000,5931.25000
2025-05-15T23:00:00+00:00,5931.25000,5936.75000,5930.50000,5936.00000
2025-05-16T00:00:00+00:00,5936.00000,5940.00000,5924.50000,5925.25000
2025-05-16T01:00:00+00:00,5925.25000,5928.75000,5923.00000,5926.75000
2025-05-16T02:00:00+00:00,5926.50000,5934.00000,5925.00000,5933.00000
2025-05-16T03:00:00+00:00,5932.75000,5935.75000,5931.75000,5933.25000
2025-05-16T04:00:00+00:00,5934.00000,5935.50000,5932.00000,5933.00000
2025-05-16T05:00:00+00:00,5932.75000,5934.00000,5930.25000,5930.50000
2025-05-16T06:00:00+00:00,5930.75000,5936.25000,5927.25000,5929.00000
2025-05-16T07:00:00+00:00,5929.25000,5945.75000,5927.50000,5944.25000
2025-05-16T08:00:00+00:00,5944.00000,5952.50000,5943.25000,5948.50000
2025-05-16T09:00:00+00:00,5948.75000,5950.25000,5944.75000,5945.25000
2025-05-16T10:00:00+00:00,5945.50000,5952.25000,5943.00000,5948.50000
2025-05-16T11:00:00+00:00,5948.50000,5956.50000,5946.75000,5954.75000
2025-05-16T12:00:00+00:00,5954.75000,5958.00000,5944.75000,5945.25000
2025-05-16T13:00:00+00:00,5945.25000,5951.25000,5931.75000,5945.00000
2025-05-16T14:00:00+00:00,5945.00000,5948.25000,5924.75000,5936.50000
2025-05-16T15:00:00+00:00,5936.75000,5948.50000,5935.75000,5942.50000
2025-05-16T16:00:00+00:00,5942.25000,5957.25000,5941.00000,5954.50000
2025-05-16T17:00:00+00:00,5954.75000,5967.25000,5953.25000,5960.50000
2025-05-16T18:00:00+00:00,5960.50000,5972.75000,5958.75000,5968.00000
2025-05-16T19:00:00+00:00,5968.00000,5977.50000,5964.25000,5975.25000
2025-05-16T20:00:00+00:00,5975.00000,5975.50000,5938.50000,5947.75000
2025-05-18T22:00:00+00:00,5930.25000,5940.75000,5920.00000,5939.00000
2025-05-18T23:00:00+00:00,5939.25000,5948.00000,5935.50000,5940.50000
2025-05-19T00:00:00+00:00,5940.75000,5941.25000,5923.25000,5931.75000
2025-05-19T01:00:00+00:00,5931.75000,5935.50000,5927.50000,5928.75000
2025-05-19T02:00:00+00:00,5928.50000,5934.75000,5925.50000,5925.75000
2025-05-19T03:00:00+00:00,5925.50000,5926.50000,5909.75000,5911.50000
2025-05-19T04:00:00+00:00,5912.50000,5916.75000,5909.75000,5913.00000
2025-05-19T05:00:00+00:00,5912.75000,5918.50000,5910.25000,5917.00000
2025-05-19T06:00:00+00:00,5917.00000,5923.50000,5905.00000,5905.50000
2025-05-19T07:00:00+00:00,5905.75000,5913.00000,5902.50000,5906.00000
2025-05-19T08:00:00+00:00,5905.75000,5907.75000,5892.75000,5897.75000
2025-05-19T09:00:00+00:00,5897.75000,5907.75000,5893.75000,5903.50000
2025-05-19T10:00:00+00:00,5903.75000,5912.75000,5895.50000,5909.50000
2025-05-19T11:00:00+00:00,5909.75000,5918.00000,5905.50000,5916.00000
2025-05-19T12:00:00+00:00,5916.00000,5919.00000,5908.00000,5917.50000
2025-05-19T13:00:00+00:00,5917.75000,5945.50000,5902.50000,5943.75000
2025-05-19T14:00:00+00:00,5943.50000,5964.75000,5941.75000,5951.75000
2025-05-19T15:00:00+00:00,5955.25000,5969.50000,5951.50000,5962.50000
2025-05-19T16:00:00+00:00,5962.50000,5979.50000,5960.75000,5977.25000
2025-05-19T17:00:00+00:00,5977.25000,5987.50000,5975.00000,5975.25000
2025-05-19T18:00:00+00:00,5975.50000,5977.50000,5965.00000,5975.75000
2025-05-19T19:00:00+00:00,5976.00000,5984.50000,5962.75000,5981.00000
2025-05-19T20:00:00+00:00,5981.25000,5982.50000,5970.25000,5980.50000
2025-05-19T22:00:00+00:00,5980.00000,5981.25000,5975.75000,5979.75000
2025-05-19T23:00:00+00:00,5979.75000,5993.50000,5978.75000,5987.25000
2025-05-20T00:00:00+00:00,5987.00000,5991.00000,5982.00000,5982.00000
2025-05-20T01:00:00+00:00,5982.00000,5982.00000,5964.75000,5969.00000
2025-05-20T02:00:00+00:00,5969.00000,5971.50000,5965.25000,5968.75000
2025-05-20T03:00:00+00:00,5968.50000,5969.25000,5963.75000,5965.50000
2025-05-20T04:00:00+00:00,5965.25000,5968.25000,5963.00000,5967.00000
2025-05-20T05:00:00+00:00,5967.00000,5974.25000,5959.25000,5959.75000
2025-05-20T06:00:00+00:00,5959.50000,5962.50000,5955.25000,5961.25000
2025-05-20T07:00:00+00:00,5961.00000,5971.50000,5957.00000,5964.50000
2025-05-20T08:00:00+00:00,5964.75000,5968.75000,5960.25000,5962.25000
2025-05-20T09:00:00+00:00,5962.25000,5967.00000,5959.00000,5960.50000
2025-05-20T10:00:00+00:00,5960.75000,5971.00000,5958.50000,5970.50000
2025-05-20T11:00:00+00:00,5970.50000,5974.50000,5969.50000,5970.25000
2025-05-20T12:00:00+00:00,5970.00000,5973.50000,5962.50000,5966.25000
2025-05-20T13:00:00+00:00,5966.25000,5971.25000,5950.75000,5958.75000
2025-05-20T14:00:00+00:00,5959.00000,5971.00000,5953.75000,5960.00000
2025-05-20T15:00:00+00:00,5960.00000,5966.75000,5955.00000,5962.75000
2025-05-20T16:00:00+00:00,5962.50000,5966.50000,5952.75000,5964.50000
2025-05-20T17:00:00+00:00,5964.75000,5969.00000,5955.25000,5961.00000
2025-05-20T18:00:00+00:00,5960.75000,5962.75000,5936.25000,5939.75000
2025-05-20T19:00:00+00:00,5939.50000,5961.00000,5926.75000,5959.25000
2025-05-20T20:00:00+00:00,5959.25000,5960.25000,5951.50000,5954.00000
2025-05-20T22:00:00+00:00,5953.50000,5953.75000,5936.00000,5948.00000
2025-05-20T23:00:00+00:00,5948.00000,5955.00000,5947.25000,5955.00000
2025-05-21T00:00:00+00:00,5955.00000,5958.25000,5948.25000,5953.00000
2025-05-21T01:00:00+00:00,5953.00000,5955.50000,5944.25000,5948.00000
2025-05-21T02:00:00+00:00,5948.00000,5948.75000,5941.50000,5942.75000
2025-05-21T03:00:00+00:00,5942.50000,5945.75000,5939.50000,5943.00000
2025-05-21T04:00:00+00:00,5941.25000,5942.25000,5935.75000,5938.00000
2025-05-21T05:00:00+00:00,5938.00000,5943.50000,5931.50000,5932.00000
2025-05-21T06:00:00+00:00,5932.00000,5933.50000,5923.00000,5924.75000
2025-05-21T07:00:00+00:00,5924.75000,5934.25000,5924.50000,5932.50000
2025-05-21T08:00:00+00:00,5932.50000,5934.00000,5920.25000,5926.75000
2025-05-21T09:00:00+00:00,5927.00000,5930.25000,5912.25000,5914.50000
2025-05-21T10:00:00+00:00,5914.25000,5919.50000,5905.00000,5919.25000
2025-05-21T11:00:00+00:00,5919.00000,5934.00000,5918.75000,5930.75000
2025-05-21T12:00:00+00:00,5930.75000,5931.50000,5916.75000,5923.00000
2025-05-21T13:00:00+00:00,5923.00000,5935.25000,5908.75000,5928.25000
2025-05-21T14:00:00+00:00,5928.50000,5944.25000,5918.50000,5936.50000
2025-05-21T15:00:00+00:00,5936.25000,5952.75000,5933.75000,5947.50000
2025-05-21T16:00:00+00:00,5947.50000,5956.25000,5944.50000,5946.25000
2025-05-21T17:00:00+00:00,5946.50000,5948.00000,5867.00000,5891.25000
2025-05-21T18:00:00+00:00,5891.00000,5893.50000,5867.25000,5869.75000
2025-05-21T19:00:00+00:00,5869.75000,5876.00000,5847.75000,5859.25000
2025-05-21T20:00:00+00:00,5859.50000,5861.50000,5851.25000,5858.75000
2025-05-21T22:00:00+00:00,5858.00000,5865.75000,5851.00000,5858.25000
2025-05-21T23:00:00+00:00,5858.00000,5865.25000,5856.00000,5860.50000
2025-05-22T00:00:00+00:00,5860.75000,5872.25000,5858.50000,5871.50000
2025-05-22T01:00:00+00:00,5871.50000,5874.25000,5862.75000,5863.25000
2025-05-22T02:00:00+00:00,5863.00000,5869.00000,5861.25000,5863.00000
2025-05-22T03:00:00+00:00,5863.25000,5868.50000,5863.00000,5865.50000
2025-05-22T04:00:00+00:00,5864.00000,5865.50000,5861.75000,5862.75000
2025-05-22T05:00:00+00:00,5862.50000,5871.00000,5861.00000,5870.25000
2025-05-22T06:00:00+00:00,5870.00000,5872.75000,5863.75000,5868.50000
2025-05-22T07:00:00+00:00,5868.50000,5876.75000,5864.00000,5868.75000
2025-05-22T08:00:00+00:00,5868.75000,5873.00000,5865.25000,5869.00000
2025-05-22T09:00:00+00:00,5869.00000,5870.75000,5863.25000,5867.75000
2025-05-22T10:00:00+00:00,5867.50000,5870.75000,5861.50000,5864.75000
2025-05-22T11:00:00+00:00,5864.25000,5875.00000,5838.00000,5838.00000
2025-05-22T12:00:00+00:00,5838.25000,5860.50000,5828.75000,5859.25000
2025-05-22T13:00:00+00:00,5859.50000,5872.25000,5842.75000,5870.50000
2025-05-22T14:00:00+00:00,5870.50000,5880.50000,5843.50000,5857.50000
2025-05-22T15:00:00+00:00,5857.75000,5872.50000,5851.75000,5871.25000
2025-05-22T16:00:00+00:00,5871.00000,5885.00000,5858.75000,5859.75000
2025-05-22T17:00:00+00:00,5859.75000,5887.25000,5854.75000,5883.00000
2025-05-22T18:00:00+00:00,5883.00000,5890.00000,5877.75000,5887.25000
2025-05-22T19:00:00+00:00,5887.25000,5895.00000,5853.75000,5858.75000
2025-05-22T20:00:00+00:00,5858.50000,5868.00000,5856.25000,5868.00000
2025-05-22T22:00:00+00:00,5869.25000,5872.00000,5851.00000,5852.50000
2025-05-22T23:00:00+00:00,5852.25000,5860.75000,5850.00000,5859.50000
2025-05-23T00:00:00+00:00,5859.75000,5865.25000,5859.25000,5865.25000
2025-05-23T01:00:00+00:00,5865.00000,5865.00000,5856.25000,5858.00000
2025-05-23T02:00:00+00:00,5858.00000,5868.00000,5857.00000,5863.25000
2025-05-23T03:00:00+00:00,5863.50000,5867.50000,5860.00000,5862.00000
2025-05-23T04:00:00+00:00,5859.50000,5860.25000,5851.75000,5854.00000
2025-05-23T05:00:00+00:00,5854.00000,5860.50000,5852.25000,5854.75000
2025-05-23T06:00:00+00:00,5854.50000,5854.75000,5841.75000,5850.25000
2025-05-23T07:00:00+00:00,5850.25000,5870.25000,5850.25000,5866.50000
2025-05-23T08:00:00+00:00,5866.50000,5871.50000,5860.00000,5860.75000
2025-05-23T09:00:00+00:00,5860.75000,5861.25000,5843.50000,5858.00000
2025-05-23T10:00:00+00:00,5857.75000,5859.75000,5849.00000,5856.75000
2025-05-23T11:00:00+00:00,5856.50000,5858.75000,5768.25000,5775.75000
2025-05-23T12:00:00+00:00,5776.00000,5784.75000,5756.50000,5774.75000
2025-05-23T13:00:00+00:00,5774.75000,5806.50000,5762.75000,5792.75000
2025-05-23T14:00:00+00:00,5793.00000,5814.50000,5791.50000,5796.00000
2025-05-23T15:00:00+00:00,5796.25000,5822.25000,5792.75000,5805.25000
2025-05-23T16:00:00+00:00,5805.25000,5821.25000,5800.00000,5815.00000
2025-05-23T17:00:00+00:00,5815.00000,5840.00000,5812.00000,5833.75000
2025-05-23T18:00:00+00:00,5833.75000,5843.75000,5825.25000,5832.75000
2025-05-23T19:00:00+00:00,5832.75000,5840.00000,5810.25000,5817.00000
2025-05-23T20:00:00+00:00,5817.00000,5817.50000,5807.00000,5814.50000
2025-05-25T22:00:00+00:00,5820.00000,5876.75000,5813.00000,5859.50000
2025-05-25T23:00:00+00:00,5860.00000,5871.50000,5859.25000,5865.50000
2025-05-26T00:00:00+00:00,5865.50000,5873.00000,5861.50000,5865.50000
2025-05-26T01:00:00+00:00,5865.50000,5873.00000,5861.75000,5872.50000
2025-05-26T02:00:00+00:00,5872.75000,5878.00000,5868.50000,5869.25000
2025-05-26T03:00:00+00:00,5869.25000,5877.75000,5869.25000,5875.00000
2025-05-26T04:00:00+00:00,5875.25000,5879.75000,5873.50000,5878.25000
2025-05-26T05:00:00+00:00,5878.50000,5879.00000,5873.00000,5873.75000
2025-05-26T06:00:00+00:00,5873.50000,5886.00000,5870.00000,5883.25000
2025-05-26T07:00:00+00:00,5883.75000,5892.25000,5880.00000,5890.75000
2025-05-26T08:00:00+00:00,5891.00000,5895.00000,5882.00000,5883.25000
2025-05-26T09:00:00+00:00,5883.50000,5887.75000,5882.25000,5884.00000
2025-05-26T10:00:00+00:00,5884.25000,5889.75000,5882.25000,5885.50000
2025-05-26T11:00:00+00:00,5885.25000,5890.75000,5884.50000,5889.50000
2025-05-26T12:00:00+00:00,5889.50000,5892.25000,5884.50000,5884.75000
2025-05-26T13:00:00+00:00,5884.75000,5893.00000,5880.50000,5885.50000
2025-05-26T14:00:00+00:00,5885.75000,5886.50000,5874.50000,5875.75000
2025-05-26T15:00:00+00:00,5875.75000,5888.25000,5871.00000,5887.25000
2025-05-26T16:00:00+00:00,5887.50000,5892.50000,5884.25000,5891.00000
2025-05-26T22:00:00+00:00,5889.00000,5890.50000,5877.75000,5878.75000
2025-05-26T23:00:00+00:00,5879.00000,5881.25000,5875.75000,5879.00000
2025-05-27T00:00:00+00:00,5879.00000,5882.50000,5872.75000,5882.25000
2025-05-27T01:00:00+00:00,5882.00000,5882.00000,5868.75000,5869.00000
2025-05-27T02:00:00+00:00,5868.75000,5870.75000,5866.25000,5870.25000
2025-05-27T03:00:00+00:00,5870.00000,5872.00000,5862.50000,5864.25000
2025-05-27T04:00:00+00:00,5868.25000,5869.75000,5867.50000,5869.00000
2025-05-27T05:00:00+00:00,5869.00000,5877.50000,5866.25000,5875.50000
2025-05-27T06:00:00+00:00,5875.50000,5886.00000,5875.25000,5883.00000
2025-05-27T07:00:00+00:00,5883.25000,5912.50000,5880.75000,5906.50000
2025-05-27T08:00:00+00:00,5906.25000,5908.50000,5897.50000,5900.75000
2025-05-27T09:00:00+00:00,5901.00000,5910.00000,5899.75000,5905.25000
2025-05-27T10:00:00+00:00,5905.25000,5909.50000,5899.75000,5900.00000
2025-05-27T11:00:00+00:00,5899.75000,5904.75000,5894.50000,5900.75000
2025-05-27T12:00:00+00:00,5900.50000,5902.50000,5886.00000,5891.75000
2025-05-27T13:00:00+00:00,5891.75000,5900.25000,5868.25000,5886.25000
2025-05-27T14:00:00+00:00,5886.25000,5911.25000,5885.50000,5905.75000
2025-05-27T15:00:00+00:00,5905.50000,5916.50000,5904.75000,5915.00000
2025-05-27T16:00:00+00:00,5915.00000,5932.25000,5914.25000,5924.75000
2025-05-27T17:00:00+00:00,5924.75000,5936.25000,5924.25000,5935.75000
2025-05-27T18:00:00+00:00,5935.75000,5938.75000,5929.00000,5929.25000
2025-05-27T19:00:00+00:00,5929.25000,5936.25000,5923.75000,5936.00000
2025-05-27T20:00:00+00:00,5936.25000,5941.75000,5932.25000,5940.25000
2025-05-27T22:00:00+00:00,5940.75000,5941.50000,5935.25000,5939.00000
2025-05-27T23:00:00+00:00,5939.00000,5941.75000,5937.25000,5937.50000
2025-05-28T00:00:00+00:00,5937.25000,5937.50000,5934.50000,5935.75000
2025-05-28T01:00:00+00:00,5936.00000,5938.75000,5933.50000,5934.25000
2025-05-28T02:00:00+00:00,5934.00000,5936.25000,5933.00000,5933.50000
2025-05-28T03:00:00+00:00,5933.50000,5936.25000,5929.25000,5930.00000
2025-05-28T04:00:00+00:00,5930.25000,5930.50000,5928.00000,5928.50000
2025-05-28T05:00:00+00:00,5928.50000,5932.50000,5927.00000,5930.00000
2025-05-28T06:00:00+00:00,5930.00000,5932.75000,5925.00000,5926.00000
2025-05-28T07:00:00+00:00,5926.00000,5929.75000,5923.00000,5923.25000
2025-05-28T08:00:00+00:00,5923.25000,5927.50000,5922.00000,5922.75000
2025-05-28T09:00:00+00:00,5922.75000,5925.00000,5918.50000,5925.00000
2025-05-28T10:00:00+00:00,5924.75000,5944.00000,5923.50000,5943.25000
2025-05-28T11:00:00+00:00,5943.25000,5944.00000,5935.00000,5939.00000
2025-05-28T12:00:00+00:00,5939.00000,5945.75000,5937.50000,5938.25000
2025-05-28T13:00:00+00:00,5938.50000,5952.50000,5929.75000,5932.25000
2025-05-28T14:00:00+00:00,5932.50000,5936.00000,5916.25000,5917.75000
2025-05-28T15:00:00+00:00,5917.75000,5925.75000,5913.75000,5914.75000
2025-05-28T16:00:00+00:00,5915.00000,5926.75000,5914.50000,5923.75000
2025-05-28T17:00:00+00:00,5923.75000,5930.50000,5918.50000,5921.50000
2025-05-28T18:00:00+00:00,5921.25000,5929.00000,5903.25000,5922.25000
2025-05-28T19:00:00+00:00,5922.00000,5932.75000,5894.50000,5901.50000
2025-05-28T20:00:00+00:00,5901.50000,5927.00000,5890.00000,5902.75000
2025-05-28T22:00:00+00:00,5923.50000,5946.75000,5916.50000,5945.25000
2025-05-28T23:00:00+00:00,5968.75000,5997.50000,5963.50000,5991.75000
2025-05-29T00:00:00+00:00,5992.00000,6002.75000,5977.00000,6000.25000
2025-05-29T01:00:00+00:00,6000.25000,6000.50000,5984.50000,5998.25000
2025-05-29T02:00:00+00:00,5998.25000,6004.25000,5995.75000,5998.00000
2025-05-29T03:00:00+00:00,5998.00000,6005.75000,5993.50000,5994.50000
2025-05-29T04:00:00+00:00,5996.50000,6000.00000,5993.50000,5999.00000
2025-05-29T05:00:00+00:00,5999.25000,6003.25000,5996.25000,5998.75000
2025-05-29T06:00:00+00:00,5998.50000,5998.75000,5989.25000,5991.00000
2025-05-29T07:00:00+00:00,5991.00000,6005.25000,5985.25000,6005.25000
2025-05-29T08:00:00+00:00,6005.50000,6008.00000,5990.00000,5991.25000
2025-05-29T09:00:00+00:00,5991.25000,5994.50000,5983.75000,5984.25000
2025-05-29T10:00:00+00:00,5984.75000,5985.25000,5964.75000,5970.25000
2025-05-29T11:00:00+00:00,5970.25000,5970.50000,5951.00000,5951.75000
2025-05-29T12:00:00+00:00,5952.00000,5959.50000,5940.50000,5946.75000
2025-05-29T13:00:00+00:00,5946.75000,5957.75000,5926.25000,5936.25000
2025-05-29T14:00:00+00:00,5936.00000,5940.00000,5908.50000,5932.75000
2025-05-29T15:00:00+00:00,5932.75000,5933.75000,5888.50000,5895.00000
2025-05-29T16:00:00+00:00,5895.00000,5925.25000,5884.00000,5921.50000
2025-05-29T17:00:00+00:00,5921.25000,5928.25000,5907.50000,5909.00000
2025-05-29T18:00:00+00:00,5909.25000,5919.00000,5899.50000,5911.50000
2025-05-29T19:00:00+00:00,5911.75000,5930.75000,5906.25000,5923.50000
2025-05-29T20:00:00+00:00,5923.25000,5926.25000,5915.50000,5917.25000
2025-05-29T22:00:00+00:00,5912.25000,5919.50000,5905.75000,5911.25000
2025-05-29T23:00:00+00:00,5911.25000,5915.00000,5904.25000,5904.50000
2025-05-30T00:00:00+00:00,5904.50000,5911.75000,5904.25000,5907.25000
2025-05-30T01:00:00+00:00,5907.50000,5910.00000,5891.00000,5909.50000
2025-05-30T02:00:00+00:00,5909.50000,5912.50000,5907.25000,5911.75000
2025-05-30T03:00:00+00:00,5912.00000,5913.00000,5906.75000,5909.25000
2025-05-30T04:00:00+00:00,5911.00000,5911.75000,5906.50000,5909.75000
2025-05-30T05:00:00+00:00,5910.00000,5923.00000,5909.50000,5917.75000
2025-05-30T06:00:00+00:00,5917.75000,5920.00000,5906.50000,5906.50000
2025-05-30T07:00:00+00:00,5906.75000,5917.00000,5903.00000,5913.25000
2025-05-30T08:00:00+00:00,5913.00000,5919.50000,5910.00000,5911.50000
2025-05-30T09:00:00+00:00,5912.00000,5919.00000,5910.25000,5910.50000
2025-05-30T10:00:00+00:00,5910.50000,5918.00000,5907.75000,5916.00000
2025-05-30T11:00:00+00:00,5916.25000,5922.75000,5913.75000,5914.75000
2025-05-30T12:00:00+00:00,5915.00000,5921.50000,5876.50000,5899.00000
2025-05-30T13:00:00+00:00,5899.00000,5912.75000,5885.00000,5891.75000
2025-05-30T14:00:00+00:00,5891.50000,5920.50000,5890.75000,5908.00000
2025-05-30T15:00:00+00:00,5908.25000,5915.00000,5894.50000,5901.00000
2025-05-30T16:00:00+00:00,5901.25000,5907.75000,5853.25000,5865.00000
2025-05-30T17:00:00+00:00,5865.00000,5888.75000,5860.75000,5879.75000
2025-05-30T18:00:00+00:00,5879.75000,5910.00000,5879.25000,5908.00000
2025-05-30T19:00:00+00:00,5908.25000,5932.75000,5907.00000,5914.75000
2025-05-30T20:00:00+00:00,5915.00000,5924.75000,5905.50000,5913.75000
2025-06-01T22:00:00+00:00,5898.75000,5909.25000,5896.00000,5901.25000
2025-06-01T23:00:00+00:00,5901.50000,5901.75000,5893.25000,5898.75000
2025-06-02T00:00:00+00:00,5899.00000,5906.00000,5896.75000,5899.75000
2025-06-02T01:00:00+00:00,5900.00000,5904.25000,5894.25000,5896.75000
2025-06-02T02:00:00+00:00,5897.00000,5898.75000,5891.00000,5894.75000
2025-06-02T03:00:00+00:00,5894.75000,5894.75000,5886.50000,5888.00000
2025-06-02T04:00:00+00:00,5887.25000,5892.50000,5884.25000,5886.75000
2025-06-02T05:00:00+00:00,5887.00000,5890.25000,5881.50000,5885.00000
2025-06-02T06:00:00+00:00,5884.75000,5888.75000,5877.75000,5882.50000
2025-06-02T07:00:00+00:00,5882.25000,5892.50000,5867.50000,5881.00000
2025-06-02T08:00:00+00:00,5880.75000,5894.75000,5879.50000,5887.50000
2025-06-02T09:00:00+00:00,5887.50000,5888.75000,5876.50000,5882.50000
2025-06-02T10:00:00+00:00,5882.50000,5890.75000,5880.75000,5890.00000
2025-06-02T11:00:00+00:00,5889.75000,5900.00000,5887.00000,5892.00000
2025-06-02T12:00:00+00:00,5892.25000,5901.50000,5889.25000,5899.00000
2025-06-02T13:00:00+00:00,5899.00000,5917.75000,5886.00000,5887.00000
2025-06-02T14:00:00+00:00,5886.75000,5916.00000,5870.50000,5914.00000
2025-06-02T15:00:00+00:00,5914.00000,5921.25000,5901.50000,5918.75000
2025-06-02T16:00:00+00:00,5918.75000,5922.50000,5910.25000,5920.50000
2025-06-02T17:00:00+00:00,5920.50000,5927.00000,5915.50000,5920.25000
2025-06-02T18:00:00+00:00,5920.25000,5940.50000,5916.00000,5939.25000
2025-06-02T19:00:00+00:00,5939.50000,5949.00000,5937.25000,5947.25000
2025-06-02T20:00:00+00:00,5947.25000,5955.50000,5946.75000,5949.25000
2025-06-02T22:00:00+00:00,5949.00000,5949.50000,5941.75000,5942.00000
2025-06-02T23:00:00+00:00,5942.25000,5947.50000,5930.25000,5935.00000
2025-06-03T00:00:00+00:00,5935.25000,5936.50000,5931.50000,5933.50000
2025-06-03T01:00:00+00:00,5933.75000,5935.75000,5931.50000,5932.75000
2025-06-03T02:00:00+00:00,5933.00000,5933.75000,5923.00000,5927.75000
2025-06-03T03:00:00+00:00,5927.25000,5927.25000,5920.75000,5925.25000
2025-06-03T04:00:00+00:00,5924.25000,5925.00000,5920.50000,5923.25000
2025-06-03T05:00:00+00:00,5923.25000,5927.25000,5922.50000,5927.00000
2025-06-03T06:00:00+00:00,5926.75000,5927.75000,5920.75000,5926.50000
2025-06-03T07:00:00+00:00,5926.50000,5928.50000,5911.00000,5918.25000
2025-06-03T08:00:00+00:00,5918.25000,5920.50000,5909.25000,5920.00000
2025-06-03T09:00:00+00:00,5919.75000,5925.00000,5917.25000,5922.25000
2025-06-03T10:00:00+00:00,5922.25000,5930.75000,5918.75000,5930.50000
2025-06-03T11:00:00+00:00,5930.50000,5940.00000,5928.25000,5938.25000
2025-06-03T12:00:00+00:00,5938.25000,5943.75000,5934.75000,5940.25000
2025-06-03T13:00:00+00:00,5940.00000,5952.75000,5938.00000,5944.50000
2025-06-03T14:00:00+00:00,5944.75000,5964.50000,5938.25000,5963.75000
2025-06-03T15:00:00+00:00,5964.00000,5977.50000,5963.75000,5976.75000
2025-06-03T16:00:00+00:00,5977.00000,5987.25000,5972.75000,5985.25000
2025-06-03T17:00:00+00:00,5985.50000,5991.25000,5980.75000,5981.25000
2025-06-03T18:00:00+00:00,5981.50000,5985.00000,5968.25000,5983.50000
2025-06-03T19:00:00+00:00,5983.50000,5985.50000,5972.50000,5981.75000
2025-06-03T20:00:00+00:00,5981.75000,5982.75000,5975.75000,5980.25000
2025-06-03T22:00:00+00:00,5980.00000,5987.25000,5979.25000,5983.75000
2025-06-03T23:00:00+00:00,5983.75000,5986.50000,5980.75000,5983.50000
2025-06-04T00:00:00+00:00,5983.50000,5988.00000,5980.75000,5982.50000
2025-06-04T01:00:00+00:00,5982.50000,5985.00000,5976.50000,5978.75000
2025-06-04T02:00:00+00:00,5979.00000,5979.25000,5975.25000,5975.75000
2025-06-04T03:00:00+00:00,5975.75000,5977.50000,5974.75000,5977.00000
2025-06-04T04:00:00+00:00,5976.25000,5980.00000,5976.00000,5976.00000
2025-06-04T05:00:00+00:00,5976.00000,5980.00000,5975.25000,5979.50000
2025-06-04T06:00:00+00:00,5979.75000,5984.50000,5977.25000,5980.50000
2025-06-04T07:00:00+00:00,5980.75000,5989.50000,5977.50000,5989.00000
2025-06-04T08:00:00+00:00,5989.00000,5996.00000,5988.25000,5988.50000
2025-06-04T09:00:00+00:00,5988.75000,5994.25000,5987.50000,5992.25000
2025-06-04T10:00:00+00:00,5992.25000,5996.75000,5988.50000,5994.25000
2025-06-04T11:00:00+00:00,5994.00000,5995.00000,5988.75000,5992.75000
2025-06-04T12:00:00+00:00,5993.00000,5996.50000,5974.00000,5982.25000
2025-06-04T13:00:00+00:00,5982.25000,5998.75000,5980.50000,5995.00000
2025-06-04T14:00:00+00:00,5994.75000,5997.25000,5974.25000,5994.75000
2025-06-04T15:00:00+00:00,5994.50000,5998.25000,5983.25000,5988.00000
2025-06-04T16:00:00+00:00,5988.00000,5989.00000,5977.00000,5986.75000
2025-06-04T17:00:00+00:00,5986.75000,5996.25000,5986.75000,5995.00000
2025-06-04T18:00:00+00:00,5995.25000,5999.00000,5987.50000,5989.50000
2025-06-04T19:00:00+00:00,5989.50000,5992.00000,5978.00000,5978.25000
2025-06-04T20:00:00+00:00,5978.25000,5980.50000,5975.25000,5976.75000
2025-06-04T22:00:00+00:00,5974.25000,5981.00000,5972.25000,5976.25000
2025-06-04T23:00:00+00:00,5976.25000,5978.00000,5973.00000,5974.00000
2025-06-05T00:00:00+00:00,5974.25000,5981.00000,5973.75000,5976.50000
2025-06-05T01:00:00+00:00,5976.50000,5979.00000,5973.25000,5978.50000
2025-06-05T02:00:00+00:00,5978.50000,5979.00000,5973.00000,5975.00000
2025-06-05T03:00:00+00:00,5975.00000,5977.50000,5974.25000,5976.50000
2025-06-05T04:00:00+00:00,5976.00000,5978.75000,5976.00000,5977.75000
2025-06-05T05:00:00+00:00,5977.75000,5978.00000,5973.00000,5975.25000
2025-06-05T06:00:00+00:00,5975.00000,5976.25000,5972.25000,5974.75000
2025-06-05T07:00:00+00:00,5974.75000,5994.00000,5974.75000,5990.75000
2025-06-05T08:00:00+00:00,5990.75000,5996.50000,5984.00000,5987.00000
2025-06-05T09:00:00+00:00,5987.25000,5988.00000,5982.00000,5984.00000
2025-06-05T10:00:00+00:00,5983.75000,5989.50000,5978.75000,5983.25000
2025-06-05T11:00:00+00:00,5983.00000,5984.75000,5977.25000,5982.00000
2025-06-05T12:00:00+00:00,5982.00000,6016.50000,5971.00000,5991.50000
2025-06-05T13:00:00+00:00,5991.75000,5997.75000,5957.50000,5961.25000
2025-06-05T14:00:00+00:00,5961.50000,5994.75000,5958.00000,5991.50000
2025-06-05T15:00:00+00:00,5991.50000,6009.00000,5989.25000,6006.50000
2025-06-05T16:00:00+00:00,6006.25000,6008.25000,5960.75000,5966.00000
2025-06-05T17:00:00+00:00,5966.00000,5988.00000,5961.25000,5976.50000
2025-06-05T18:00:00+00:00,5976.75000,5979.25000,5948.75000,5971.00000
2025-06-05T19:00:00+00:00,5970.75000,5973.50000,5928.75000,5948.00000
2025-06-05T20:00:00+00:00,5947.75000,5955.50000,5939.00000,5939.75000
2025-06-05T22:00:00+00:00,5931.75000,5948.00000,5930.00000,5947.25000
2025-06-05T23:00:00+00:00,5947.50000,5952.75000,5943.75000,5947.00000
2025-06-06T00:00:00+00:00,5946.75000,5956.50000,5946.75000,5954.00000
2025-06-06T01:00:00+00:00,5954.00000,5959.50000,5951.50000,5956.00000
2025-06-06T02:00:00+00:00,5955.75000,5956.75000,5952.50000,5955.50000
2025-06-06T03:00:00+00:00,5955.25000,5961.75000,5953.75000,5960.00000
2025-06-06T04:00:00+00:00,5959.00000,5967.25000,5958.25000,5967.00000
2025-06-06T05:00:00+00:00,5966.75000,5970.75000,5966.25000,5968.00000
2025-06-06T06:00:00+00:00,5968.25000,5974.75000,5963.50000,5971.75000
2025-06-06T07:00:00+00:00,5971.75000,5974.00000,5967.50000,5970.00000
2025-06-06T08:00:00+00:00,5970.00000,5972.25000,5965.00000,5970.25000
2025-06-06T09:00:00+00:00,5970.50000,5974.25000,5967.75000,5972.75000
2025-06-06T10:00:00+00:00,5973.00000,5974.25000,5966.75000,5967.25000
2025-06-06T11:00:00+00:00,5967.50000,5972.25000,5963.00000,5969.50000
2025-06-06T12:00:00+00:00,5969.50000,5997.50000,5969.00000,5993.50000
2025-06-06T13:00:00+00:00,5993.25000,6024.00000,5990.25000,6015.25000
2025-06-06T14:00:00+00:00,6019.25000,6019.50000,6002.75000,6009.50000
2025-06-06T15:00:00+00:00,6009.50000,6020.25000,5991.00000,6003.25000
2025-06-06T16:00:00+00:00,6003.50000,6010.25000,5984.50000,5992.25000
2025-06-06T17:00:00+00:00,5992.25000,6006.75000,5987.25000,6005.50000
2025-06-06T18:00:00+00:00,6005.75000,6020.75000,6005.50000,6013.50000
2025-06-06T19:00:00+00:00,6013.50000,6017.25000,6005.25000,6006.75000
2025-06-06T20:00:00+00:00,6006.75000,6012.25000,6004.50000,6011.00000
2025-06-08T22:00:00+00:00,6010.00000,6015.75000,5995.00000,5997.75000
2025-06-08T23:00:00+00:00,5997.75000,6005.50000,5995.25000,6003.00000
2025-06-09T00:00:00+00:00,6003.25000,6006.50000,5999.00000,5999.50000
2025-06-09T01:00:00+00:00,5999.75000,6000.00000,5995.25000,5997.75000
2025-06-09T02:00:00+00:00,5997.75000,6000.50000,5992.75000,5996.50000
2025-06-09T03:00:00+00:00,5996.50000,5996.50000,5992.25000,5996.25000
2025-06-09T04:00:00+00:00,5996.25000,5999.25000,5994.50000,5998.50000
2025-06-09T05:00:00+00:00,5998.25000,5998.75000,5994.50000,5998.50000
2025-06-09T06:00:00+00:00,5998.50000,6005.25000,5995.25000,6005.25000
2025-06-09T07:00:00+00:00,6005.00000,6010.75000,6000.25000,6010.75000
2025-06-09T08:00:00+00:00,6010.50000,6015.75000,6005.75000,6014.25000
2025-06-09T09:00:00+00:00,6014.50000,6014.75000,6010.00000,6010.75000
2025-06-09T10:00:00+00:00,6010.25000,6012.00000,6006.50000,6009.00000
2025-06-09T11:00:00+00:00,6008.75000,6019.75000,6008.50000,6016.00000
2025-06-09T12:00:00+00:00,6016.00000,6017.75000,6011.50000,6013.25000
2025-06-09T13:00:00+00:00,6013.50000,6016.50000,6000.00000,6004.50000
2025-06-09T14:00:00+00:00,6004.50000,6019.50000,6003.00000,6010.25000
2025-06-09T15:00:00+00:00,6010.50000,6015.50000,6005.75000,6013.75000
2025-06-09T16:00:00+00:00,6014.00000,6026.50000,6009.00000,6022.00000
2025-06-09T17:00:00+00:00,6022.25000,6027.50000,6016.25000,6024.75000
2025-06-09T18:00:00+00:00,6024.75000,6027.75000,6018.75000,6025.25000
2025-06-09T19:00:00+00:00,6025.00000,6026.75000,6008.50000,6010.25000
2025-06-09T20:00:00+00:00,6010.00000,6012.25000,6007.00000,6012.00000
2025-06-09T22:00:00+00:00,6012.25000,6017.00000,6012.00000,6012.25000
2025-06-09T23:00:00+00:00,6012.50000,6014.75000,6012.25000,6013.50000
2025-06-10T00:00:00+00:00,6013.50000,6021.00000,6009.00000,6019.50000
2025-06-10T01:00:00+00:00,6019.25000,6040.75000,6019.25000,6038.75000
2025-06-10T02:00:00+00:00,6039.00000,6040.75000,6035.25000,6037.75000
2025-06-10T03:00:00+00:00,6037.50000,6038.75000,6034.50000,6035.00000
2025-06-10T04:00:00+00:00,6034.25000,6034.75000,6029.75000,6030.75000
2025-06-10T05:00:00+00:00,6030.75000,6033.50000,5997.00000,6012.75000
2025-06-10T06:00:00+00:00,6012.75000,6015.25000,6007.25000,6008.00000
2025-06-10T07:00:00+00:00,6008.25000,6011.75000,5991.25000,6004.50000
2025-06-10T08:00:00+00:00,6006.00000,6010.25000,5996.75000,6008.25000
2025-06-10T09:00:00+00:00,6008.00000,6014.00000,6006.50000,6011.75000
2025-06-10T10:00:00+00:00,6011.75000,6017.75000,6011.50000,6015.25000
2025-06-10T11:00:00+00:00,6015.50000,6019.25000,6007.50000,6019.00000
2025-06-10T12:00:00+00:00,6019.00000,6022.25000,6016.75000,6019.00000
2025-06-10T13:00:00+00:00,6019.00000,6025.50000,6014.25000,6019.75000
2025-06-10T14:00:00+00:00,6020.00000,6030.75000,6019.25000,6027.75000
2025-06-10T15:00:00+00:00,6024.50000,6028.75000,6005.00000,6027.00000
2025-06-10T16:00:00+00:00,6027.00000,6037.50000,6026.50000,6036.00000
2025-06-10T17:00:00+00:00,6036.00000,6041.25000,6027.00000,6027.50000
2025-06-10T18:00:00+00:00,6027.75000,6044.50000,6015.25000,6038.75000
2025-06-10T19:00:00+00:00,6038.50000,6049.50000,6030.25000,6045.00000
2025-06-10T20:00:00+00:00,6045.00000,6045.75000,6037.50000,6040.50000
2025-06-10T22:00:00+00:00,6038.75000,6048.00000,6038.25000,6045.50000
2025-06-10T23:00:00+00:00,6045.75000,6052.25000,6032.25000,6041.50000
2025-06-11T00:00:00+00:00,6041.50000,6044.00000,6032.00000,6032.50000
2025-06-11T01:00:00+00:00,6032.50000,6035.00000,6024.25000,6029.50000
2025-06-11T02:00:00+00:00,6029.50000,6030.00000,6026.00000,6026.75000
2025-06-11T03:00:00+00:00,6026.75000,6029.50000,6025.25000,6029.00000
2025-06-11T04:00:00+00:00,6028.75000,6032.25000,6025.25000,6025.75000
2025-06-11T05:00:00+00:00,6025.75000,6028.00000,6024.25000,6025.25000
2025-06-11T06:00:00+00:00,6025.25000,6029.50000,6023.75000,6027.25000
2025-06-11T07:00:00+00:00,6027.25000,6034.50000,6024.75000,6033.00000
2025-06-11T08:00:00+00:00,6033.25000,6042.50000,6031.75000,6038.00000
2025-06-11T09:00:00+00:00,6038.00000,6038.75000,6031.50000,6031.75000
2025-06-11T10:00:00+00:00,6032.00000,6037.00000,6030.50000,6035.75000
2025-06-11T11:00:00+00:00,6035.75000,6039.25000,6024.50000,6037.00000
2025-06-11T12:00:00+00:00,6037.25000,6074.75000,6026.50000,6058.75000
2025-06-11T13:00:00+00:00,6059.25000,6061.50000,6035.75000,6050.25000
2025-06-11T14:00:00+00:00,6050.25000,6064.75000,6046.50000,6063.25000
2025-06-11T15:00:00+00:00,6061.50000,6064.25000,6046.00000,6049.75000
2025-06-11T16:00:00+00:00,6050.00000,6052.75000,6033.50000,6048.25000
2025-06-11T17:00:00+00:00,6048.00000,6058.50000,6037.50000,6039.00000
2025-06-11T18:00:00+00:00,6039.00000,6041.75000,6006.25000,6022.25000
2025-06-11T19:00:00+00:00,6022.00000,6030.50000,6011.00000,6028.50000
2025-06-11T20:00:00+00:00,6028.50000,6034.75000,6024.75000,6028.00000
2025-06-11T22:00:00+00:00,6022.25000,6032.00000,6016.00000,6018.75000
2025-06-11T23:00:00+00:00,6018.50000,6024.75000,6014.75000,6018.50000
2025-06-12T00:00:00+00:00,6018.75000,6020.50000,6004.75000,6008.75000
2025-06-12T01:00:00+00:00,6009.00000,6013.25000,5997.00000,6004.50000
2025-06-12T02:00:00+00:00,6004.75000,6006.25000,6001.00000,6003.75000
2025-06-12T03:00:00+00:00,6004.00000,6012.75000,6003.50000,6009.00000
2025-06-12T04:00:00+00:00,6010.50000,6013.75000,6007.25000,6013.00000
2025-06-12T05:00:00+00:00,6013.00000,6016.50000,6007.00000,6013.25000
2025-06-12T06:00:00+00:00,6013.00000,6017.75000,6008.50000,6016.25000
2025-06-12T07:00:00+00:00,6016.50000,6020.50000,5996.00000,5999.25000
2025-06-12T08:00:00+00:00,5999.25000,6005.50000,5987.75000,6004.25000
2025-06-12T09:00:00+00:00,6004.50000,6008.75000,6001.00000,6003.00000
2025-06-12T10:00:00+00:00,6002.75000,6005.00000,5994.00000,6000.50000
2025-06-12T11:00:00+00:00,6000.50000,6002.00000,5991.00000,5991.00000
2025-06-12T12:00:00+00:00,5991.00000,6015.00000,5990.00000,6013.50000
2025-06-12T13:00:00+00:00,6013.75000,6026.25000,6008.50000,6021.25000
2025-06-12T14:00:00+00:00,6021.00000,6045.00000,6019.75000,6040.00000
2025-06-12T15:00:00+00:00,6040.25000,6050.00000,6029.00000,6038.25000
2025-06-12T16:00:00+00:00,6038.00000,6047.75000,6032.50000,6037.75000
2025-06-12T17:00:00+00:00,6038.00000,6049.50000,6037.00000,6044.75000
2025-06-12T18:00:00+00:00,6044.75000,6048.00000,6038.00000,6047.00000
2025-06-12T19:00:00+00:00,6046.75000,6051.00000,6037.25000,6050.75000
2025-06-12T20:00:00+00:00,6050.00000,6050.75000,6042.50000,6042.50000
2025-06-12T22:00:00+00:00,6045.00000,6045.00000,6032.25000,6037.00000
2025-06-12T23:00:00+00:00,6037.00000,6038.25000,6014.25000,6014.50000
2025-06-13T00:00:00+00:00,6014.50000,6015.75000,5950.00000,5959.50000
2025-06-13T01:00:00+00:00,5959.75000,5967.25000,5937.75000,5966.00000
2025-06-13T02:00:00+00:00,5965.75000,5966.00000,5927.75000,5947.25000
2025-06-13T03:00:00+00:00,5947.50000,5963.00000,5943.75000,5961.00000
2025-06-13T04:00:00+00:00,5954.00000,5957.50000,5946.75000,5954.75000
2025-06-13T05:00:00+00:00,5954.50000,5962.00000,5949.75000,5962.00000
2025-06-13T06:00:00+00:00,5962.00000,5970.00000,5955.50000,5968.75000
2025-06-13T07:00:00+00:00,5968.75000,5977.25000,5961.25000,5974.25000
2025-06-13T08:00:00+00:00,5974.00000,5985.75000,5969.75000,5974.75000
2025-06-13T09:00:00+00:00,5974.75000,5985.25000,5968.50000,5979.25000
2025-06-13T10:00:00+00:00,5979.00000,5988.75000,5974.00000,5987.50000
2025-06-13T11:00:00+00:00,5987.75000,5998.00000,5986.00000,5995.50000
2025-06-13T12:00:00+00:00,5995.50000,6001.75000,5989.25000,5991.75000
2025-06-13T13:00:00+00:00,5992.00000,6014.75000,5983.25000,5990.00000
2025-06-13T14:00:00+00:00,5990.75000,6005.25000,5977.25000,6002.25000
2025-06-13T15:00:00+00:00,6002.50000,6028.25000,6000.25000,6023.75000
2025-06-13T16:00:00+00:00,6023.50000,6029.75000,6013.75000,6021.75000
2025-06-13T17:00:00+00:00,6021.50000,6023.00000,6000.50000,6008.75000
2025-06-13T18:00:00+00:00,6009.00000,6013.75000,5967.00000,5982.75000
2025-06-13T19:00:00+00:00,5982.75000,5987.75000,5965.25000,5980.25000
2025-06-13T20:00:00+00:00,5980.25000,5988.00000,5976.50000,5978.25000
2025-06-15T22:00:00+00:00,5949.00000,5986.25000,5944.00000,5978.00000
2025-06-15T23:00:00+00:00,5978.25000,5990.50000,5971.25000,5988.25000
2025-06-16T00:00:00+00:00,5988.00000,5990.50000,5982.75000,5988.50000
2025-06-16T01:00:00+00:00,5989.00000,5990.50000,5984.25000,5988.25000
2025-06-16T02:00:00+00:00,5988.25000,5996.25000,5986.50000,5991.25000
2025-06-16T03:00:00+00:00,5991.25000,5991.75000,5985.50000,5987.50000
2025-06-16T04:00:00+00:00,5987.00000,5989.50000,5985.50000,5986.75000
2025-06-16T05:00:00+00:00,5987.00000,5997.75000,5986.75000,5994.00000
2025-06-16T06:00:00+00:00,5993.75000,6004.25000,5993.00000,6003.00000
2025-06-16T07:00:00+00:00,6003.25000,6015.50000,6002.50000,6013.25000
2025-06-16T08:00:00+00:00,6013.50000,6014.00000,6005.25000,6012.75000
2025-06-16T09:00:00+00:00,6012.50000,6013.75000,6001.25000,6003.75000
2025-06-16T10:00:00+00:00,6003.50000,6012.25000,6002.75000,6012.00000
2025-06-16T11:00:00+00:00,6012.25000,6019.25000,6005.00000,6018.00000
2025-06-16T12:00:00+00:00,6018.00000,6024.25000,6015.75000,6017.75000
2025-06-16T13:00:00+00:00,6017.50000,6044.75000,6013.50000,6041.25000
2025-06-16T14:00:00+00:00,6041.25000,6055.25000,6040.50000,6050.00000
2025-06-16T15:00:00+00:00,6049.75000,6051.75000,6038.50000,6042.00000
2025-06-16T16:00:00+00:00,6042.25000,6047.50000,6035.50000,6038.25000
2025-06-16T17:00:00+00:00,6038.00000,6047.75000,6031.75000,6033.75000
2025-06-16T18:00:00+00:00,6033.75000,6039.50000,6029.00000,6035.75000
2025-06-16T19:00:00+00:00,6035.50000,6038.50000,6027.00000,6038.00000
2025-06-16T20:00:00+00:00,6038.00000,6042.75000,6036.25000,6037.50000
2025-06-16T22:00:00+00:00,6038.50000,6040.50000,6013.25000,6018.25000
2025-06-16T23:00:00+00:00,6018.50000,6026.25000,5999.00000,5999.25000
2025-06-17T00:00:00+00:00,5999.25000,6017.50000,5997.75000,6016.75000
2025-06-17T01:00:00+00:00,6016.75000,6020.00000,6006.75000,6014.00000
2025-06-17T02:00:00+00:00,6014.25000,6023.50000,6000.50000,6022.75000
2025-06-17T03:00:00+00:00,6022.25000,6022.75000,6010.25000,6015.25000
2025-06-17T04:00:00+00:00,6017.50000,6017.75000,6008.75000,6012.00000
2025-06-17T05:00:00+00:00,6012.25000,6017.75000,6008.50000,6014.50000
2025-06-17T06:00:00+00:00,6014.50000,6021.50000,6007.25000,6009.25000
2025-06-17T07:00:00+00:00,6009.50000,6015.25000,5992.25000,6000.25000
2025-06-17T08:00:00+00:00,6000.25000,6012.50000,5996.50000,6007.50000
2025-06-17T09:00:00+00:00,6007.75000,6012.50000,5997.00000,6000.50000
2025-06-17T10:00:00+00:00,6000.25000,6005.50000,5991.25000,6002.75000
2025-06-17T11:00:00+00:00,6002.50000,6013.50000,6000.75000,6012.75000
2025-06-17T12:00:00+00:00,6012.75000,6017.25000,6004.50000,6006.00000
2025-06-17T13:00:00+00:00,6006.25000,6019.00000,6003.00000,6018.00000
2025-06-17T14:00:00+00:00,6018.25000,6026.25000,6012.75000,6014.25000
2025-06-17T15:00:00+00:00,6013.75000,6027.00000,6011.75000,6016.50000
2025-06-17T16:00:00+00:00,6016.75000,6025.50000,6004.25000,6007.50000
2025-06-17T17:00:00+00:00,6007.25000,6011.50000,5984.75000,5989.50000
2025-06-17T18:00:00+00:00,5989.50000,5991.25000,5976.75000,5990.50000
2025-06-17T19:00:00+00:00,5990.50000,5997.75000,5982.00000,5985.00000
2025-06-17T20:00:00+00:00,5984.75000,5991.25000,5980.00000,5984.50000
2025-06-17T22:00:00+00:00,5977.25000,5983.00000,5965.00000,5966.50000
2025-06-17T23:00:00+00:00,5966.50000,5975.50000,5964.75000,5970.75000
2025-06-18T00:00:00+00:00,5971.75000,5991.50000,5971.25000,5989.75000
2025-06-18T01:00:00+00:00,5989.75000,5995.75000,5986.75000,5988.75000
2025-06-18T02:00:00+00:00,5988.75000,5995.00000,5986.75000,5989.25000
2025-06-18T03:00:00+00:00,5989.25000,5990.75000,5987.00000,5987.75000
2025-06-18T04:00:00+00:00,5990.25000,5991.75000,5983.50000,5990.00000
2025-06-18T05:00:00+00:00,5990.00000,5994.50000,5990.00000,5992.50000
2025-06-18T06:00:00+00:00,5992.50000,6003.50000,5990.75000,5996.75000
2025-06-18T07:00:00+00:00,5996.50000,6003.50000,5995.50000,5998.50000
2025-06-18T08:00:00+00:00,5998.75000,6002.50000,5994.75000,6001.50000
2025-06-18T09:00:00+00:00,6001.75000,6008.25000,6000.00000,6001.50000
2025-06-18T10:00:00+00:00,6001.50000,6002.00000,5981.50000,5982.75000
2025-06-18T11:00:00+00:00,5982.75000,6000.50000,5981.50000,5994.75000
2025-06-18T12:00:00+00:00,5995.00000,5997.75000,5987.75000,5988.75000
2025-06-18T13:00:00+00:00,5989.00000,6004.50000,5981.50000,5999.50000
2025-06-18T14:00:00+00:00,5999.50000,6020.75000,5995.50000,6017.25000
2025-06-18T15:00:00+00:00,6017.00000,6017.50000,6004.50000,6005.75000
2025-06-18T16:00:00+00:00,6005.75000,6011.75000,6002.00000,6002.75000
2025-06-18T17:00:00+00:00,6002.50000,6008.25000,5988.50000,6006.75000
2025-06-18T18:00:00+00:00,6007.00000,6018.00000,5975.25000,5981.00000
2025-06-18T19:00:00+00:00,5981.00000,5997.75000,5973.25000,5982.75000
2025-06-18T20:00:00+00:00,5982.75000,5990.25000,5982.00000,5983.25000
2025-06-18T22:00:00+00:00,5984.00000,5984.50000,5974.00000,5978.25000
2025-06-18T23:00:00+00:00,5978.00000,5981.50000,5975.50000,5981.00000
2025-06-19T00:00:00+00:00,5981.50000,5981.75000,5961.25000,5970.75000
2025-06-19T01:00:00+00:00,5970.75000,5971.25000,5947.25000,5961.00000
2025-06-19T02:00:00+00:00,5961.00000,5968.25000,5957.75000,5963.50000
2025-06-19T03:00:00+00:00,5964.00000,5973.50000,5964.00000,5972.50000
2025-06-19T04:00:00+00:00,5972.50000,5976.00000,5970.50000,5975.00000
2025-06-19T05:00:00+00:00,5975.00000,5975.00000,5962.50000,5963.50000
2025-06-19T06:00:00+00:00,5963.00000,5967.75000,5956.25000,5964.00000
2025-06-19T07:00:00+00:00,5964.00000,5967.00000,5944.25000,5947.00000
2025-06-19T08:00:00+00:00,5947.50000,5958.75000,5947.50000,5956.75000
2025-06-19T09:00:00+00:00,5956.50000,5962.25000,5956.00000,5957.50000
2025-06-19T10:00:00+00:00,5957.25000,5963.25000,5952.50000,5961.00000
2025-06-19T11:00:00+00:00,5961.00000,5961.00000,5947.25000,5952.75000
2025-06-19T12:00:00+00:00,5952.75000,5956.50000,5937.50000,5940.75000
2025-06-19T13:00:00+00:00,5940.75000,5947.50000,5918.25000,5926.50000
2025-06-19T14:00:00+00:00,5926.25000,5935.75000,5924.00000,5934.00000
2025-06-19T15:00:00+00:00,5934.00000,5937.75000,5921.50000,5922.50000
2025-06-19T16:00:00+00:00,5922.25000,5935.00000,5922.25000,5926.00000
2025-06-19T22:00:00+00:00,5938.50000,5972.50000,5938.50000,5965.75000
2025-06-19T23:00:00+00:00,5966.25000,5969.00000,5962.00000,5964.00000
2025-06-20T00:00:00+00:00,5965.25000,5975.00000,5963.50000,5965.50000
2025-06-20T01:00:00+00:00,5966.50000,5968.25000,5955.00000,5961.75000
2025-06-20T02:00:00+00:00,5960.50000,5967.00000,5960.00000,5965.00000
2025-06-20T03:00:00+00:00,5965.00000,5971.25000,5963.25000,5968.50000
2025-06-20T04:00:00+00:00,5968.00000,5973.00000,5966.75000,5970.00000
2025-06-20T05:00:00+00:00,5970.00000,5973.75000,5966.00000,5973.25000
2025-06-20T06:00:00+00:00,5973.75000,5978.50000,5966.50000,5970.25000
2025-06-20T07:00:00+00:00,5969.00000,5977.00000,5964.50000,5975.00000
2025-06-20T08:00:00+00:00,5976.00000,5981.25000,5960.00000,5961.00000
2025-06-20T09:00:00+00:00,5962.00000,5973.00000,5961.25000,5972.25000
2025-06-20T10:00:00+00:00,5971.75000,5973.25000,5965.50000,5972.00000
2025-06-20T11:00:00+00:00,5970.25000,5998.25000,5970.25000,5983.50000
2025-06-20T12:00:00+00:00,5983.50000,6002.50000,5983.50000,6000.25000
2025-06-20T13:00:00+00:00,6000.75000,6019.25000,6000.50000,6009.25000
2025-06-20T20:00:00+00:00,6025.00000,6025.00000,6025.00000,6025.00000
2025-06-22T22:00:00+00:00,5964.00000,6007.75000,5959.00000,6001.00000
2025-06-22T23:00:00+00:00,6000.75000,6002.50000,5993.25000,5999.25000
2025-06-23T00:00:00+00:00,5999.25000,5999.75000,5989.00000,5993.50000
2025-06-23T01:00:00+00:00,5993.75000,5998.00000,5990.00000,5996.25000
2025-06-23T02:00:00+00:00,5996.50000,6002.50000,5995.75000,6000.25000
2025-06-23T03:00:00+00:00,5999.75000,6003.50000,5999.25000,6001.00000
2025-06-23T04:00:00+00:00,6002.00000,6003.75000,6000.50000,6001.75000
2025-06-23T05:00:00+00:00,6001.75000,6012.25000,6001.50000,6009.00000
2025-06-23T06:00:00+00:00,6009.00000,6014.50000,6006.25000,6011.25000
2025-06-23T07:00:00+00:00,6011.25000,6030.00000,6011.00000,6028.25000
2025-06-23T08:00:00+00:00,6028.25000,6039.25000,6025.75000,6033.00000
2025-06-23T09:00:00+00:00,6033.00000,6038.00000,6027.00000,6029.25000
2025-06-23T10:00:00+00:00,6029.25000,6038.00000,6020.50000,6021.50000
2025-06-23T11:00:00+00:00,6022.25000,6023.50000,6002.50000,6012.75000
2025-06-23T12:00:00+00:00,6013.00000,6027.75000,6011.25000,6026.75000
2025-06-23T13:00:00+00:00,6026.75000,6041.75000,6010.50000,6041.50000
2025-06-23T14:00:00+00:00,6041.50000,6058.25000,6039.25000,6039.75000
2025-06-23T15:00:00+00:00,6043.00000,6051.75000,6032.50000,6033.50000
2025-06-23T16:00:00+00:00,6033.75000,6036.00000,5993.25000,6010.75000
2025-06-23T17:00:00+00:00,6010.75000,6069.75000,6006.50000,6061.50000
2025-06-23T18:00:00+00:00,6061.50000,6067.50000,6055.75000,6061.25000
2025-06-23T19:00:00+00:00,6061.00000,6081.50000,6060.25000,6076.75000
2025-06-23T20:00:00+00:00,6076.75000,6079.00000,6072.25000,6077.50000
2025-06-23T22:00:00+00:00,6078.00000,6105.50000,6075.25000,6101.50000
2025-06-23T23:00:00+00:00,6101.50000,6113.00000,6100.75000,6108.50000
2025-06-24T00:00:00+00:00,6109.00000,6111.25000,6099.25000,6107.00000
2025-06-24T01:00:00+00:00,6106.75000,6116.50000,6103.25000,6115.00000
2025-06-24T02:00:00+00:00,6114.75000,6115.25000,6104.00000,6107.50000
2025-06-24T03:00:00+00:00,6107.25000,6112.75000,6106.75000,6112.25000
2025-06-24T04:00:00+00:00,6111.75000,6112.50000,6106.00000,6111.50000
2025-06-24T05:00:00+00:00,6111.50000,6124.50000,6111.25000,6122.50000
2025-06-24T06:00:00+00:00,6122.50000,6139.50000,6122.50000,6137.50000
2025-06-24T07:00:00+00:00,6138.00000,6143.75000,6114.50000,6125.75000
2025-06-24T08:00:00+00:00,6126.00000,6131.50000,6120.00000,6125.50000
2025-06-24T09:00:00+00:00,6125.50000,6136.00000,6125.00000,6127.75000
2025-06-24T10:00:00+00:00,6127.50000,6130.00000,6120.75000,6123.25000
2025-06-24T11:00:00+00:00,6123.00000,6128.25000,6115.50000,6124.75000
2025-06-24T12:00:00+00:00,6124.75000,6127.00000,6113.25000,6119.25000
2025-06-24T13:00:00+00:00,6119.25000,6130.25000,6113.50000,6116.50000
2025-06-24T14:00:00+00:00,6116.50000,6129.75000,6109.00000,6125.25000
2025-06-24T15:00:00+00:00,6127.75000,6138.25000,6125.75000,6134.25000
2025-06-24T16:00:00+00:00,6134.25000,6148.75000,6133.00000,6143.25000
2025-06-24T17:00:00+00:00,6143.25000,6150.50000,6139.75000,6148.50000
2025-06-24T18:00:00+00:00,6148.75000,6151.50000,6145.25000,6149.75000
2025-06-24T19:00:00+00:00,6149.75000,6155.25000,6144.00000,6144.00000
2025-06-24T20:00:00+00:00,6144.00000,6146.25000,6142.25000,6143.50000
2025-06-24T22:00:00+00:00,6144.75000,6144.75000,6138.25000,6141.00000
2025-06-24T23:00:00+00:00,6141.00000,6147.50000,6138.25000,6146.00000
2025-06-25T00:00:00+00:00,6146.25000,6148.75000,6144.00000,6147.75000
2025-06-25T01:00:00+00:00,6147.50000,6147.50000,6140.50000,6142.00000
2025-06-25T02:00:00+00:00,6142.00000,6143.25000,6140.50000,6142.25000
2025-06-25T03:00:00+00:00,6142.50000,6146.50000,6142.50000,6143.50000
2025-06-25T04:00:00+00:00,6145.00000,6148.00000,6145.00000,6148.00000
2025-06-25T05:00:00+00:00,6147.75000,6149.75000,6146.50000,6148.50000
2025-06-25T06:00:00+00:00,6148.25000,6149.75000,6145.50000,6145.50000
2025-06-25T07:00:00+00:00,6145.50000,6149.00000,6143.00000,6146.50000
2025-06-25T08:00:00+00:00,6146.50000,6148.50000,6141.25000,6148.00000
2025-06-25T09:00:00+00:00,6148.25000,6151.75000,6144.25000,6144.50000
2025-06-25T10:00:00+00:00,6144.75000,6149.50000,6141.75000,6147.50000
2025-06-25T11:00:00+00:00,6147.50000,6156.75000,6145.50000,6156.00000
2025-06-25T12:00:00+00:00,6155.75000,6157.25000,6152.50000,6157.00000
2025-06-25T13:00:00+00:00,6156.75000,6160.25000,6149.75000,6157.00000
2025-06-25T14:00:00+00:00,6157.25000,6159.50000,6148.25000,6153.75000
2025-06-25T15:00:00+00:00,6152.75000,6153.00000,6140.00000,6144.75000
2025-06-25T16:00:00+00:00,6144.50000,6148.50000,6140.00000,6143.00000
2025-06-25T17:00:00+00:00,6143.00000,6147.25000,6130.75000,6138.50000
2025-06-25T18:00:00+00:00,6138.50000,6141.50000,6136.25000,6140.00000
2025-06-25T19:00:00+00:00,6140.25000,6149.75000,6139.50000,6147.50000
2025-06-25T20:00:00+00:00,6147.50000,6148.00000,6143.50000,6146.00000
2025-06-25T22:00:00+00:00,6144.75000,6150.50000,6142.75000,6146.50000
2025-06-25T23:00:00+00:00,6146.75000,6147.75000,6141.25000,6146.50000
2025-06-26T00:00:00+00:00,6146.75000,6149.75000,6144.50000,6148.75000
2025-06-26T01:00:00+00:00,6148.75000,6149.00000,6144.75000,6146.25000
2025-06-26T02:00:00+00:00,6146.50000,6150.75000,6146.00000,6149.00000
2025-06-26T03:00:00+00:00,6149.25000,6155.00000,6149.25000,6152.50000
2025-06-26T04:00:00+00:00,6152.50000,6155.50000,6150.75000,6154.75000
2025-06-26T05:00:00+00:00,6154.75000,6156.75000,6152.75000,6156.25000
2025-06-26T06:00:00+00:00,6156.25000,6163.25000,6156.00000,6160.50000
2025-06-26T07:00:00+00:00,6160.75000,6167.25000,6159.25000,6160.25000
2025-06-26T08:00:00+00:00,6160.25000,6170.50000,6159.75000,6166.25000
2025-06-26T09:00:00+00:00,6166.25000,6167.00000,6161.25000,6163.00000
2025-06-26T10:00:00+00:00,6163.00000,6170.75000,6161.50000,6164.50000
2025-06-26T11:00:00+00:00,6164.50000,6170.25000,6164.00000,6169.50000
2025-06-26T12:00:00+00:00,6169.75000,6171.00000,6157.75000,6166.50000
2025-06-26T13:00:00+00:00,6166.25000,6169.75000,6159.25000,6167.00000
2025-06-26T14:00:00+00:00,6167.00000,6182.00000,6166.50000,6180.00000
2025-06-26T15:00:00+00:00,6179.75000,6185.00000,6174.25000,6181.50000
2025-06-26T16:00:00+00:00,6181.50000,6187.50000,6180.75000,6184.75000
2025-06-26T17:00:00+00:00,6184.75000,6192.50000,6182.50000,6189.25000
2025-06-26T18:00:00+00:00,6189.00000,6198.00000,6187.25000,6190.75000
2025-06-26T19:00:00+00:00,6191.00000,6200.00000,6188.50000,6196.25000
2025-06-26T20:00:00+00:00,6196.25000,6196.75000,6189.25000,6195.75000
2025-06-26T22:00:00+00:00,6197.50000,6205.25000,6195.25000,6201.00000
2025-06-26T23:00:00+00:00,6201.00000,6202.50000,6195.25000,6196.50000
2025-06-27T00:00:00+00:00,6196.50000,6199.75000,6194.75000,6195.75000
2025-06-27T01:00:00+00:00,6195.50000,6200.25000,6194.00000,6198.25000
2025-06-27T02:00:00+00:00,6198.00000,6202.00000,6197.00000,6202.00000
2025-06-27T03:00:00+00:00,6202.00000,6204.25000,6201.25000,6201.50000
2025-06-27T04:00:00+00:00,6201.50000,6202.25000,6200.00000,6200.00000
2025-06-27T05:00:00+00:00,6200.00000,6206.00000,6199.75000,6204.25000
2025-06-27T06:00:00+00:00,6204.25000,6214.00000,6203.50000,6211.00000
2025-06-27T07:00:00+00:00,6210.75000,6215.00000,6208.50000,6210.00000
2025-06-27T08:00:00+00:00,6210.25000,6212.50000,6208.00000,6212.00000
2025-06-27T09:00:00+00:00,6212.00000,6212.50000,6207.25000,6210.50000
2025-06-27T10:00:00+00:00,6210.50000,6211.00000,6207.25000,6209.75000
2025-06-27T11:00:00+00:00,6209.50000,6218.75000,6209.25000,6218.25000
2025-06-27T12:00:00+00:00,6218.50000,6220.75000,6208.50000,6209.50000
2025-06-27T13:00:00+00:00,6209.25000,6221.50000,6202.00000,6218.25000
2025-06-27T14:00:00+00:00,6218.50000,6230.75000,6218.50000,6222.75000
2025-06-27T15:00:00+00:00,6222.75000,6236.00000,6220.75000,6234.00000
2025-06-27T16:00:00+00:00,6234.00000,6239.00000,6231.25000,6234.75000
2025-06-27T17:00:00+00:00,6234.50000,6234.75000,6207.25000,6216.50000
2025-06-27T18:00:00+00:00,6216.50000,6218.75000,6183.25000,6187.25000
2025-06-27T19:00:00+00:00,6187.25000,6226.75000,6185.25000,6223.25000
2025-06-27T20:00:00+00:00,6223.50000,6223.50000,6216.75000,6220.75000
2025-06-29T22:00:00+00:00,6223.25000,6243.25000,6223.25000,6239.25000
2025-06-29T23:00:00+00:00,6239.00000,6245.00000,6237.25000,6238.00000
2025-06-30T00:00:00+00:00,6238.00000,6242.00000,6235.75000,6240.25000
2025-06-30T01:00:00+00:00,6240.00000,6241.00000,6236.50000,6238.50000
2025-06-30T02:00:00+00:00,6238.75000,6248.75000,6238.00000,6246.25000
2025-06-30T03:00:00+00:00,6246.00000,6249.25000,6244.75000,6247.75000
2025-06-30T04:00:00+00:00,6247.75000,6250.00000,6247.25000,6247.75000
2025-06-30T05:00:00+00:00,6247.50000,6251.75000,6246.50000,6250.50000
2025-06-30T06:00:00+00:00,6251.00000,6255.00000,6249.00000,6250.75000
2025-06-30T07:00:00+00:00,6250.75000,6250.75000,6243.75000,6246.50000
2025-06-30T08:00:00+00:00,6246.50000,6251.00000,6244.50000,6246.75000
2025-06-30T09:00:00+00:00,6246.75000,6253.25000,6245.25000,6247.00000
2025-06-30T10:00:00+00:00,6247.00000,6252.00000,6246.50000,6250.25000
2025-06-30T11:00:00+00:00,6250.25000,6253.50000,6248.75000,6250.00000
2025-06-30T12:00:00+00:00,6250.25000,6250.75000,6242.00000,6245.25000
2025-06-30T13:00:00+00:00,6245.25000,6250.50000,6234.75000,6238.50000
2025-06-30T14:00:00+00:00,6238.75000,6242.75000,6231.25000,6234.75000
2025-06-30T15:00:00+00:00,6234.75000,6244.00000,6231.75000,6239.25000
2025-06-30T16:00:00+00:00,6239.25000,6245.75000,6235.50000,6241.00000
2025-06-30T17:00:00+00:00,6240.75000,6242.75000,6224.25000,6232.50000
2025-06-30T18:00:00+00:00,6232.50000,6243.50000,6227.00000,6243.50000
2025-06-30T19:00:00+00:00,6243.50000,6265.50000,6243.00000,6251.50000
2025-06-30T20:00:00+00:00,6251.50000,6254.50000,6244.00000,6245.25000
2025-06-30T22:00:00+00:00,6245.75000,6250.00000,6243.25000,6244.25000
2025-06-30T23:00:00+00:00,6244.00000,6251.00000,6242.25000,6250.00000
2025-07-01T00:00:00+00:00,6250.25000,6256.50000,6250.25000,6255.50000
2025-07-01T01:00:00+00:00,6255.50000,6257.75000,6252.50000,6257.25000
2025-07-01T02:00:00+00:00,6257.00000,6257.25000,6248.25000,6248.75000
2025-07-01T03:00:00+00:00,6248.75000,6250.50000,6246.75000,6247.25000
2025-07-01T04:00:00+00:00,6248.50000,6248.50000,6243.50000,6244.25000
2025-07-01T05:00:00+00:00,6244.25000,6246.25000,6241.50000,6243.50000
2025-07-01T06:00:00+00:00,6243.25000,6244.50000,6240.25000,6243.50000
2025-07-01T07:00:00+00:00,6243.50000,6250.50000,6238.00000,6243.75000
2025-07-01T08:00:00+00:00,6243.75000,6247.00000,6238.50000,6244.00000
2025-07-01T09:00:00+00:00,6243.75000,6244.50000,6236.25000,6241.00000
2025-07-01T10:00:00+00:00,6241.25000,6243.25000,6238.50000,6241.50000
2025-07-01T11:00:00+00:00,6241.50000,6243.50000,6237.25000,6240.75000
2025-07-01T12:00:00+00:00,6240.75000,6241.75000,6227.25000,6234.25000
2025-07-01T13:00:00+00:00,6234.25000,6249.50000,6231.75000,6244.00000
2025-07-01T14:00:00+00:00,6243.50000,6253.00000,6233.25000,6237.50000
2025-07-01T15:00:00+00:00,6237.25000,6247.75000,6227.50000,6242.00000
2025-07-01T16:00:00+00:00,6242.00000,6254.25000,6239.75000,6243.50000
2025-07-01T17:00:00+00:00,6243.50000,6261.50000,6242.50000,6258.75000
2025-07-01T18:00:00+00:00,6259.00000,6260.25000,6252.25000,6253.00000
2025-07-01T19:00:00+00:00,6252.75000,6260.75000,6240.00000,6249.00000
2025-07-01T20:00:00+00:00,6249.00000,6250.00000,6244.00000,6248.25000
2025-07-01T22:00:00+00:00,6247.75000,6254.00000,6245.00000,6253.75000
2025-07-01T23:00:00+00:00,6254.00000,6255.00000,6250.50000,6252.00000
2025-07-02T00:00:00+00:00,6252.00000,6255.00000,6251.50000,6253.25000
2025-07-02T01:00:00+00:00,6253.25000,6253.75000,6247.50000,6247.75000
2025-07-02T02:00:00+00:00,6247.75000,6259.00000,6245.00000,6258.75000
2025-07-02T03:00:00+00:00,6259.00000,6260.75000,6258.00000,6259.00000
2025-07-02T04:00:00+00:00,6260.00000,6267.75000,6259.75000,6265.50000
2025-07-02T05:00:00+00:00,6265.25000,6265.25000,6260.25000,6264.50000
2025-07-02T06:00:00+00:00,6264.50000,6270.75000,6263.50000,6269.75000
2025-07-02T07:00:00+00:00,6269.50000,6270.25000,6255.50000,6257.25000
2025-07-02T08:00:00+00:00,6257.50000,6260.25000,6252.25000,6255.00000
2025-07-02T09:00:00+00:00,6254.75000,6257.25000,6253.00000,6257.00000
2025-07-02T10:00:00+00:00,6257.00000,6257.25000,6252.00000,6255.00000
2025-07-02T11:00:00+00:00,6254.75000,6258.50000,6245.75000,6249.50000
2025-07-02T12:00:00+00:00,6249.75000,6253.50000,6235.50000,6240.00000
2025-07-02T13:00:00+00:00,6240.00000,6248.50000,6237.25000,6245.00000
2025-07-02T14:00:00+00:00,6245.00000,6264.00000,6244.75000,6259.50000
2025-07-02T15:00:00+00:00,6259.75000,6266.75000,6257.50000,6264.75000
2025-07-02T16:00:00+00:00,6264.75000,6268.25000,6260.50000,6268.00000
2025-07-02T17:00:00+00:00,6268.00000,6269.25000,6263.00000,6266.00000
2025-07-02T18:00:00+00:00,6266.25000,6271.50000,6264.00000,6270.50000
2025-07-02T19:00:00+00:00,6270.50000,6276.50000,6268.00000,6275.25000
2025-07-02T20:00:00+00:00,6275.25000,6279.50000,6271.00000,6277.00000
2025-07-02T22:00:00+00:00,6276.50000,6278.75000,6273.00000,6276.75000
2025-07-02T23:00:00+00:00,6276.75000,6278.25000,6276.00000,6277.50000
2025-07-03T00:00:00+00:00,6277.50000,6279.75000,6275.50000,6277.25000
2025-07-03T01:00:00+00:00,6277.25000,6279.75000,6274.75000,6276.50000
2025-07-03T02:00:00+00:00,6276.50000,6276.50000,6270.50000,6275.00000
2025-07-03T03:00:00+00:00,6275.00000,6284.00000,6274.75000,6279.25000
2025-07-03T13:30:00+00:00,6285.25000,6315.25000,6285.00000,6310.00000
2025-07-03T14:30:00+00:00,6310.25000,6324.50000,6310.00000,6323.25000
2025-07-03T15:30:00+00:00,6323.25000,6331.25000,6322.00000,6329.25000
2025-07-03T16:30:00+00:00,6329.50000,6333.25000,6318.75000,6323.00000
2025-07-04T04:00:00+00:00,6308.50000,6309.50000,6304.25000,6306.50000
2025-07-04T05:00:00+00:00,6306.75000,6308.75000,6303.50000,6308.25000
2025-07-04T06:00:00+00:00,6308.50000,6308.75000,6302.25000,6302.50000
2025-07-04T07:00:00+00:00,6302.50000,6305.25000,6290.00000,6290.75000
2025-07-04T08:00:00+00:00,6290.50000,6295.50000,6285.50000,6286.50000
2025-07-04T09:00:00+00:00,6286.25000,6290.50000,6284.25000,6289.25000
2025-07-04T10:00:00+00:00,6289.25000,6291.00000,6276.50000,6281.50000
2025-07-04T11:00:00+00:00,6281.25000,6288.00000,6280.00000,6285.25000
2025-07-04T12:00:00+00:00,6285.25000,6287.50000,6282.25000,6284.75000
2025-07-04T13:00:00+00:00,6285.00000,6288.50000,6279.25000,6287.50000
2025-07-04T14:00:00+00:00,6287.25000,6292.75000,6284.50000,6290.25000
2025-07-04T15:00:00+00:00,6290.25000,6292.00000,6285.00000,6289.50000
2025-07-04T16:00:00+00:00,6289.50000,6290.00000,6282.50000,6283.50000
2025-07-06T22:00:00+00:00,6307.75000,6313.00000,6295.50000,6300.75000
2025-07-06T23:00:00+00:00,6300.75000,6306.00000,6298.50000,6301.25000
2025-07-07T00:00:00+00:00,6301.25000,6306.00000,6299.25000,6301.50000
2025-07-07T01:00:00+00:00,6301.50000,6301.75000,6291.00000,6297.25000
2025-07-07T02:00:00+00:00,6297.50000,6301.75000,6296.50000,6298.25000
2025-07-07T03:00:00+00:00,6298.25000,6302.25000,6294.00000,6301.50000
2025-07-07T04:00:00+00:00,6301.75000,6306.00000,6296.50000,6297.50000
2025-07-07T05:00:00+00:00,6297.25000,6298.50000,6294.50000,6297.00000
2025-07-07T06:00:00+00:00,6297.00000,6297.25000,6290.75000,6294.50000
2025-07-07T07:00:00+00:00,6294.75000,6297.75000,6292.00000,6297.50000
2025-07-07T08:00:00+00:00,6297.75000,6298.25000,6292.25000,6294.00000
2025-07-07T09:00:00+00:00,6294.00000,6307.25000,6292.75000,6306.50000
2025-07-07T10:00:00+00:00,6306.50000,6311.25000,6304.75000,6305.00000
2025-07-07T11:00:00+00:00,6305.25000,6311.25000,6304.50000,6310.75000
2025-07-07T12:00:00+00:00,6310.50000,6315.00000,6301.00000,6302.75000
2025-07-07T13:00:00+00:00,6302.75000,6309.75000,6297.25000,6305.25000
2025-07-07T14:00:00+00:00,6305.00000,6306.50000,6287.75000,6290.00000
2025-07-07T15:00:00+00:00,6289.75000,6292.50000,6279.75000,6285.75000
2025-07-07T16:00:00+00:00,6285.50000,6291.25000,6260.25000,6266.00000
2025-07-07T17:00:00+00:00,6266.00000,6282.50000,6263.50000,6268.25000
2025-07-07T18:00:00+00:00,6268.25000,6271.75000,6246.25000,6269.75000
2025-07-07T19:00:00+00:00,6269.50000,6278.00000,6261.50000,6275.50000
2025-07-07T20:00:00+00:00,6275.50000,6276.00000,6258.50000,6263.25000
2025-07-07T22:00:00+00:00,6262.50000,6266.25000,6254.50000,6262.25000
2025-07-07T23:00:00+00:00,6262.25000,6269.25000,6261.25000,6268.25000
2025-07-08T00:00:00+00:00,6268.25000,6275.75000,6263.50000,6273.75000
2025-07-08T01:00:00+00:00,6273.50000,6277.50000,6270.25000,6272.00000
2025-07-08T02:00:00+00:00,6272.00000,6280.00000,6271.25000,6279.50000
2025-07-08T03:00:00+00:00,6279.50000,6279.75000,6275.00000,6276.25000
2025-07-08T04:00:00+00:00,6278.00000,6279.75000,6275.75000,6276.25000
2025-07-08T05:00:00+00:00,6276.25000,6281.75000,6275.25000,6281.50000
2025-07-08T06:00:00+00:00,6281.50000,6284.25000,6278.00000,6283.25000
2025-07-08T07:00:00+00:00,6283.00000,6289.00000,6277.50000,6287.00000
2025-07-08T08:00:00+00:00,6287.00000,6287.25000,6279.75000,6283.00000
2025-07-08T09:00:00+00:00,6283.00000,6285.00000,6276.75000,6278.00000
2025-07-08T10:00:00+00:00,6278.25000,6286.00000,6273.75000,6283.25000
2025-07-08T11:00:00+00:00,6283.00000,6286.75000,6281.00000,6282.25000
2025-07-08T12:00:00+00:00,6282.25000,6284.00000,6277.00000,6282.25000
2025-07-08T13:00:00+00:00,6282.25000,6284.50000,6272.75000,6274.00000
2025-07-08T14:00:00+00:00,6274.00000,6282.50000,6262.50000,6271.75000
2025-07-08T15:00:00+00:00,6271.75000,6279.75000,6264.50000,6278.00000
2025-07-08T16:00:00+00:00,6278.00000,6288.75000,6271.50000,6275.25000
2025-07-08T17:00:00+00:00,6275.25000,6280.75000,6265.75000,6279.25000
2025-07-08T18:00:00+00:00,6279.00000,6280.75000,6270.50000,6272.75000
2025-07-08T19:00:00+00:00,6272.75000,6276.25000,6267.50000,6270.50000
2025-07-08T20:00:00+00:00,6270.50000,6274.25000,6269.25000,6271.75000
2025-07-08T22:00:00+00:00,6272.00000,6276.00000,6270.75000,6273.25000
2025-07-08T23:00:00+00:00,6273.25000,6276.75000,6268.75000,6270.50000
2025-07-09T00:00:00+00:00,6270.25000,6270.25000,6262.25000,6265.00000
2025-07-09T01:00:00+00:00,6264.75000,6269.25000,6260.00000,6268.75000
2025-07-09T02:00:00+00:00,6268.50000,6270.75000,6266.50000,6266.75000
2025-07-09T03:00:00+00:00,6267.25000,6268.25000,6264.25000,6265.25000
2025-07-09T04:00:00+00:00,6264.50000,6270.25000,6264.25000,6268.25000
2025-07-09T05:00:00+00:00,6268.25000,6269.00000,6263.50000,6265.75000
2025-07-09T06:00:00+00:00,6265.75000,6271.75000,6260.50000,6270.75000
2025-07-09T07:00:00+00:00,6271.00000,6274.25000,6266.25000,6271.75000
2025-07-09T08:00:00+00:00,6271.75000,6274.25000,6269.50000,6271.75000
2025-07-09T09:00:00+00:00,6272.00000,6283.75000,6272.00000,6280.25000
2025-07-09T10:00:00+00:00,6280.50000,6282.25000,6277.00000,6280.50000
2025-07-09T11:00:00+00:00,6280.75000,6286.75000,6279.25000,6284.25000
2025-07-09T12:00:00+00:00,6284.25000,6290.25000,6282.50000,6287.00000
2025-07-09T13:00:00+00:00,6286.75000,6315.25000,6285.00000,6310.25000
2025-07-09T14:00:00+00:00,6310.00000,6313.00000,6277.50000,6281.25000
2025-07-09T15:00:00+00:00,6281.25000,6292.75000,6276.00000,6286.50000
2025-07-09T16:00:00+00:00,6286.25000,6291.25000,6282.50000,6287.50000
2025-07-09T17:00:00+00:00,6287.25000,6295.25000,6283.00000,6291.75000
2025-07-09T18:00:00+00:00,6291.50000,6303.25000,6291.00000,6301.50000
2025-07-09T19:00:00+00:00,6301.50000,6309.50000,6298.25000,6307.00000
2025-07-09T20:00:00+00:00,6307.00000,6310.00000,6302.75000,6306.25000
2025-07-09T22:00:00+00:00,6306.00000,6312.25000,6303.50000,6309.75000
2025-07-09T23:00:00+00:00,6309.50000,6310.00000,6302.75000,6303.50000
2025-07-10T00:00:00+00:00,6303.25000,6303.50000,6296.00000,6296.50000
2025-07-10T01:00:00+00:00,6296.75000,6298.00000,6292.25000,6292.75000
2025-07-10T02:00:00+00:00,6292.75000,6299.50000,6292.50000,6298.25000
2025-07-10T03:00:00+00:00,6298.00000,6298.00000,6291.50000,6292.75000
2025-07-10T04:00:00+00:00,6292.25000,6293.00000,6290.50000,6292.00000
2025-07-10T05:00:00+00:00,6292.00000,6294.00000,6290.00000,6293.25000
2025-07-10T06:00:00+00:00,6293.00000,6294.25000,6288.25000,6290.50000
2025-07-10T07:00:00+00:00,6290.50000,6295.50000,6287.50000,6294.25000
2025-07-10T08:00:00+00:00,6294.00000,6301.50000,6293.00000,6300.50000
2025-07-10T09:00:00+00:00,6300.50000,6301.50000,6294.50000,6298.00000
2025-07-10T10:00:00+00:00,6298.00000,6304.00000,6297.00000,6302.00000
2025-07-10T11:00:00+00:00,6302.00000,6311.25000,6300.75000,6309.00000
2025-07-10T12:00:00+00:00,6309.00000,6309.25000,6300.00000,6302.50000
2025-07-10T13:00:00+00:00,6302.25000,6310.00000,6297.00000,6300.00000
2025-07-10T14:00:00+00:00,6300.00000,6317.25000,6296.00000,6314.75000
2025-07-10T15:00:00+00:00,6314.75000,6324.50000,6314.50000,6323.50000
2025-07-10T16:00:00+00:00,6323.50000,6324.25000,6316.50000,6322.00000
2025-07-10T17:00:00+00:00,6322.00000,6334.50000,6321.75000,6332.50000
2025-07-10T18:00:00+00:00,6332.50000,6335.50000,6327.50000,6329.25000
2025-07-10T19:00:00+00:00,6329.25000,6333.25000,6318.25000,6324.50000
2025-07-10T20:00:00+00:00,6324.50000,6325.25000,6319.25000,6321.50000
2025-07-10T22:00:00+00:00,6323.00000,6328.50000,6320.50000,6328.25000
2025-07-10T23:00:00+00:00,6328.25000,6330.25000,6326.75000,6329.75000
2025-07-11T00:00:00+00:00,6329.75000,6329.75000,6283.00000,6292.25000
2025-07-11T01:00:00+00:00,6292.50000,6302.25000,6287.75000,6299.25000
2025-07-11T02:00:00+00:00,6299.00000,6303.75000,6298.00000,6303.50000
2025-07-11T03:00:00+00:00,6303.25000,6309.25000,6302.75000,6308.75000
2025-07-11T04:00:00+00:00,6307.50000,6311.50000,6307.25000,6309.25000
2025-07-11T05:00:00+00:00,6309.25000,6310.50000,6301.75000,6302.00000
2025-07-11T06:00:00+00:00,6302.25000,6309.25000,6302.25000,6306.25000
2025-07-11T07:00:00+00:00,6306.00000,6308.75000,6290.00000,6290.75000
2025-07-11T08:00:00+00:00,6290.75000,6294.00000,6284.75000,6291.00000
2025-07-11T09:00:00+00:00,6291.00000,6293.25000,6279.25000,6280.50000
2025-07-11T10:00:00+00:00,6280.25000,6286.25000,6276.75000,6280.00000
2025-07-11T11:00:00+00:00,6280.00000,6295.00000,6279.25000,6290.50000
2025-07-11T12:00:00+00:00,6290.50000,6293.25000,6284.50000,6289.50000
2025-07-11T13:00:00+00:00,6289.25000,6298.75000,6278.50000,6295.75000
2025-07-11T14:00:00+00:00,6296.00000,6307.50000,6293.25000,6302.25000
2025-07-11T15:00:00+00:00,6302.00000,6310.25000,6290.50000,6301.25000
2025-07-11T16:00:00+00:00,6301.50000,6308.25000,6294.75000,6307.50000
2025-07-11T17:00:00+00:00,6307.25000,6310.00000,6301.50000,6309.00000
2025-07-11T18:00:00+00:00,6309.00000,6312.75000,6304.75000,6307.75000
2025-07-11T19:00:00+00:00,6307.50000,6311.25000,6295.00000,6299.25000
2025-07-11T20:00:00+00:00,6299.25000,6300.00000,6293.25000,6294.00000
2025-07-14T04:00:00+00:00,6272.50000,6274.00000,6270.75000,6270.75000
2025-07-14T05:00:00+00:00,6271.00000,6273.75000,6263.75000,6264.75000
2025-07-14T06:00:00+00:00,6264.50000,6268.50000,6261.00000,6266.25000
2025-07-14T07:00:00+00:00,6266.50000,6277.75000,6259.75000,6277.00000
2025-07-14T08:00:00+00:00,6276.75000,6281.75000,6273.00000,6279.00000
2025-07-14T09:00:00+00:00,6279.25000,6283.75000,6277.25000,6283.25000
2025-07-14T10:00:00+00:00,6283.50000,6284.00000,6278.50000,6280.00000
2025-07-14T11:00:00+00:00,6279.75000,6285.75000,6276.75000,6281.50000
2025-07-14T12:00:00+00:00,6281.50000,6285.75000,6279.75000,6282.50000
2025-07-14T13:00:00+00:00,6282.50000,6297.25000,6279.75000,6289.00000
2025-07-14T14:00:00+00:00,6289.25000,6299.75000,6284.75000,6297.50000
2025-07-14T15:00:00+00:00,6297.25000,6307.00000,6295.25000,6302.00000
2025-07-14T16:00:00+00:00,6302.25000,6307.75000,6298.75000,6305.50000
2025-07-14T17:00:00+00:00,6305.50000,6313.25000,6305.50000,6310.00000
2025-07-14T18:00:00+00:00,6310.00000,6315.00000,6309.00000,6312.75000
2025-07-14T19:00:00+00:00,6313.00000,6314.50000,6306.25000,6310.75000
2025-07-14T20:00:00+00:00,6310.75000,6312.00000,6307.00000,6309.50000
2025-07-14T22:00:00+00:00,6309.50000,6309.75000,6301.50000,6301.75000
2025-07-14T23:00:00+00:00,6301.75000,6305.25000,6300.75000,6304.00000
2025-07-15T00:00:00+00:00,6304.00000,6306.25000,6301.25000,6302.75000
2025-07-15T01:00:00+00:00,6302.75000,6335.75000,6301.00000,6327.25000
2025-07-15T02:00:00+00:00,6327.50000,6330.75000,6308.25000,6311.50000
2025-07-15T03:00:00+00:00,6311.25000,6319.00000,6308.75000,6317.00000
2025-07-15T04:00:00+00:00,6316.25000,6323.75000,6316.00000,6323.25000
2025-07-15T05:00:00+00:00,6323.25000,6333.25000,6322.50000,6330.25000
2025-07-15T06:00:00+00:00,6330.50000,6332.25000,6326.75000,6329.75000
2025-07-15T07:00:00+00:00,6330.00000,6331.50000,6325.75000,6329.50000
2025-07-15T08:00:00+00:00,6329.50000,6332.25000,6325.75000,6329.00000
2025-07-15T09:00:00+00:00,6328.75000,6335.00000,6327.50000,6334.50000
2025-07-15T10:00:00+00:00,6334.50000,6341.75000,6332.25000,6334.75000
2025-07-15T11:00:00+00:00,6334.75000,6340.75000,6330.25000,6333.50000
2025-07-15T12:00:00+00:00,6333.75000,6343.00000,6325.00000,6335.25000
2025-07-15T13:00:00+00:00,6335.50000,6342.25000,6318.00000,6318.75000
2025-07-15T14:00:00+00:00,6319.00000,6326.50000,6300.00000,6301.00000
2025-07-15T15:00:00+00:00,6300.75000,6316.00000,6300.75000,6310.50000
2025-07-15T16:00:00+00:00,6310.50000,6312.25000,6292.00000,6294.25000
2025-07-15T17:00:00+00:00,6294.00000,6308.75000,6291.25000,6308.25000
2025-07-15T18:00:00+00:00,6308.50000,6311.00000,6294.75000,6295.00000
2025-07-15T19:00:00+00:00,6294.75000,6300.00000,6282.00000,6282.75000
2025-07-15T20:00:00+00:00,6282.50000,6284.75000,6272.50000,6273.75000
2025-07-15T22:00:00+00:00,6273.75000,6277.25000,6264.25000,6270.50000
2025-07-15T23:00:00+00:00,6270.50000,6273.75000,6265.00000,6272.50000
2025-07-16T00:00:00+00:00,6272.50000,6273.75000,6266.00000,6272.50000
2025-07-16T01:00:00+00:00,6272.50000,6278.25000,6272.00000,6277.00000
2025-07-16T02:00:00+00:00,6277.00000,6277.75000,6272.25000,6273.75000
2025-07-16T03:00:00+00:00,6274.00000,6276.50000,6273.25000,6273.25000
2025-07-16T04:00:00+00:00,6276.25000,6277.50000,6273.00000,6274.50000
2025-07-16T05:00:00+00:00,6275.00000,6279.50000,6268.75000,6272.00000
2025-07-16T06:00:00+00:00,6271.75000,6272.25000,6264.25000,6265.50000
2025-07-16T07:00:00+00:00,6265.25000,6272.00000,6257.25000,6271.75000
2025-07-16T08:00:00+00:00,6271.75000,6281.25000,6270.00000,6279.00000
2025-07-16T09:00:00+00:00,6279.00000,6280.00000,6273.75000,6278.75000
2025-07-16T10:00:00+00:00,6279.00000,6282.50000,6277.25000,6280.50000
2025-07-16T11:00:00+00:00,6280.75000,6283.50000,6277.25000,6283.25000
2025-07-16T12:00:00+00:00,6283.50000,6300.50000,6281.25000,6297.25000
2025-07-16T13:00:00+00:00,6297.50000,6302.00000,6281.00000,6281.75000
2025-07-16T14:00:00+00:00,6282.00000,6295.00000,6276.00000,6282.75000
2025-07-16T15:00:00+00:00,6282.75000,6295.00000,6241.00000,6281.00000
2025-07-16T16:00:00+00:00,6280.75000,6292.75000,6271.25000,6292.25000
2025-07-16T17:00:00+00:00,6292.50000,6299.50000,6290.25000,6292.50000
2025-07-16T18:00:00+00:00,6292.50000,6305.25000,6288.50000,6305.25000
2025-07-16T19:00:00+00:00,6305.00000,6308.75000,6299.75000,6303.00000
2025-07-16T20:00:00+00:00,6302.75000,6303.50000,6297.50000,6299.00000
2025-07-16T22:00:00+00:00,6299.25000,6300.50000,6291.25000,6292.25000
2025-07-16T23:00:00+00:00,6292.50000,6294.50000,6291.25000,6293.00000
2025-07-17T00:00:00+00:00,6293.25000,6297.25000,6290.25000,6296.75000
2025-07-17T01:00:00+00:00,6296.50000,6297.75000,6289.50000,6291.75000
2025-07-17T02:00:00+00:00,6291.75000,6291.75000,6289.00000,6290.00000
2025-07-17T03:00:00+00:00,6290.25000,6292.75000,6288.25000,6292.50000
2025-07-17T04:00:00+00:00,6293.25000,6293.75000,6290.75000,6293.00000
2025-07-17T05:00:00+00:00,6293.25000,6304.00000,6293.00000,6301.00000
2025-07-17T06:00:00+00:00,6301.00000,6311.50000,6301.00000,6308.25000
2025-07-17T07:00:00+00:00,6308.50000,6309.50000,6302.25000,6304.25000
2025-07-17T08:00:00+00:00,6304.00000,6307.75000,6301.75000,6305.75000
2025-07-17T09:00:00+00:00,6306.00000,6311.00000,6306.00000,6307.00000
2025-07-17T10:00:00+00:00,6307.00000,6308.50000,6302.25000,6303.00000
2025-07-17T11:00:00+00:00,6303.25000,6303.75000,6297.00000,6299.00000
2025-07-17T12:00:00+00:00,6299.00000,6315.00000,6297.50000,6314.25000
2025-07-17T13:00:00+00:00,6314.00000,6322.75000,6302.00000,6318.75000
2025-07-17T14:00:00+00:00,6318.50000,6323.25000,6308.75000,6319.00000
2025-07-17T15:00:00+00:00,6319.00000,6333.75000,6318.50000,6333.25000
2025-07-17T16:00:00+00:00,6333.25000,6336.50000,6326.00000,6329.50000
2025-07-17T17:00:00+00:00,6329.50000,6335.75000,6327.50000,6335.50000
2025-07-17T18:00:00+00:00,6335.50000,6342.75000,6332.25000,6340.75000
2025-07-17T19:00:00+00:00,6341.00000,6345.50000,6337.50000,6342.00000
2025-07-17T20:00:00+00:00,6342.00000,6345.25000,6338.50000,6342.25000
2025-07-17T22:00:00+00:00,6342.50000,6343.75000,6338.50000,6342.25000
2025-07-17T23:00:00+00:00,6342.50000,6350.75000,6342.00000,6349.25000
2025-07-18T00:00:00+00:00,6349.25000,6350.50000,6346.25000,6347.00000
2025-07-18T01:00:00+00:00,6347.00000,6348.50000,6345.50000,6346.50000
2025-07-18T02:00:00+00:00,6346.25000,6351.75000,6344.75000,6350.25000
2025-07-18T03:00:00+00:00,6350.25000,6352.75000,6349.00000,6350.00000
2025-07-18T04:00:00+00:00,6349.50000,6351.50000,6349.00000,6350.75000
2025-07-18T05:00:00+00:00,6351.00000,6356.25000,6351.00000,6355.75000
2025-07-18T06:00:00+00:00,6355.75000,6357.00000,6353.00000,6354.25000
2025-07-18T07:00:00+00:00,6354.25000,6355.00000,6346.00000,6346.25000
2025-07-18T08:00:00+00:00,6346.00000,6350.50000,6346.00000,6348.75000
2025-07-18T09:00:00+00:00,6348.50000,6350.25000,6347.50000,6348.25000
2025-07-18T10:00:00+00:00,6348.25000,6348.75000,6340.75000,6342.75000
2025-07-18T11:00:00+00:00,6343.00000,6345.00000,6339.50000,6343.25000
2025-07-18T12:00:00+00:00,6343.25000,6348.75000,6342.75000,6348.00000
2025-07-18T13:00:00+00:00,6347.75000,6353.50000,6342.50000,6345.00000
2025-07-18T14:00:00+00:00,6344.25000,6353.50000,6329.50000,6329.75000
2025-07-18T15:00:00+00:00,6329.75000,6340.25000,6327.25000,6340.00000
2025-07-18T16:00:00+00:00,6340.00000,6340.50000,6323.50000,6325.25000
2025-07-18T17:00:00+00:00,6325.25000,6334.25000,6323.25000,6329.75000
2025-07-18T18:00:00+00:00,6329.75000,6333.00000,6324.50000,6331.25000
2025-07-18T19:00:00+00:00,6331.00000,6337.00000,6329.00000,6334.75000
2025-07-18T20:00:00+00:00,6335.00000,6336.00000,6333.25000,6334.75000
2025-07-20T22:00:00+00:00,6335.75000,6339.25000,6329.75000,6338.00000
2025-07-20T23:00:00+00:00,6338.25000,6343.00000,6336.75000,6342.75000
2025-07-21T00:00:00+00:00,6342.75000,6343.75000,6341.50000,6341.75000
2025-07-21T01:00:00+00:00,6342.00000,6345.00000,6341.25000,6342.00000
2025-07-21T02:00:00+00:00,6342.00000,6343.25000,6340.00000,6340.75000
2025-07-21T03:00:00+00:00,6340.75000,6341.75000,6338.75000,6339.50000
2025-07-21T04:00:00+00:00,6339.75000,6343.25000,6339.50000,6343.00000
2025-07-21T05:00:00+00:00,6343.00000,6344.00000,6341.25000,6341.75000
2025-07-21T06:00:00+00:00,6341.75000,6349.75000,6341.25000,6346.25000
2025-07-21T07:00:00+00:00,6346.25000,6351.50000,6346.00000,6349.25000
2025-07-21T08:00:00+00:00,6349.00000,6354.50000,6349.00000,6352.25000
2025-07-21T09:00:00+00:00,6352.00000,6353.50000,6350.50000,6351.50000
2025-07-21T10:00:00+00:00,6351.50000,6354.00000,6347.75000,6350.75000
2025-07-21T11:00:00+00:00,6350.75000,6351.50000,6348.00000,6348.75000
2025-07-21T12:00:00+00:00,6349.00000,6350.00000,6341.75000,6342.50000
2025-07-21T13:00:00+00:00,6342.25000,6365.50000,6339.75000,6364.50000
2025-07-21T14:00:00+00:00,6364.25000,6372.50000,6362.25000,6368.75000
2025-07-21T15:00:00+00:00,6368.75000,6374.00000,6367.25000,6370.50000
2025-07-21T16:00:00+00:00,6370.25000,6371.75000,6363.50000,6370.75000
2025-07-21T17:00:00+00:00,6371.00000,6373.75000,6369.25000,6370.00000
2025-07-21T18:00:00+00:00,6369.75000,6370.75000,6361.00000,6361.50000
2025-07-21T19:00:00+00:00,6361.50000,6362.00000,6341.00000,6345.25000
2025-07-21T20:00:00+00:00,6345.25000,6348.75000,6343.75000,6348.50000
2025-07-21T22:00:00+00:00,6347.00000,6349.50000,6346.00000,6347.50000
2025-07-21T23:00:00+00:00,6347.75000,6349.00000,6346.00000,6348.25000
2025-07-22T00:00:00+00:00,6348.00000,6351.25000,6347.25000,6347.75000
2025-07-22T01:00:00+00:00,6347.75000,6352.00000,6346.75000,6351.75000
2025-07-22T02:00:00+00:00,6351.75000,6352.00000,6346.75000,6347.25000
2025-07-22T03:00:00+00:00,6347.50000,6348.50000,6343.75000,6345.50000
2025-07-22T04:00:00+00:00,6344.50000,6344.75000,6340.50000,6341.50000
2025-07-22T05:00:00+00:00,6341.50000,6342.50000,6339.25000,6341.50000
2025-07-22T06:00:00+00:00,6341.75000,6342.75000,6340.00000,6341.75000
2025-07-22T07:00:00+00:00,6341.50000,6346.75000,6336.75000,6339.50000
2025-07-22T08:00:00+00:00,6339.25000,6344.00000,6335.25000,6337.25000
2025-07-22T09:00:00+00:00,6337.25000,6339.00000,6335.75000,6337.75000
2025-07-22T10:00:00+00:00,6337.75000,6341.00000,6337.00000,6340.25000
2025-07-22T11:00:00+00:00,6340.00000,6346.75000,6337.75000,6346.25000
2025-07-22T12:00:00+00:00,6346.25000,6349.25000,6344.25000,6348.00000
2025-07-22T13:00:00+00:00,6348.00000,6349.50000,6318.75000,6326.00000
2025-07-22T14:00:00+00:00,6326.00000,6337.75000,6319.25000,6336.75000
2025-07-22T15:00:00+00:00,6336.75000,6338.50000,6330.25000,6333.75000
2025-07-22T16:00:00+00:00,6333.75000,6338.50000,6327.25000,6336.00000
2025-07-22T17:00:00+00:00,6336.00000,6349.75000,6335.00000,6341.00000
2025-07-22T18:00:00+00:00,6340.75000,6352.75000,6332.50000,6350.75000
2025-07-22T19:00:00+00:00,6350.75000,6353.75000,6344.50000,6345.50000
2025-07-22T20:00:00+00:00,6345.50000,6347.50000,6343.00000,6347.25000
2025-07-22T22:00:00+00:00,6346.50000,6350.25000,6342.75000,6344.75000
2025-07-22T23:00:00+00:00,6344.75000,6364.25000,6344.50000,6362.00000
2025-07-23T00:00:00+00:00,6362.00000,6363.00000,6349.75000,6351.00000
2025-07-23T01:00:00+00:00,6350.75000,6361.00000,6349.00000,6361.00000
2025-07-23T02:00:00+00:00,6360.75000,6361.00000,6356.50000,6360.25000
2025-07-23T03:00:00+00:00,6360.25000,6363.00000,6357.75000,6359.00000
2025-07-23T04:00:00+00:00,6358.50000,6362.75000,6357.50000,6362.25000
2025-07-23T05:00:00+00:00,6362.25000,6364.75000,6361.50000,6362.75000
2025-07-23T06:00:00+00:00,6362.75000,6365.50000,6360.00000,6365.00000
2025-07-23T07:00:00+00:00,6365.00000,6367.50000,6360.50000,6361.50000
2025-07-23T08:00:00+00:00,6361.50000,6371.75000,6361.25000,6371.25000
2025-07-23T09:00:00+00:00,6371.00000,6373.25000,6368.00000,6371.75000
2025-07-23T10:00:00+00:00,6372.00000,6374.25000,6369.75000,6370.25000
2025-07-23T11:00:00+00:00,6370.00000,6371.00000,6363.00000,6370.00000
2025-07-23T12:00:00+00:00,6369.75000,6372.50000,6366.25000,6369.50000
2025-07-23T13:00:00+00:00,6369.50000,6376.75000,6354.00000,6356.25000
2025-07-23T14:00:00+00:00,6356.25000,6364.50000,6353.50000,6363.75000
2025-07-23T15:00:00+00:00,6363.25000,6385.00000,6359.50000,6377.75000
2025-07-23T16:00:00+00:00,6377.50000,6383.25000,6370.00000,6375.50000
2025-07-23T17:00:00+00:00,6375.50000,6385.75000,6371.75000,6382.00000
2025-07-23T18:00:00+00:00,6382.25000,6393.75000,6382.25000,6389.50000
2025-07-23T19:00:00+00:00,6389.75000,6399.25000,6386.50000,6399.25000
2025-07-23T20:00:00+00:00,6399.00000,6407.25000,6392.25000,6405.75000
2025-07-23T22:00:00+00:00,6404.00000,6404.75000,6400.50000,6401.25000
2025-07-23T23:00:00+00:00,6401.25000,6405.00000,6400.50000,6404.00000
2025-07-24T00:00:00+00:00,6403.75000,6404.50000,6400.50000,6402.00000
2025-07-24T01:00:00+00:00,6402.00000,6406.75000,6401.50000,6405.00000
2025-07-24T02:00:00+00:00,6405.00000,6406.75000,6404.25000,6405.00000
2025-07-24T03:00:00+00:00,6405.00000,6405.00000,6399.75000,6400.75000
2025-07-24T04:00:00+00:00,6401.50000,6402.00000,6399.00000,6401.00000
2025-07-24T05:00:00+00:00,6401.00000,6402.00000,6399.00000,6399.00000
2025-07-24T06:00:00+00:00,6399.25000,6403.50000,6396.00000,6396.50000
2025-07-24T07:00:00+00:00,6396.25000,6397.75000,6393.50000,6395.75000
2025-07-24T08:00:00+00:00,6395.75000,6402.00000,6394.00000,6400.75000
2025-07-24T09:00:00+00:00,6401.00000,6404.00000,6399.50000,6403.00000
2025-07-24T10:00:00+00:00,6403.25000,6404.50000,6395.75000,6398.50000
2025-07-24T11:00:00+00:00,6398.50000,6406.75000,6397.75000,6403.75000
2025-07-24T12:00:00+00:00,6403.75000,6404.50000,6391.50000,6398.00000
2025-07-24T13:00:00+00:00,6398.25000,6410.25000,6394.50000,6406.75000
2025-07-24T14:00:00+00:00,6407.00000,6412.50000,6396.50000,6411.50000
2025-07-24T15:00:00+00:00,6411.75000,6415.50000,6409.25000,6411.75000
2025-07-24T16:00:00+00:00,6411.75000,6412.25000,6399.00000,6405.50000
2025-07-24T17:00:00+00:00,6405.25000,6416.75000,6404.00000,6409.00000
2025-07-24T18:00:00+00:00,6409.25000,6418.25000,6403.50000,6409.00000
2025-07-24T19:00:00+00:00,6408.75000,6414.50000,6399.75000,6401.75000
2025-07-24T20:00:00+00:00,6401.75000,6407.50000,6399.25000,6406.50000
2025-07-24T22:00:00+00:00,6406.75000,6413.25000,6404.75000,6410.00000
2025-07-24T23:00:00+00:00,6409.75000,6412.00000,6407.50000,6411.25000
2025-07-25T00:00:00+00:00,6411.25000,6414.75000,6410.25000,6414.00000
2025-07-25T01:00:00+00:00,6414.00000,6418.00000,6413.00000,6416.75000
2025-07-25T02:00:00+00:00,6416.75000,6418.75000,6416.00000,6416.50000
2025-07-25T03:00:00+00:00,6416.75000,6421.25000,6416.50000,6419.25000
2025-07-25T04:00:00+00:00,6418.25000,6419.00000,6410.50000,6411.25000
2025-07-25T05:00:00+00:00,6411.50000,6413.75000,6411.25000,6412.75000
2025-07-25T06:00:00+00:00,6412.50000,6414.50000,6408.25000,6408.75000
2025-07-25T07:00:00+00:00,6409.00000,6409.75000,6402.75000,6404.50000
2025-07-25T08:00:00+00:00,6404.75000,6408.00000,6401.00000,6406.25000
2025-07-25T09:00:00+00:00,6406.25000,6407.75000,6403.75000,6407.50000
2025-07-25T10:00:00+00:00,6407.75000,6410.00000,6405.50000,6409.25000
2025-07-25T11:00:00+00:00,6409.25000,6409.25000,6404.00000,6405.50000
2025-07-25T12:00:00+00:00,6405.50000,6410.25000,6404.50000,6407.00000
2025-07-25T13:00:00+00:00,6407.00000,6410.50000,6402.00000,6406.75000
2025-07-25T14:00:00+00:00,6406.75000,6416.00000,6402.75000,6412.75000
2025-07-25T15:00:00+00:00,6412.75000,6415.50000,6410.50000,6413.75000
2025-07-25T16:00:00+00:00,6413.75000,6424.50000,6412.25000,6423.25000
2025-07-25T17:00:00+00:00,6423.25000,6428.75000,6421.50000,6426.25000
2025-07-25T18:00:00+00:00,6426.50000,6430.50000,6424.75000,6427.25000
2025-07-25T19:00:00+00:00,6427.00000,6431.00000,6421.25000,6425.50000
2025-07-25T20:00:00+00:00,6425.75000,6428.75000,6421.75000,6427.00000
2025-07-28T00:00:00+00:00,6449.50000,6451.25000,6447.75000,6451.00000
2025-07-28T01:00:00+00:00,6451.00000,6451.00000,6448.00000,6450.00000
2025-07-28T02:00:00+00:00,6449.75000,6453.75000,6448.75000,6451.75000
2025-07-28T03:00:00+00:00,6451.75000,6452.00000,6450.00000,6451.25000
2025-07-28T04:00:00+00:00,6451.25000,6454.50000,6451.00000,6454.00000
2025-07-28T05:00:00+00:00,6453.75000,6456.25000,6453.50000,6455.25000
2025-07-28T06:00:00+00:00,6455.25000,6457.75000,6451.00000,6451.50000
2025-07-28T07:00:00+00:00,6451.50000,6452.50000,6444.25000,6447.00000
2025-07-28T08:00:00+00:00,6446.75000,6447.25000,6443.75000,6444.50000
2025-07-28T09:00:00+00:00,6444.50000,6445.50000,6440.00000,6441.00000
2025-07-28T10:00:00+00:00,6441.00000,6442.00000,6433.50000,6435.25000
2025-07-28T11:00:00+00:00,6435.00000,6437.50000,6434.00000,6435.75000
2025-07-28T12:00:00+00:00,6435.75000,6440.25000,6433.25000,6439.25000
2025-07-28T13:00:00+00:00,6439.25000,6439.50000,6424.25000,6428.00000
2025-07-28T14:00:00+00:00,6427.75000,6434.25000,6425.75000,6428.00000
2025-07-28T15:00:00+00:00,6427.75000,6429.25000,6416.50000,6427.25000
2025-07-28T16:00:00+00:00,6427.50000,6430.25000,6421.00000,6422.50000
2025-07-28T17:00:00+00:00,6422.25000,6425.25000,6414.25000,6414.75000
2025-07-28T18:00:00+00:00,6414.50000,6416.50000,6408.75000,6414.50000
2025-07-28T19:00:00+00:00,6414.25000,6424.25000,6410.50000,6422.75000
2025-07-28T20:00:00+00:00,6422.75000,6425.50000,6421.75000,6424.50000
2025-07-28T22:00:00+00:00,6424.25000,6429.00000,6423.25000,6428.25000
2025-07-28T23:00:00+00:00,6428.25000,6429.00000,6426.00000,6428.25000
2025-07-29T00:00:00+00:00,6428.25000,6428.50000,6423.75000,6427.25000
2025-07-29T01:00:00+00:00,6427.25000,6430.25000,6426.75000,6427.75000
2025-07-29T02:00:00+00:00,6427.75000,6430.00000,6426.50000,6430.00000
2025-07-29T03:00:00+00:00,6430.00000,6431.75000,6428.75000,6431.25000
2025-07-29T04:00:00+00:00,6432.50000,6433.50000,6430.50000,6431.75000
2025-07-29T05:00:00+00:00,6431.75000,6434.25000,6431.25000,6432.75000
2025-07-29T06:00:00+00:00,6433.00000,6434.75000,6428.75000,6429.25000
2025-07-29T07:00:00+00:00,6429.50000,6439.50000,6429.25000,6437.75000
2025-07-29T08:00:00+00:00,6438.00000,6439.50000,6435.50000,6436.75000
2025-07-29T09:00:00+00:00,6437.00000,6440.75000,6436.25000,6440.00000
2025-07-29T10:00:00+00:00,6440.00000,6441.50000,6438.50000,6440.25000
2025-07-29T11:00:00+00:00,6440.25000,6442.50000,6435.25000,6438.25000
2025-07-29T12:00:00+00:00,6438.50000,6440.25000,6432.50000,6434.25000
2025-07-29T13:00:00+00:00,6434.00000,6440.00000,6425.50000,6432.75000
2025-07-29T14:00:00+00:00,6433.00000,6434.50000,6418.25000,6420.50000
2025-07-29T15:00:00+00:00,6420.25000,6423.25000,6400.00000,6412.25000
2025-07-29T16:00:00+00:00,6412.00000,6415.50000,6404.00000,6415.00000
2025-07-29T17:00:00+00:00,6415.00000,6419.25000,6402.25000,6409.00000
2025-07-29T18:00:00+00:00,6409.25000,6411.75000,6404.50000,6406.50000
2025-07-29T19:00:00+00:00,6406.25000,6409.25000,6396.25000,6406.00000
2025-07-29T20:00:00+00:00,6406.25000,6407.25000,6402.00000,6403.50000
2025-07-29T22:00:00+00:00,6404.00000,6409.25000,6403.25000,6407.50000
2025-07-29T23:00:00+00:00,6407.75000,6409.50000,6405.75000,6407.75000
2025-07-30T00:00:00+00:00,6407.75000,6413.00000,6407.00000,6412.00000
2025-07-30T01:00:00+00:00,6412.00000,6414.00000,6407.75000,6412.25000
2025-07-30T02:00:00+00:00,6412.25000,6414.00000,6410.75000,6412.75000
2025-07-30T03:00:00+00:00,6412.75000,6415.50000,6412.75000,6413.75000
2025-07-30T04:00:00+00:00,6414.75000,6416.00000,6414.25000,6415.50000
2025-07-30T05:00:00+00:00,6415.50000,6416.50000,6412.50000,6415.00000
2025-07-30T06:00:00+00:00,6414.75000,6416.75000,6412.75000,6413.25000
2025-07-30T07:00:00+00:00,6413.25000,6414.50000,6406.75000,6413.75000
2025-07-30T08:00:00+00:00,6413.75000,6416.00000,6405.00000,6410.00000
2025-07-30T09:00:00+00:00,6410.00000,6413.00000,6408.25000,6412.25000
2025-07-30T10:00:00+00:00,6412.50000,6414.25000,6411.25000,6414.25000
2025-07-30T11:00:00+00:00,6414.50000,6417.50000,6412.75000,6414.75000
2025-07-30T12:00:00+00:00,6414.75000,6416.25000,6406.50000,6410.75000
2025-07-30T13:00:00+00:00,6410.75000,6414.50000,6405.00000,6409.75000
2025-07-30T14:00:00+00:00,6409.50000,6421.00000,6406.25000,6414.75000
2025-07-30T15:00:00+00:00,6414.75000,6416.25000,6402.25000,6414.00000
2025-07-30T16:00:00+00:00,6413.75000,6419.75000,6412.00000,6417.00000
2025-07-30T17:00:00+00:00,6417.00000,6422.25000,6413.50000,6419.50000
2025-07-30T18:00:00+00:00,6419.25000,6429.75000,6378.00000,6380.25000
2025-07-30T19:00:00+00:00,6380.25000,6399.00000,6366.75000,6397.50000
2025-07-30T20:00:00+00:00,6397.50000,6435.25000,6393.50000,6425.50000
2025-07-30T22:00:00+00:00,6435.50000,6444.75000,6431.00000,6443.00000
2025-07-30T23:00:00+00:00,6442.75000,6446.75000,6442.25000,6442.50000
2025-07-31T00:00:00+00:00,6442.25000,6448.25000,6439.25000,6447.50000
2025-07-31T01:00:00+00:00,6447.50000,6452.25000,6445.50000,6449.75000
2025-07-31T02:00:00+00:00,6449.75000,6455.00000,6449.25000,6453.75000
2025-07-31T03:00:00+00:00,6453.75000,6456.25000,6452.00000,6455.50000
2025-07-31T04:00:00+00:00,6457.25000,6459.25000,6453.75000,6458.00000
2025-07-31T05:00:00+00:00,6458.00000,6458.50000,6453.25000,6457.25000
2025-07-31T06:00:00+00:00,6457.50000,6459.25000,6452.00000,6454.50000
2025-07-31T07:00:00+00:00,6454.75000,6468.50000,6451.75000,6465.25000
2025-07-31T08:00:00+00:00,6465.25000,6467.00000,6460.50000,6461.50000
2025-07-31T09:00:00+00:00,6461.75000,6462.50000,6455.50000,6456.75000
2025-07-31T10:00:00+00:00,6456.75000,6461.50000,6451.25000,6451.75000
2025-07-31T11:00:00+00:00,6451.50000,6456.00000,6448.75000,6451.00000
2025-07-31T12:00:00+00:00,6451.00000,6458.50000,6450.25000,6456.00000
2025-07-31T13:00:00+00:00,6455.75000,6456.25000,6427.50000,6445.50000
2025-07-31T14:00:00+00:00,6445.50000,6450.00000,6417.00000,6418.00000
2025-07-31T15:00:00+00:00,6417.75000,6427.50000,6402.25000,6427.50000
2025-07-31T16:00:00+00:00,6427.25000,6435.25000,6423.75000,6430.00000
2025-07-31T17:00:00+00:00,6430.00000,6430.00000,6382.50000,6386.50000
2025-07-31T18:00:00+00:00,6386.25000,6403.00000,6365.50000,6393.25000
2025-07-31T19:00:00+00:00,6393.25000,6400.00000,6358.25000,6371.00000
2025-07-31T20:00:00+00:00,6371.00000,6394.75000,6357.50000,6368.75000
2025-07-31T22:00:00+00:00,6359.50000,6373.50000,6350.25000,6358.75000
2025-07-31T23:00:00+00:00,6359.00000,6363.75000,6355.00000,6362.75000
2025-08-01T00:00:00+00:00,6362.50000,6363.50000,6346.25000,6356.75000
2025-08-01T01:00:00+00:00,6356.50000,6366.75000,6355.25000,6365.00000
2025-08-01T02:00:00+00:00,6365.00000,6369.50000,6362.50000,6368.00000
2025-08-01T03:00:00+00:00,6368.25000,6372.50000,6362.00000,6362.50000
2025-08-01T04:00:00+00:00,6364.00000,6365.50000,6361.25000,6364.25000
2025-08-01T05:00:00+00:00,6364.25000,6365.50000,6357.25000,6357.50000
2025-08-01T06:00:00+00:00,6357.25000,6358.25000,6348.25000,6351.75000
2025-08-01T07:00:00+00:00,6351.75000,6353.25000,6312.00000,6322.75000
2025-08-01T08:00:00+00:00,6322.50000,6326.50000,6304.50000,6315.00000
2025-08-01T09:00:00+00:00,6315.00000,6320.25000,6308.75000,6314.75000
2025-08-01T10:00:00+00:00,6314.75000,6315.00000,6295.00000,6300.75000
2025-08-01T11:00:00+00:00,6301.00000,6317.00000,6298.50000,6316.25000
2025-08-01T12:00:00+00:00,6316.25000,6331.00000,6300.00000,6306.75000
2025-08-01T13:00:00+00:00,6306.50000,6314.25000,6258.00000,6262.25000
2025-08-01T14:00:00+00:00,6262.25000,6288.00000,6243.75000,6267.00000
2025-08-01T15:00:00+00:00,6266.75000,6287.50000,6260.50000,6287.25000
2025-08-01T16:00:00+00:00,6287.00000,6297.00000,6258.75000,6260.25000
2025-08-01T17:00:00+00:00,6260.00000,6265.00000,6248.50000,6252.75000
2025-08-01T18:00:00+00:00,6252.75000,6278.00000,6239.50000,6260.50000
2025-08-01T19:00:00+00:00,6260.75000,6280.25000,6255.00000,6263.50000
2025-08-01T20:00:00+00:00,6263.75000,6268.25000,6262.25000,6264.50000
2025-08-03T22:00:00+00:00,6264.50000,6270.00000,6252.00000,6268.25000
2025-08-03T23:00:00+00:00,6268.50000,6272.50000,6261.00000,6271.25000
2025-08-04T00:00:00+00:00,6271.25000,6281.75000,6269.75000,6280.00000
2025-08-04T01:00:00+00:00,6280.50000,6284.25000,6275.50000,6282.00000
2025-08-04T02:00:00+00:00,6281.75000,6288.50000,6280.75000,6287.75000
2025-08-04T03:00:00+00:00,6287.75000,6290.25000,6285.25000,6289.75000
2025-08-04T04:00:00+00:00,6289.75000,6290.00000,6279.75000,6286.00000
2025-08-04T05:00:00+00:00,6285.75000,6291.75000,6283.50000,6289.25000
2025-08-04T06:00:00+00:00,6289.25000,6293.00000,6279.25000,6289.00000
2025-08-04T07:00:00+00:00,6289.50000,6303.50000,6286.00000,6296.00000
2025-08-04T08:00:00+00:00,6296.00000,6306.75000,6295.25000,6306.00000
2025-08-04T09:00:00+00:00,6306.00000,6310.00000,6304.00000,6304.00000
2025-08-04T10:00:00+00:00,6304.25000,6307.50000,6300.25000,6301.50000
2025-08-04T11:00:00+00:00,6301.75000,6303.75000,6294.50000,6296.25000
2025-08-04T12:00:00+00:00,6296.50000,6305.00000,6294.75000,6300.00000
2025-08-04T13:00:00+00:00,6300.00000,6339.00000,6298.25000,6336.75000
2025-08-04T14:00:00+00:00,6337.00000,6345.00000,6329.50000,6339.00000
2025-08-04T15:00:00+00:00,6338.75000,6347.75000,6332.50000,6345.50000
2025-08-04T16:00:00+00:00,6345.50000,6351.25000,6342.75000,6348.00000
2025-08-04T17:00:00+00:00,6348.00000,6352.00000,6340.00000,6344.50000
2025-08-04T18:00:00+00:00,6344.25000,6350.50000,6343.50000,6345.25000
2025-08-04T19:00:00+00:00,6345.25000,6358.50000,6343.50000,6357.00000
2025-08-04T20:00:00+00:00,6357.00000,6370.00000,6355.00000,6369.50000
2025-08-04T22:00:00+00:00,6370.00000,6371.75000,6363.00000,6365.00000
2025-08-04T23:00:00+00:00,6365.00000,6369.25000,6362.25000,6364.00000
2025-08-05T00:00:00+00:00,6364.00000,6376.00000,6360.25000,6368.50000
2025-08-05T01:00:00+00:00,6368.50000,6373.00000,6364.25000,6365.25000
2025-08-05T02:00:00+00:00,6365.00000,6367.00000,6363.50000,6365.50000
2025-08-05T03:00:00+00:00,6365.50000,6368.75000,6362.50000,6365.75000
2025-08-05T04:00:00+00:00,6364.75000,6369.00000,6363.50000,6368.75000
2025-08-05T05:00:00+00:00,6369.00000,6371.25000,6366.75000,6370.00000
2025-08-05T06:00:00+00:00,6370.25000,6375.75000,6368.25000,6374.75000
2025-08-05T07:00:00+00:00,6375.00000,6377.50000,6360.75000,6362.00000
2025-08-05T08:00:00+00:00,6361.75000,6366.00000,6358.50000,6363.00000
2025-08-05T09:00:00+00:00,6363.00000,6367.75000,6361.75000,6365.75000
2025-08-05T10:00:00+00:00,6365.75000,6374.50000,6365.75000,6373.00000
2025-08-05T11:00:00+00:00,6372.75000,6374.50000,6367.00000,6371.75000
2025-08-05T12:00:00+00:00,6372.00000,6376.75000,6362.75000,6364.25000
2025-08-05T13:00:00+00:00,6364.00000,6371.75000,6357.50000,6364.75000
2025-08-05T14:00:00+00:00,6364.25000,6364.25000,6315.50000,6324.25000
2025-08-05T15:00:00+00:00,6324.00000,6332.00000,6316.75000,6325.75000
2025-08-05T16:00:00+00:00,6325.75000,6342.00000,6323.25000,6334.50000
2025-08-05T17:00:00+00:00,6334.25000,6348.75000,6332.00000,6346.75000
2025-08-05T18:00:00+00:00,6346.75000,6347.75000,6323.75000,6329.50000
2025-08-05T19:00:00+00:00,6329.75000,6336.75000,6323.25000,6325.25000
2025-08-05T20:00:00+00:00,6325.25000,6332.50000,6320.75000,6324.50000
2025-08-05T22:00:00+00:00,6323.00000,6328.50000,6313.25000,6323.00000
2025-08-05T23:00:00+00:00,6322.75000,6326.00000,6316.50000,6316.75000
2025-08-06T00:00:00+00:00,6316.50000,6326.00000,6316.00000,6320.75000
2025-08-06T01:00:00+00:00,6321.00000,6334.50000,6319.00000,6334.00000
2025-08-06T02:00:00+00:00,6334.00000,6341.50000,6331.50000,6338.50000
2025-08-06T03:00:00+00:00,6338.75000,6341.00000,6335.50000,6340.25000
2025-08-06T04:00:00+00:00,6342.00000,6342.50000,6339.75000,6341.25000
2025-08-06T05:00:00+00:00,6341.25000,6350.75000,6340.00000,6347.25000
2025-08-06T06:00:00+00:00,6347.50000,6353.50000,6345.75000,6349.25000
2025-08-06T07:00:00+00:00,6349.25000,6358.25000,6349.25000,6357.50000
2025-08-06T08:00:00+00:00,6357.50000,6358.00000,6343.75000,6345.50000
2025-08-06T09:00:00+00:00,6345.50000,6348.50000,6337.50000,6340.25000
2025-08-06T10:00:00+00:00,6340.25000,6343.50000,6331.75000,6339.25000
2025-08-06T11:00:00+00:00,6339.25000,6343.75000,6337.25000,6338.75000
2025-08-06T12:00:00+00:00,6338.50000,6340.50000,6330.75000,6339.25000
2025-08-06T13:00:00+00:00,6339.25000,6344.75000,6327.25000,6333.50000
2025-08-06T14:00:00+00:00,6333.50000,6355.00000,6325.75000,6353.75000
2025-08-06T15:00:00+00:00,6353.75000,6374.25000,6348.75000,6371.75000
2025-08-06T16:00:00+00:00,6371.75000,6375.00000,6363.25000,6367.50000
2025-08-06T17:00:00+00:00,6367.50000,6372.00000,6364.25000,6367.25000
2025-08-06T18:00:00+00:00,6367.25000,6377.00000,6366.75000,6373.00000
2025-08-06T19:00:00+00:00,6373.25000,6379.50000,6368.75000,6371.50000
2025-08-06T20:00:00+00:00,6371.75000,6372.50000,6367.75000,6370.75000
2025-08-06T22:00:00+00:00,6371.00000,6387.50000,6364.25000,6383.00000
2025-08-06T23:00:00+00:00,6382.75000,6387.50000,6377.75000,6380.50000
2025-08-07T00:00:00+00:00,6380.25000,6388.50000,6378.25000,6385.75000
2025-08-07T01:00:00+00:00,6385.50000,6391.50000,6385.25000,6388.75000
2025-08-07T02:00:00+00:00,6388.25000,6391.25000,6384.75000,6386.50000
2025-08-07T03:00:00+00:00,6386.50000,6389.75000,6385.75000,6387.75000
2025-08-07T04:00:00+00:00,6388.25000,6389.00000,6380.75000,6382.75000
2025-08-07T05:00:00+00:00,6382.75000,6385.50000,6380.25000,6385.25000
2025-08-07T06:00:00+00:00,6385.00000,6389.75000,6382.75000,6384.00000
2025-08-07T07:00:00+00:00,6384.00000,6395.25000,6383.50000,6394.25000
2025-08-07T08:00:00+00:00,6394.25000,6409.75000,6394.00000,6405.75000
2025-08-07T09:00:00+00:00,6406.00000,6420.50000,6402.25000,6418.25000
2025-08-07T10:00:00+00:00,6418.50000,6426.75000,6411.25000,6412.75000
2025-08-07T11:00:00+00:00,6413.00000,6417.00000,6406.00000,6406.50000
2025-08-07T12:00:00+00:00,6406.50000,6413.50000,6405.25000,6407.75000
2025-08-07T13:00:00+00:00,6408.00000,6414.50000,6397.25000,6409.25000
2025-08-07T14:00:00+00:00,6409.25000,6412.75000,6367.50000,6371.25000
2025-08-07T15:00:00+00:00,6371.00000,6375.50000,6357.00000,6362.25000
2025-08-07T16:00:00+00:00,6361.75000,6369.50000,6344.00000,6355.75000
2025-08-07T17:00:00+00:00,6355.75000,6362.50000,6340.25000,6351.00000
2025-08-07T18:00:00+00:00,6351.00000,6354.00000,6334.50000,6348.75000
2025-08-07T19:00:00+00:00,6348.75000,6368.50000,6343.50000,6367.50000
2025-08-07T20:00:00+00:00,6367.50000,6375.50000,6366.25000,6373.75000
2025-08-07T22:00:00+00:00,6372.50000,6382.75000,6371.50000,6379.50000
2025-08-07T23:00:00+00:00,6379.75000,6381.00000,6375.75000,6377.00000
2025-08-08T00:00:00+00:00,6376.75000,6387.50000,6375.00000,6384.75000
2025-08-08T01:00:00+00:00,6384.50000,6386.00000,6381.00000,6383.25000
2025-08-08T02:00:00+00:00,6383.25000,6387.50000,6383.25000,6386.75000
2025-08-08T03:00:00+00:00,6386.50000,6387.00000,6381.25000,6382.00000
2025-08-08T04:00:00+00:00,6379.75000,6381.50000,6377.25000,6378.50000
2025-08-08T05:00:00+00:00,6378.75000,6381.50000,6369.25000,6370.50000
2025-08-08T06:00:00+00:00,6370.50000,6380.25000,6370.25000,6376.50000
2025-08-08T07:00:00+00:00,6376.75000,6382.00000,6375.75000,6376.75000
2025-08-08T08:00:00+00:00,6376.75000,6382.75000,6376.75000,6380.25000
2025-08-08T09:00:00+00:00,6380.25000,6385.50000,6379.75000,6383.25000
2025-08-08T10:00:00+00:00,6383.25000,6386.50000,6383.25000,6385.50000
2025-08-08T11:00:00+00:00,6385.75000,6389.75000,6384.00000,6388.50000
2025-08-08T12:00:00+00:00,6388.75000,6389.00000,6376.25000,6379.00000
2025-08-08T13:00:00+00:00,6379.25000,6401.50000,6377.00000,6401.00000
2025-08-08T14:00:00+00:00,6401.00000,6413.00000,6399.25000,6400.50000
2025-08-08T15:00:00+00:00,6400.25000,6407.25000,6390.50000,6405.75000
2025-08-08T16:00:00+00:00,6406.00000,6416.00000,6405.00000,6407.75000
2025-08-08T17:00:00+00:00,6408.00000,6415.75000,6403.50000,6414.25000
2025-08-08T18:00:00+00:00,6414.50000,6419.00000,6411.50000,6415.25000
2025-08-08T19:00:00+00:00,6415.00000,6419.00000,6402.75000,6413.75000
2025-08-08T20:00:00+00:00,6413.75000,6425.75000,6413.25000,6413.50000
2025-08-10T22:00:00+00:00,6422.75000,6425.50000,6413.50000,6420.50000
2025-08-10T23:00:00+00:00,6420.50000,6422.50000,6413.00000,6414.75000
2025-08-11T00:00:00+00:00,6414.75000,6423.25000,6414.50000,6421.75000
2025-08-11T01:00:00+00:00,6421.75000,6428.50000,6421.00000,6427.50000
2025-08-11T02:00:00+00:00,6427.75000,6429.50000,6425.25000,6426.50000
2025-08-11T03:00:00+00:00,6426.25000,6429.25000,6423.75000,6425.00000
2025-08-11T04:00:00+00:00,6424.75000,6425.75000,6420.25000,6421.50000
2025-08-11T05:00:00+00:00,6421.50000,6423.00000,6420.00000,6422.25000
2025-08-11T06:00:00+00:00,6422.25000,6428.25000,6420.00000,6428.00000
2025-08-11T07:00:00+00:00,6428.00000,6428.50000,6412.50000,6414.50000
2025-08-11T08:00:00+00:00,6414.50000,6415.75000,6408.50000,6413.50000
2025-08-11T09:00:00+00:00,6413.50000,6420.50000,6413.25000,6419.00000
2025-08-11T10:00:00+00:00,6419.00000,6423.00000,6417.50000,6421.75000
2025-08-11T11:00:00+00:00,6421.75000,6425.75000,6420.75000,6424.50000
2025-08-11T12:00:00+00:00,6424.50000,6426.75000,6415.75000,6418.00000
2025-08-11T13:00:00+00:00,6418.00000,6419.25000,6410.00000,6418.50000
2025-08-11T14:00:00+00:00,6418.25000,6421.50000,6406.75000,6409.25000
2025-08-11T15:00:00+00:00,6409.25000,6420.50000,6406.75000,6420.25000
2025-08-11T16:00:00+00:00,6420.25000,6431.50000,6414.50000,6414.75000
2025-08-11T17:00:00+00:00,6414.75000,6417.50000,6405.25000,6409.00000
2025-08-11T18:00:00+00:00,6409.00000,6410.00000,6396.25000,6406.00000
2025-08-11T19:00:00+00:00,6406.25000,6407.50000,6387.50000,6400.25000
2025-08-11T20:00:00+00:00,6400.00000,6401.75000,6394.75000,6396.50000
2025-08-11T22:00:00+00:00,6396.00000,6400.50000,6393.00000,6399.75000
2025-08-11T23:00:00+00:00,6399.50000,6401.25000,6396.25000,6398.75000
2025-08-12T00:00:00+00:00,6398.75000,6406.25000,6397.00000,6401.25000
2025-08-12T01:00:00+00:00,6401.25000,6405.00000,6399.50000,6404.50000
2025-08-12T02:00:00+00:00,6404.50000,6406.25000,6403.25000,6404.00000
2025-08-12T03:00:00+00:00,6404.00000,6406.75000,6404.00000,6404.75000
2025-08-12T04:00:00+00:00,6404.00000,6409.75000,6403.50000,6409.00000
2025-08-12T05:00:00+00:00,6409.00000,6409.25000,6392.25000,6400.75000
2025-08-12T06:00:00+00:00,6401.00000,6411.00000,6400.00000,6405.25000
2025-08-12T07:00:00+00:00,6405.50000,6410.50000,6403.50000,6408.50000
2025-08-12T08:00:00+00:00,6408.25000,6409.00000,6401.25000,6402.25000
2025-08-12T09:00:00+00:00,6402.00000,6405.00000,6400.25000,6400.50000
2025-08-12T10:00:00+00:00,6400.25000,6401.50000,6398.00000,6398.75000
2025-08-12T11:00:00+00:00,6399.00000,6399.00000,6391.25000,6398.00000
2025-08-12T12:00:00+00:00,6398.25000,6442.00000,6397.50000,6431.75000
2025-08-12T13:00:00+00:00,6432.00000,6439.75000,6410.25000,6414.00000
2025-08-12T14:00:00+00:00,6414.25000,6443.25000,6408.50000,6439.50000
2025-08-12T15:00:00+00:00,6439.75000,6453.75000,6439.00000,6453.25000
2025-08-12T16:00:00+00:00,6453.50000,6461.25000,6449.50000,6458.00000
2025-08-12T17:00:00+00:00,6458.00000,6462.50000,6455.25000,6461.75000
2025-08-12T18:00:00+00:00,6461.50000,6467.25000,6460.75000,6461.50000
2025-08-12T19:00:00+00:00,6461.50000,6470.00000,6460.75000,6467.50000
2025-08-12T20:00:00+00:00,6467.50000,6469.75000,6465.50000,6468.50000
2025-08-12T22:00:00+00:00,6468.00000,6468.50000,6464.00000,6465.00000
2025-08-12T23:00:00+00:00,6464.75000,6474.75000,6464.50000,6471.25000
2025-08-13T00:00:00+00:00,6471.25000,6472.00000,6465.25000,6466.00000
2025-08-13T01:00:00+00:00,6466.00000,6467.00000,6461.25000,6461.75000
2025-08-13T02:00:00+00:00,6461.75000,6467.25000,6461.00000,6466.00000
2025-08-13T03:00:00+00:00,6465.75000,6468.50000,6465.25000,6466.50000
2025-08-13T04:00:00+00:00,6467.75000,6471.00000,6467.75000,6469.50000
2025-08-13T05:00:00+00:00,6469.50000,6470.00000,6466.00000,6466.25000
2025-08-13T06:00:00+00:00,6466.75000,6471.75000,6463.25000,6468.25000
2025-08-13T07:00:00+00:00,6468.50000,6477.25000,6468.25000,6476.00000
2025-08-13T08:00:00+00:00,6476.25000,6484.25000,6474.75000,6479.00000
2025-08-13T09:00:00+00:00,6479.25000,6484.25000,6477.50000,6483.50000
2025-08-13T10:00:00+00:00,6483.25000,6484.50000,6478.75000,6481.25000
2025-08-13T11:00:00+00:00,6481.00000,6483.50000,6479.25000,6481.25000
2025-08-13T12:00:00+00:00,6481.25000,6488.50000,6480.00000,6486.00000
2025-08-13T13:00:00+00:00,6486.25000,6502.50000,6485.00000,6496.75000
2025-08-13T14:00:00+00:00,6496.75000,6497.50000,6475.50000,6478.00000
2025-08-13T15:00:00+00:00,6478.00000,6482.75000,6470.50000,6474.25000
2025-08-13T16:00:00+00:00,6474.00000,6479.00000,6466.75000,6470.25000
2025-08-13T17:00:00+00:00,6470.25000,6477.75000,6467.00000,6475.50000
2025-08-13T18:00:00+00:00,6475.75000,6483.25000,6472.50000,6480.25000
2025-08-13T19:00:00+00:00,6480.50000,6491.25000,6478.50000,6489.00000
2025-08-13T20:00:00+00:00,6489.00000,6493.25000,6483.75000,6484.00000
2025-08-13T22:00:00+00:00,6485.00000,6489.00000,6479.75000,6488.25000
2025-08-13T23:00:00+00:00,6488.25000,6490.50000,6486.25000,6487.25000
2025-08-14T00:00:00+00:00,6487.50000,6489.25000,6484.50000,6484.75000
2025-08-14T01:00:00+00:00,6484.75000,6485.50000,6481.25000,6484.00000
2025-08-14T02:00:00+00:00,6484.25000,6486.25000,6483.00000,6486.00000
2025-08-14T03:00:00+00:00,6486.25000,6486.75000,6482.25000,6483.00000
2025-08-14T04:00:00+00:00,6484.00000,6486.00000,6482.00000,6485.50000
2025-08-14T05:00:00+00:00,6485.50000,6485.50000,6478.00000,6480.00000
2025-08-14T06:00:00+00:00,6479.75000,6480.75000,6477.00000,6479.50000
2025-08-14T07:00:00+00:00,6479.50000,6485.00000,6479.50000,6485.00000
2025-08-14T08:00:00+00:00,6484.75000,6488.00000,6484.00000,6485.00000
2025-08-14T09:00:00+00:00,6484.75000,6488.75000,6483.50000,6487.00000
2025-08-14T10:00:00+00:00,6486.75000,6488.00000,6483.50000,6485.25000
2025-08-14T11:00:00+00:00,6485.00000,6491.25000,6484.00000,6490.75000
2025-08-14T12:00:00+00:00,6490.75000,6491.75000,6453.25000,6465.75000
2025-08-14T13:00:00+00:00,6465.25000,6482.00000,6460.00000,6479.50000
2025-08-14T14:00:00+00:00,6479.75000,6495.25000,6476.25000,6487.00000
2025-08-14T15:00:00+00:00,6486.75000,6487.50000,6469.00000,6479.75000
2025-08-14T16:00:00+00:00,6479.75000,6482.25000,6465.50000,6481.00000
2025-08-14T17:00:00+00:00,6481.25000,6490.25000,6480.25000,6486.75000
2025-08-14T18:00:00+00:00,6486.75000,6489.00000,6478.50000,6485.50000
2025-08-14T19:00:00+00:00,6485.75000,6496.00000,6484.25000,6488.75000
2025-08-14T20:00:00+00:00,6489.00000,6491.25000,6481.50000,6489.75000
2025-08-14T22:00:00+00:00,6489.25000,6492.75000,6486.75000,6492.50000
2025-08-14T23:00:00+00:00,6492.50000,6494.75000,6490.25000,6490.50000
2025-08-15T00:00:00+00:00,6490.75000,6496.00000,6487.50000,6492.75000
2025-08-15T01:00:00+00:00,6492.50000,6500.00000,6492.00000,6498.00000
2025-08-15T02:00:00+00:00,6498.00000,6501.50000,6498.00000,6500.00000
2025-08-15T03:00:00+00:00,6499.75000,6501.50000,6498.00000,6501.25000
2025-08-15T04:00:00+00:00,6504.25000,6505.75000,6501.75000,6503.75000
2025-08-15T05:00:00+00:00,6503.75000,6506.75000,6502.25000,6505.75000
2025-08-15T06:00:00+00:00,6505.75000,6508.75000,6504.00000,6506.00000
2025-08-15T07:00:00+00:00,6506.25000,6508.25000,6503.25000,6505.25000
2025-08-15T08:00:00+00:00,6505.25000,6507.50000,6494.00000,6494.75000
2025-08-15T09:00:00+00:00,6494.50000,6497.25000,6491.75000,6491.75000
2025-08-15T10:00:00+00:00,6492.00000,6501.00000,6490.00000,6499.50000
2025-08-15T11:00:00+00:00,6499.50000,6502.25000,6498.75000,6499.50000
2025-08-15T12:00:00+00:00,6499.75000,6500.50000,6492.00000,6498.50000
2025-08-15T13:00:00+00:00,6498.25000,6500.50000,6473.50000,6477.25000
2025-08-15T14:00:00+00:00,6477.00000,6483.25000,6468.25000,6472.50000
2025-08-15T15:00:00+00:00,6472.50000,6479.50000,6461.50000,6470.75000
2025-08-15T16:00:00+00:00,6470.50000,6479.50000,6467.25000,6477.50000
2025-08-15T17:00:00+00:00,6477.50000,6485.00000,6474.00000,6484.25000
2025-08-15T18:00:00+00:00,6484.50000,6485.50000,6474.75000,6479.25000
2025-08-15T19:00:00+00:00,6479.25000,6479.50000,6467.75000,6471.50000
2025-08-15T20:00:00+00:00,6471.50000,6472.25000,6464.00000,6471.50000
2025-08-17T22:00:00+00:00,6467.00000,6480.00000,6466.25000,6479.25000
2025-08-17T23:00:00+00:00,6479.25000,6482.75000,6477.75000,6480.50000
2025-08-18T00:00:00+00:00,6480.50000,6483.00000,6479.50000,6480.25000
2025-08-18T01:00:00+00:00,6480.25000,6484.25000,6479.50000,6484.00000
2025-08-18T02:00:00+00:00,6484.00000,6484.00000,6481.25000,6482.50000
2025-08-18T03:00:00+00:00,6482.50000,6483.75000,6479.75000,6481.50000
2025-08-18T04:00:00+00:00,6480.25000,6481.00000,6478.00000,6478.50000
2025-08-18T05:00:00+00:00,6478.25000,6480.00000,6477.00000,6478.50000
2025-08-18T06:00:00+00:00,6478.25000,6479.75000,6461.25000,6466.25000
2025-08-18T07:00:00+00:00,6466.50000,6468.75000,6459.00000,6465.25000
2025-08-18T08:00:00+00:00,6465.25000,6467.75000,6456.75000,6464.25000
2025-08-18T09:00:00+00:00,6464.50000,6464.75000,6456.00000,6459.50000
2025-08-18T10:00:00+00:00,6459.75000,6466.50000,6459.25000,6465.25000
2025-08-18T11:00:00+00:00,6465.25000,6466.25000,6461.25000,6464.50000
2025-08-18T12:00:00+00:00,6464.50000,6467.25000,6461.00000,6466.50000
2025-08-18T13:00:00+00:00,6466.50000,6474.00000,6461.00000,6462.75000
2025-08-18T14:00:00+00:00,6462.75000,6475.25000,6458.50000,6468.25000
2025-08-18T15:00:00+00:00,6468.00000,6470.50000,6460.75000,6463.25000
2025-08-18T16:00:00+00:00,6463.00000,6469.75000,6457.25000,6460.75000
2025-08-18T17:00:00+00:00,6460.75000,6474.25000,6460.50000,6463.50000
2025-08-18T18:00:00+00:00,6463.75000,6471.75000,6460.00000,6470.50000
2025-08-18T19:00:00+00:00,6470.25000,6474.75000,6466.50000,6468.75000
2025-08-18T20:00:00+00:00,6469.00000,6470.75000,6466.00000,6467.00000
2025-08-18T22:00:00+00:00,6468.50000,6477.50000,6467.75000,6474.50000
2025-08-18T23:00:00+00:00,6474.25000,6475.25000,6470.25000,6471.50000
2025-08-19T00:00:00+00:00,6471.50000,6471.75000,6462.00000,6465.75000
2025-08-19T01:00:00+00:00,6466.00000,6469.00000,6463.75000,6463.75000
2025-08-19T02:00:00+00:00,6463.75000,6466.25000,6460.50000,6460.75000
2025-08-19T03:00:00+00:00,6460.75000,6466.00000,6459.25000,6460.25000
2025-08-19T04:00:00+00:00,6458.75000,6460.00000,6456.75000,6459.00000
2025-08-19T05:00:00+00:00,6459.25000,6460.50000,6454.00000,6455.25000
2025-08-19T06:00:00+00:00,6455.00000,6460.75000,6454.75000,6459.50000
2025-08-19T07:00:00+00:00,6459.50000,6461.75000,6458.25000,6460.25000
2025-08-19T08:00:00+00:00,6460.25000,6465.50000,6458.00000,6465.25000
2025-08-19T09:00:00+00:00,6465.25000,6469.00000,6464.25000,6465.75000
2025-08-19T10:00:00+00:00,6466.00000,6466.00000,6459.50000,6461.50000
2025-08-19T11:00:00+00:00,6461.25000,6467.75000,6461.00000,6467.25000
2025-08-19T12:00:00+00:00,6467.00000,6468.75000,6462.50000,6463.25000
2025-08-19T13:00:00+00:00,6463.25000,6469.50000,6454.75000,6463.75000
2025-08-19T14:00:00+00:00,6463.75000,6476.25000,6446.50000,6446.75000
2025-08-19T15:00:00+00:00,6446.75000,6453.75000,6439.00000,6442.25000
2025-08-19T16:00:00+00:00,6442.00000,6446.00000,6427.75000,6431.25000
2025-08-19T17:00:00+00:00,6431.25000,6435.75000,6422.50000,6432.75000
2025-08-19T18:00:00+00:00,6432.75000,6433.50000,6421.25000,6425.75000
2025-08-19T19:00:00+00:00,6426.00000,6434.25000,6419.25000,6432.50000
2025-08-19T20:00:00+00:00,6432.75000,6436.50000,6432.50000,6435.00000
2025-08-19T22:00:00+00:00,6433.00000,6438.00000,6429.75000,6432.25000
2025-08-19T23:00:00+00:00,6432.25000,6434.25000,6424.25000,6427.25000
2025-08-20T00:00:00+00:00,6427.50000,6427.50000,6422.25000,6425.00000
2025-08-20T01:00:00+00:00,6424.75000,6427.50000,6417.75000,6418.50000
2025-08-20T02:00:00+00:00,6418.50000,6420.75000,6415.50000,6419.50000
2025-08-20T03:00:00+00:00,6419.50000,6420.25000,6409.25000,6410.75000
2025-08-20T04:00:00+00:00,6412.50000,6415.75000,6411.25000,6413.00000
2025-08-20T05:00:00+00:00,6412.75000,6416.25000,6409.00000,6415.50000
2025-08-20T06:00:00+00:00,6415.50000,6419.25000,6411.25000,6417.75000
2025-08-20T07:00:00+00:00,6417.75000,6425.50000,6417.25000,6419.75000
2025-08-20T08:00:00+00:00,6420.00000,6422.00000,6412.50000,6419.50000
2025-08-20T09:00:00+00:00,6419.75000,6425.50000,6417.75000,6424.00000
2025-08-20T10:00:00+00:00,6424.25000,6427.75000,6420.75000,6425.25000
2025-08-20T11:00:00+00:00,6425.00000,6429.75000,6418.50000,6424.25000
2025-08-20T12:00:00+00:00,6424.25000,6429.75000,6421.50000,6427.00000
2025-08-20T13:00:00+00:00,6427.00000,6430.75000,6383.00000,6387.50000
2025-08-20T14:00:00+00:00,6387.25000,6396.50000,6362.75000,6367.25000
2025-08-20T15:00:00+00:00,6367.50000,6402.75000,6365.25000,6385.00000
2025-08-20T16:00:00+00:00,6385.00000,6408.50000,6384.50000,6397.00000
2025-08-20T17:00:00+00:00,6396.75000,6413.25000,6395.00000,6406.00000
2025-08-20T18:00:00+00:00,6406.00000,6407.25000,6385.50000,6400.50000
2025-08-20T19:00:00+00:00,6400.50000,6424.25000,6400.25000,6414.00000
2025-08-20T20:00:00+00:00,6413.75000,6415.50000,6411.00000,6414.50000
2025-08-20T22:00:00+00:00,6414.25000,6417.75000,6410.00000,6411.50000
2025-08-20T23:00:00+00:00,6411.25000,6412.75000,6408.00000,6411.25000
2025-08-21T00:00:00+00:00,6411.00000,6411.50000,6401.25000,6405.50000
2025-08-21T01:00:00+00:00,6405.25000,6416.75000,6401.00000,6416.25000
2025-08-21T02:00:00+00:00,6416.00000,6419.00000,6413.75000,6417.25000
2025-08-21T03:00:00+00:00,6417.50000,6418.75000,6413.75000,6414.50000
2025-08-21T04:00:00+00:00,6412.75000,6414.50000,6411.25000,6412.00000
2025-08-21T05:00:00+00:00,6412.25000,6414.00000,6406.50000,6413.25000
2025-08-21T06:00:00+00:00,6413.50000,6418.75000,6412.25000,6416.25000
2025-08-21T07:00:00+00:00,6416.00000,6417.00000,6409.50000,6413.00000
2025-08-21T08:00:00+00:00,6413.00000,6416.75000,6403.00000,6403.25000
2025-08-21T09:00:00+00:00,6403.25000,6408.25000,6401.25000,6403.75000
2025-08-21T10:00:00+00:00,6403.75000,6404.50000,6395.00000,6403.00000
2025-08-21T11:00:00+00:00,6402.75000,6408.25000,6394.25000,6397.75000
2025-08-21T12:00:00+00:00,6397.75000,6398.00000,6384.75000,6387.00000
2025-08-21T13:00:00+00:00,6386.75000,6397.75000,6375.50000,6384.00000
2025-08-21T14:00:00+00:00,6384.00000,6412.25000,6378.50000,6404.25000
2025-08-21T15:00:00+00:00,6404.00000,6408.50000,6385.25000,6388.25000
2025-08-21T16:00:00+00:00,6388.00000,6392.75000,6378.75000,6381.00000
2025-08-21T17:00:00+00:00,6381.00000,6394.50000,6370.25000,6391.50000
2025-08-21T18:00:00+00:00,6391.50000,6395.25000,6383.00000,6393.75000
2025-08-21T19:00:00+00:00,6393.50000,6397.50000,6383.00000,6388.50000
2025-08-21T20:00:00+00:00,6388.25000,6392.25000,6386.25000,6390.75000
2025-08-21T22:00:00+00:00,6392.00000,6397.50000,6391.50000,6396.75000
2025-08-21T23:00:00+00:00,6396.50000,6398.50000,6394.25000,6398.25000
2025-08-22T00:00:00+00:00,6398.00000,6399.25000,6385.25000,6391.50000
2025-08-22T01:00:00+00:00,6391.50000,6393.00000,6387.75000,6389.50000
2025-08-22T02:00:00+00:00,6390.00000,6394.75000,6388.75000,6389.00000
2025-08-22T03:00:00+00:00,6389.00000,6389.50000,6385.50000,6386.25000
2025-08-22T04:00:00+00:00,6388.00000,6390.50000,6387.50000,6389.00000
2025-08-22T05:00:00+00:00,6389.00000,6389.75000,6382.75000,6385.25000
2025-08-22T06:00:00+00:00,6385.25000,6385.25000,6364.00000,6376.75000
2025-08-22T07:00:00+00:00,6376.75000,6391.50000,6375.00000,6390.50000
2025-08-22T08:00:00+00:00,6390.25000,6402.75000,6388.75000,6402.00000
2025-08-22T09:00:00+00:00,6402.00000,6402.50000,6398.75000,6402.00000
2025-08-22T10:00:00+00:00,6402.25000,6406.00000,6401.25000,6404.00000
2025-08-22T11:00:00+00:00,6404.00000,6406.00000,6398.00000,6400.00000
2025-08-22T12:00:00+00:00,6399.75000,6405.75000,6399.25000,6400.25000
2025-08-22T13:00:00+00:00,6400.25000,6427.75000,6399.25000,6414.25000
2025-08-22T14:00:00+00:00,6414.50000,6492.75000,6414.50000,6487.25000
2025-08-22T15:00:00+00:00,6487.50000,6496.25000,6484.00000,6485.00000
2025-08-22T16:00:00+00:00,6485.25000,6490.00000,6473.75000,6478.00000
2025-08-22T17:00:00+00:00,6477.75000,6495.00000,6477.75000,6489.00000
2025-08-22T18:00:00+00:00,6489.00000,6491.50000,6483.75000,6485.75000
2025-08-22T19:00:00+00:00,6485.75000,6487.75000,6474.00000,6483.25000
2025-08-22T20:00:00+00:00,6483.25000,6486.75000,6480.00000,6483.25000
2025-08-24T22:00:00+00:00,6493.00000,6494.00000,6479.00000,6483.25000
2025-08-24T23:00:00+00:00,6483.25000,6486.75000,6480.75000,6483.00000
2025-08-25T00:00:00+00:00,6483.25000,6487.25000,6477.75000,6479.50000
2025-08-25T01:00:00+00:00,6479.25000,6480.00000,6474.50000,6474.50000
2025-08-25T02:00:00+00:00,6474.50000,6477.00000,6471.75000,6472.00000
2025-08-25T03:00:00+00:00,6471.75000,6478.00000,6471.50000,6477.50000
2025-08-25T04:00:00+00:00,6477.50000,6480.00000,6476.75000,6479.25000
2025-08-25T05:00:00+00:00,6479.25000,6482.00000,6478.25000,6481.75000
2025-08-25T06:00:00+00:00,6481.75000,6482.50000,6473.25000,6474.00000
2025-08-25T07:00:00+00:00,6474.25000,6476.00000,6471.75000,6474.00000
2025-08-25T08:00:00+00:00,6474.00000,6475.75000,6470.75000,6471.00000
2025-08-25T09:00:00+00:00,6471.25000,6471.50000,6467.00000,6470.00000
2025-08-25T10:00:00+00:00,6470.00000,6470.00000,6462.50000,6463.75000
2025-08-25T11:00:00+00:00,6463.75000,6469.50000,6462.75000,6468.25000
2025-08-25T12:00:00+00:00,6468.00000,6468.00000,6460.75000,6464.25000
2025-08-25T13:00:00+00:00,6464.50000,6473.50000,6463.75000,6473.25000
2025-08-25T14:00:00+00:00,6473.00000,6476.75000,6466.75000,6474.00000
2025-08-25T15:00:00+00:00,6473.75000,6480.25000,6471.75000,6479.25000
2025-08-25T16:00:00+00:00,6479.25000,6482.75000,6477.50000,6479.75000
2025-08-25T17:00:00+00:00,6479.50000,6480.00000,6469.75000,6474.75000
2025-08-25T18:00:00+00:00,6474.50000,6475.25000,6468.50000,6468.75000
2025-08-25T19:00:00+00:00,6469.00000,6471.00000,6453.25000,6454.50000
2025-08-25T20:00:00+00:00,6454.75000,6461.25000,6453.00000,6459.50000
2025-08-25T22:00:00+00:00,6460.25000,6463.75000,6458.50000,6462.00000
2025-08-25T23:00:00+00:00,6462.00000,6463.00000,6457.75000,6460.00000
2025-08-26T00:00:00+00:00,6459.75000,6463.25000,6430.75000,6441.25000
2025-08-26T01:00:00+00:00,6441.50000,6449.75000,6437.75000,6441.75000
2025-08-26T02:00:00+00:00,6441.75000,6453.00000,6441.75000,6446.50000
2025-08-26T03:00:00+00:00,6446.50000,6448.25000,6444.50000,6447.00000
2025-08-26T04:00:00+00:00,6447.75000,6448.75000,6444.75000,6447.75000
2025-08-26T05:00:00+00:00,6448.00000,6454.75000,6448.00000,6453.25000
2025-08-26T06:00:00+00:00,6452.75000,6454.25000,6445.25000,6447.00000
2025-08-26T07:00:00+00:00,6446.75000,6447.50000,6435.00000,6442.25000
2025-08-26T08:00:00+00:00,6442.25000,6448.75000,6441.50000,6446.25000
2025-08-26T09:00:00+00:00,6446.00000,6450.50000,6444.25000,6449.50000
2025-08-26T10:00:00+00:00,6449.50000,6453.50000,6449.00000,6451.75000
2025-08-26T11:00:00+00:00,6451.75000,6452.75000,6444.00000,6449.25000
2025-08-26T12:00:00+00:00,6449.00000,6452.00000,6443.00000,6450.75000
2025-08-26T13:00:00+00:00,6450.75000,6457.50000,6444.50000,6454.00000
2025-08-26T14:00:00+00:00,6454.25000,6461.75000,6452.75000,6456.00000
2025-08-26T15:00:00+00:00,6456.00000,6458.00000,6452.00000,6456.50000
2025-08-26T16:00:00+00:00,6456.50000,6464.75000,6456.50000,6462.25000
2025-08-26T17:00:00+00:00,6462.25000,6465.25000,6453.50000,6457.75000
2025-08-26T18:00:00+00:00,6457.75000,6469.50000,6456.75000,6468.25000
2025-08-26T19:00:00+00:00,6468.50000,6485.00000,6465.50000,6480.75000
2025-08-26T20:00:00+00:00,6480.75000,6487.50000,6479.25000,6487.00000
2025-08-26T22:00:00+00:00,6486.75000,6488.75000,6485.00000,6486.75000
2025-08-26T23:00:00+00:00,6487.00000,6488.25000,6485.75000,6486.25000
2025-08-27T00:00:00+00:00,6486.50000,6487.00000,6483.25000,6484.00000
2025-08-27T01:00:00+00:00,6484.00000,6489.00000,6483.75000,6488.50000
2025-08-27T02:00:00+00:00,6488.75000,6489.25000,6486.00000,6486.50000
2025-08-27T03:00:00+00:00,6486.50000,6488.50000,6486.25000,6487.50000
2025-08-27T04:00:00+00:00,6486.50000,6488.50000,6486.25000,6487.25000
2025-08-27T05:00:00+00:00,6487.25000,6487.50000,6483.00000,6484.00000
2025-08-27T06:00:00+00:00,6484.00000,6487.50000,6483.25000,6484.25000
2025-08-27T07:00:00+00:00,6484.50000,6487.75000,6478.50000,6482.50000
2025-08-27T08:00:00+00:00,6482.75000,6484.50000,6478.00000,6482.25000
2025-08-27T09:00:00+00:00,6482.25000,6486.50000,6481.50000,6484.75000
2025-08-27T10:00:00+00:00,6485.00000,6486.50000,6484.00000,6485.00000
2025-08-27T11:00:00+00:00,6484.75000,6487.75000,6483.50000,6486.00000
2025-08-27T12:00:00+00:00,6486.00000,6488.50000,6477.75000,6480.75000
2025-08-27T13:00:00+00:00,6480.50000,6483.75000,6472.25000,6482.00000
2025-08-27T14:00:00+00:00,6482.00000,6492.75000,6481.00000,6490.50000
2025-08-27T15:00:00+00:00,6490.50000,6495.50000,6487.50000,6494.25000
2025-08-27T16:00:00+00:00,6494.25000,6494.75000,6482.00000,6491.50000
2025-08-27T17:00:00+00:00,6491.50000,6496.75000,6488.75000,6496.25000
2025-08-27T18:00:00+00:00,6496.25000,6502.25000,6494.25000,6498.75000
2025-08-27T19:00:00+00:00,6499.00000,6502.50000,6486.50000,6494.25000
2025-08-27T20:00:00+00:00,6494.50000,6505.50000,6459.25000,6485.25000
2025-08-27T22:00:00+00:00,6485.00000,6486.25000,6474.25000,6478.00000
2025-08-27T23:00:00+00:00,6477.75000,6479.50000,6474.50000,6476.00000
2025-08-28T00:00:00+00:00,6475.75000,6480.00000,6471.00000,6479.00000
2025-08-28T01:00:00+00:00,6479.25000,6487.50000,6478.50000,6486.50000
2025-08-28T02:00:00+00:00,6486.50000,6489.75000,6485.75000,6487.75000
2025-08-28T03:00:00+00:00,6487.75000,6493.75000,6487.25000,6493.00000
2025-08-28T04:00:00+00:00,6488.75000,6491.00000,6487.50000,6488.25000
2025-08-28T05:00:00+00:00,6488.00000,6490.00000,6485.00000,6485.50000
2025-08-28T06:00:00+00:00,6485.75000,6499.75000,6485.00000,6497.00000
2025-08-28T07:00:00+00:00,6497.25000,6504.25000,6496.75000,6504.25000
2025-08-28T08:00:00+00:00,6504.25000,6506.75000,6498.75000,6499.00000
2025-08-28T09:00:00+00:00,6499.00000,6501.75000,6496.25000,6497.75000
2025-08-28T10:00:00+00:00,6498.00000,6499.50000,6492.00000,6495.75000
2025-08-28T11:00:00+00:00,6495.25000,6497.75000,6490.50000,6497.25000
2025-08-28T12:00:00+00:00,6497.25000,6503.25000,6492.00000,6498.75000
2025-08-28T13:00:00+00:00,6498.75000,6508.50000,6480.75000,6487.00000
2025-08-28T14:00:00+00:00,6486.75000,6499.50000,6483.25000,6496.50000
2025-08-28T15:00:00+00:00,6496.75000,6504.25000,6488.50000,6498.00000
2025-08-28T16:00:00+00:00,6498.00000,6513.00000,6497.00000,6504.25000
2025-08-28T17:00:00+00:00,6504.50000,6513.00000,6502.25000,6511.75000
2025-08-28T18:00:00+00:00,6511.50000,6518.50000,6511.00000,6517.75000
2025-08-28T19:00:00+00:00,6517.50000,6523.00000,6515.25000,6517.00000
2025-08-28T20:00:00+00:00,6517.00000,6519.25000,6514.00000,6516.25000
2025-08-28T22:00:00+00:00,6516.00000,6518.00000,6511.50000,6513.00000
2025-08-28T23:00:00+00:00,6512.75000,6515.25000,6511.75000,6514.25000
2025-08-29T00:00:00+00:00,6514.00000,6516.75000,6512.50000,6514.25000
2025-08-29T01:00:00+00:00,6514.25000,6515.50000,6511.50000,6512.25000
2025-08-29T02:00:00+00:00,6512.25000,6512.25000,6509.75000,6511.00000
2025-08-29T03:00:00+00:00,6511.00000,6514.50000,6511.00000,6511.75000
2025-08-29T04:00:00+00:00,6510.75000,6511.50000,6509.50000,6509.75000
2025-08-29T05:00:00+00:00,6510.00000,6511.50000,6509.00000,6511.50000
2025-08-29T06:00:00+00:00,6511.50000,6513.00000,6508.50000,6508.75000
2025-08-29T07:00:00+00:00,6508.75000,6512.00000,6502.75000,6503.00000
2025-08-29T08:00:00+00:00,6503.00000,6504.75000,6492.00000,6492.75000
2025-08-29T09:00:00+00:00,6493.00000,6497.75000,6488.75000,6495.75000
2025-08-29T10:00:00+00:00,6496.00000,6498.25000,6492.25000,6495.00000
2025-08-29T11:00:00+00:00,6494.75000,6498.25000,6494.00000,6495.75000
2025-08-29T12:00:00+00:00,6495.50000,6505.75000,6491.75000,6501.25000
2025-08-29T13:00:00+00:00,6501.00000,6504.00000,6477.00000,6479.25000
2025-08-29T14:00:00+00:00,6479.75000,6485.00000,6455.50000,6462.50000
2025-08-29T15:00:00+00:00,6462.25000,6472.00000,6461.00000,6462.25000
2025-08-29T16:00:00+00:00,6462.00000,6474.75000,6461.75000,6471.25000
2025-08-29T17:00:00+00:00,6471.25000,6474.50000,6458.50000,6470.75000
2025-08-29T18:00:00+00:00,6470.50000,6471.75000,6465.75000,6469.25000
2025-08-29T19:00:00+00:00,6469.00000,6476.00000,6462.25000,6475.25000
2025-08-29T20:00:00+00:00,6475.25000,6479.25000,6470.75000,6472.75000
2025-08-31T22:00:00+00:00,6478.75000,6487.50000,6472.75000,6487.25000
2025-08-31T23:00:00+00:00,6487.25000,6489.75000,6486.25000,6488.25000
2025-09-01T00:00:00+00:00,6488.25000,6491.50000,6485.25000,6488.75000
2025-09-01T01:00:00+00:00,6488.75000,6489.00000,6482.75000,6484.25000
2025-09-01T02:00:00+00:00,6484.25000,6484.50000,6474.75000,6475.50000
2025-09-01T03:00:00+00:00,6475.50000,6478.75000,6468.25000,6470.75000
2025-09-02T04:00:00+00:00,6468.75000,6471.25000,6467.25000,6469.50000
2025-09-02T05:00:00+00:00,6469.50000,6469.75000,6463.00000,6464.25000
2025-09-02T06:00:00+00:00,6464.25000,6471.75000,6463.25000,6471.50000
2025-09-02T07:00:00+00:00,6471.50000,6472.50000,6427.75000,6430.00000
2025-09-02T08:00:00+00:00,6430.25000,6446.00000,6428.25000,6441.75000
2025-09-02T09:00:00+00:00,6441.75000,6444.50000,6437.50000,6438.00000
2025-09-02T10:00:00+00:00,6438.00000,6441.00000,6421.00000,6426.50000
2025-09-02T11:00:00+00:00,6426.75000,6428.00000,6420.75000,6422.25000
2025-09-02T12:00:00+00:00,6422.25000,6422.25000,6387.25000,6396.00000
2025-09-02T13:00:00+00:00,6396.00000,6416.50000,6383.25000,6414.50000
2025-09-02T14:00:00+00:00,6414.00000,6425.00000,6395.00000,6399.25000
2025-09-02T15:00:00+00:00,6399.25000,6402.50000,6371.75000,6374.75000
2025-09-02T16:00:00+00:00,6374.75000,6392.50000,6372.50000,6392.25000
2025-09-02T17:00:00+00:00,6392.25000,6413.75000,6388.00000,6406.75000
2025-09-02T18:00:00+00:00,6406.75000,6412.50000,6396.00000,6403.75000
2025-09-02T19:00:00+00:00,6403.75000,6427.75000,6403.50000,6426.00000
2025-09-02T20:00:00+00:00,6426.25000,6447.50000,6424.75000,6447.25000
2025-09-02T22:00:00+00:00,6448.00000,6448.00000,6435.75000,6437.00000
2025-09-02T23:00:00+00:00,6437.00000,6438.00000,6433.50000,6435.00000
2025-09-03T00:00:00+00:00,6434.75000,6435.50000,6432.00000,6434.50000
2025-09-03T01:00:00+00:00,6434.25000,6434.75000,6429.50000,6433.50000
2025-09-03T02:00:00+00:00,6433.25000,6434.00000,6428.75000,6430.50000
2025-09-03T03:00:00+00:00,6430.50000,6433.00000,6426.25000,6430.00000
2025-09-03T04:00:00+00:00,6430.50000,6432.00000,6428.75000,6431.00000
2025-09-03T05:00:00+00:00,6431.00000,6431.25000,6425.50000,6426.75000
2025-09-03T06:00:00+00:00,6426.75000,6437.50000,6426.00000,6434.00000
2025-09-03T07:00:00+00:00,6433.75000,6444.00000,6428.00000,6442.50000
2025-09-03T08:00:00+00:00,6442.50000,6454.00000,6441.00000,6451.75000
2025-09-03T09:00:00+00:00,6451.75000,6457.75000,6447.25000,6455.25000
2025-09-03T10:00:00+00:00,6455.25000,6458.25000,6452.75000,6457.25000
2025-09-03T11:00:00+00:00,6457.00000,6460.25000,6448.50000,6449.75000
2025-09-03T12:00:00+00:00,6449.75000,6456.00000,6444.25000,6445.75000
2025-09-03T13:00:00+00:00,6445.75000,6454.50000,6440.25000,6441.50000
2025-09-03T14:00:00+00:00,6441.25000,6463.75000,6437.75000,6461.75000
2025-09-03T15:00:00+00:00,6461.75000,6464.25000,6443.00000,6445.75000
2025-09-03T16:00:00+00:00,6445.50000,6453.25000,6436.00000,6440.00000
2025-09-03T17:00:00+00:00,6440.00000,6450.50000,6428.00000,6431.75000
2025-09-03T18:00:00+00:00,6431.75000,6434.75000,6426.50000,6431.00000
2025-09-03T19:00:00+00:00,6430.75000,6459.25000,6427.75000,6458.50000
2025-09-03T20:00:00+00:00,6458.50000,6462.75000,6457.75000,6460.50000
2025-09-03T22:00:00+00:00,6460.00000,6460.50000,6454.75000,6455.00000
2025-09-03T23:00:00+00:00,6455.25000,6459.50000,6454.50000,6455.75000
2025-09-04T00:00:00+00:00,6455.75000,6471.25000,6454.50000,6467.25000
2025-09-04T01:00:00+00:00,6467.25000,6469.25000,6463.00000,6465.25000
2025-09-04T02:00:00+00:00,6465.50000,6472.25000,6461.25000,6462.50000
2025-09-04T03:00:00+00:00,6462.50000,6463.75000,6458.50000,6460.25000
2025-09-04T04:00:00+00:00,6463.25000,6466.75000,6463.00000,6466.00000
2025-09-04T05:00:00+00:00,6465.75000,6469.00000,6460.50000,6462.25000
2025-09-04T06:00:00+00:00,6462.25000,6466.00000,6459.00000,6459.25000
2025-09-04T07:00:00+00:00,6459.25000,6467.75000,6458.50000,6466.00000
2025-09-04T08:00:00+00:00,6466.25000,6469.25000,6463.50000,6466.50000
2025-09-04T09:00:00+00:00,6466.50000,6470.25000,6465.50000,6470.00000
2025-09-04T10:00:00+00:00,6470.00000,6473.75000,6467.25000,6469.50000
2025-09-04T11:00:00+00:00,6469.25000,6472.25000,6462.75000,6465.50000
2025-09-04T12:00:00+00:00,6465.75000,6471.75000,6461.50000,6465.25000
2025-09-04T13:00:00+00:00,6465.00000,6474.75000,6461.25000,6470.25000
2025-09-04T14:00:00+00:00,6470.50000,6479.25000,6456.25000,6477.75000
2025-09-04T15:00:00+00:00,6478.00000,6487.75000,6474.75000,6483.25000
2025-09-04T16:00:00+00:00,6483.25000,6487.25000,6479.50000,6481.00000
2025-09-04T17:00:00+00:00,6481.00000,6496.25000,6480.75000,6493.00000
2025-09-04T18:00:00+00:00,6493.00000,6498.25000,6492.25000,6498.00000
2025-09-04T19:00:00+00:00,6497.75000,6512.75000,6497.50000,6511.25000
2025-09-04T20:00:00+00:00,6511.25000,6516.75000,6508.50000,6512.50000
2025-09-04T22:00:00+00:00,6515.75000,6517.75000,6513.00000,6516.50000
2025-09-04T23:00:00+00:00,6516.25000,6518.00000,6515.00000,6515.75000
2025-09-05T00:00:00+00:00,6515.75000,6519.75000,6514.50000,6519.50000
2025-09-05T01:00:00+00:00,6519.50000,6521.00000,6518.00000,6519.75000
2025-09-05T02:00:00+00:00,6519.50000,6520.75000,6517.50000,6519.50000
2025-09-05T03:00:00+00:00,6519.50000,6520.25000,6518.00000,6520.00000
2025-09-05T04:00:00+00:00,6521.00000,6522.50000,6520.50000,6520.50000
2025-09-05T05:00:00+00:00,6520.50000,6527.75000,6519.75000,6525.25000
2025-09-05T06:00:00+00:00,6525.50000,6531.00000,6524.50000,6526.50000
2025-09-05T07:00:00+00:00,6526.50000,6528.00000,6520.75000,6522.25000
2025-09-05T08:00:00+00:00,6522.25000,6527.50000,6520.75000,6526.25000
2025-09-05T09:00:00+00:00,6526.50000,6526.75000,6522.75000,6523.25000
2025-09-05T10:00:00+00:00,6523.25000,6525.50000,6521.25000,6522.75000
2025-09-05T11:00:00+00:00,6522.50000,6526.50000,6517.25000,6517.50000
2025-09-05T12:00:00+00:00,6517.50000,6535.75000,6502.50000,6535.50000
2025-09-05T13:00:00+00:00,6535.75000,6541.75000,6524.75000,6530.00000
2025-09-05T14:00:00+00:00,6530.00000,6530.25000,6459.50000,6460.25000
2025-09-05T15:00:00+00:00,6460.25000,6488.00000,6452.00000,6475.75000
2025-09-05T16:00:00+00:00,6475.50000,6486.25000,6471.00000,6483.50000
2025-09-05T17:00:00+00:00,6483.50000,6484.25000,6464.75000,6470.25000
2025-09-05T18:00:00+00:00,6470.25000,6482.00000,6467.50000,6481.75000
2025-09-05T19:00:00+00:00,6482.00000,6493.00000,6477.75000,6490.75000
2025-09-05T20:00:00+00:00,6490.75000,6491.50000,6485.25000,6489.75000
2025-09-07T22:00:00+00:00,6483.75000,6502.50000,6480.25000,6498.75000
2025-09-07T23:00:00+00:00,6498.75000,6506.00000,6498.25000,6505.00000
2025-09-08T00:00:00+00:00,6505.00000,6507.50000,6500.00000,6500.25000
2025-09-08T01:00:00+00:00,6500.25000,6503.75000,6499.25000,6501.50000
2025-09-08T02:00:00+00:00,6501.75000,6502.00000,6495.25000,6496.75000
2025-09-08T03:00:00+00:00,6496.50000,6501.50000,6496.50000,6499.75000
2025-09-08T04:00:00+00:00,6499.25000,6499.50000,6493.75000,6494.75000
2025-09-08T05:00:00+00:00,6494.75000,6498.50000,6493.75000,6494.00000
2025-09-08T06:00:00+00:00,6493.75000,6501.50000,6493.75000,6498.50000
2025-09-08T07:00:00+00:00,6498.75000,6507.00000,6497.75000,6500.25000
2025-09-08T08:00:00+00:00,6500.25000,6505.25000,6498.75000,6503.50000
2025-09-08T09:00:00+00:00,6503.50000,6506.75000,6500.50000,6506.00000
2025-09-08T10:00:00+00:00,6506.00000,6508.25000,6504.75000,6505.00000
2025-09-08T11:00:00+00:00,6505.00000,6507.00000,6500.50000,6501.00000
2025-09-08T12:00:00+00:00,6501.00000,6505.50000,6496.75000,6504.75000
2025-09-08T13:00:00+00:00,6505.00000,6509.00000,6498.50000,6501.75000
2025-09-08T14:00:00+00:00,6501.75000,6516.00000,6495.25000,6512.00000
2025-09-08T15:00:00+00:00,6511.75000,6516.50000,6502.75000,6512.00000
2025-09-08T16:00:00+00:00,6512.00000,6512.00000,6495.75000,6503.50000
2025-09-08T17:00:00+00:00,6503.50000,6505.75000,6490.25000,6493.75000
2025-09-08T18:00:00+00:00,6493.75000,6503.75000,6491.25000,6500.25000
2025-09-08T19:00:00+00:00,6500.00000,6508.00000,6491.25000,6507.00000
2025-09-08T20:00:00+00:00,6507.00000,6508.50000,6504.75000,6507.00000
2025-09-08T22:00:00+00:00,6507.75000,6513.50000,6506.75000,6513.00000
2025-09-08T23:00:00+00:00,6513.25000,6514.25000,6509.25000,6509.50000
2025-09-09T00:00:00+00:00,6509.75000,6512.25000,6507.75000,6508.00000
2025-09-09T01:00:00+00:00,6508.00000,6509.25000,6504.00000,6508.25000
2025-09-09T02:00:00+00:00,6508.25000,6515.25000,6508.25000,6512.25000
2025-09-09T03:00:00+00:00,6512.25000,6515.50000,6512.00000,6514.75000
2025-09-09T04:00:00+00:00,6514.00000,6514.50000,6512.00000,6513.50000
2025-09-09T05:00:00+00:00,6513.50000,6514.25000,6508.50000,6512.25000
2025-09-09T06:00:00+00:00,6512.25000,6517.75000,6511.50000,6515.75000
2025-09-09T07:00:00+00:00,6515.75000,6521.25000,6513.75000,6514.50000
2025-09-09T08:00:00+00:00,6514.75000,6516.00000,6511.00000,6512.75000
2025-09-09T09:00:00+00:00,6512.75000,6515.25000,6511.00000,6511.75000
2025-09-09T10:00:00+00:00,6511.75000,6514.50000,6510.00000,6511.75000
2025-09-09T11:00:00+00:00,6511.50000,6514.50000,6507.00000,6513.75000
2025-09-09T12:00:00+00:00,6513.50000,6515.00000,6510.50000,6511.75000
2025-09-09T13:00:00+00:00,6511.50000,6512.75000,6502.00000,6507.50000
2025-09-09T14:00:00+00:00,6507.50000,6515.00000,6489.25000,6500.50000
2025-09-09T15:00:00+00:00,6500.25000,6505.50000,6495.00000,6499.75000
2025-09-09T16:00:00+00:00,6499.75000,6509.50000,6498.75000,6507.75000
2025-09-09T17:00:00+00:00,6507.75000,6517.25000,6507.25000,6515.25000
2025-09-09T18:00:00+00:00,6515.50000,6518.50000,6513.00000,6516.00000
2025-09-09T19:00:00+00:00,6516.00000,6526.25000,6513.00000,6521.00000
2025-09-09T20:00:00+00:00,6521.25000,6536.25000,6516.50000,6530.25000
2025-09-09T22:00:00+00:00,6532.25000,6537.25000,6531.00000,6533.75000
2025-09-09T23:00:00+00:00,6534.00000,6534.00000,6526.75000,6529.75000
2025-09-10T00:00:00+00:00,6529.75000,6534.00000,6529.00000,6531.25000
2025-09-10T01:00:00+00:00,6531.25000,6537.00000,6529.75000,6535.50000
2025-09-10T02:00:00+00:00,6535.50000,6537.00000,6533.50000,6536.25000
2025-09-10T03:00:00+00:00,6536.00000,6537.75000,6535.75000,6537.25000
2025-09-10T04:00:00+00:00,6537.75000,6539.50000,6537.25000,6539.50000
2025-09-10T05:00:00+00:00,6539.25000,6539.75000,6536.50000,6538.00000
2025-09-10T06:00:00+00:00,6538.00000,6541.50000,6535.50000,6539.50000
2025-09-10T07:00:00+00:00,6539.50000,6543.75000,6537.75000,6541.00000
2025-09-10T08:00:00+00:00,6541.00000,6541.75000,6531.00000,6532.75000
2025-09-10T09:00:00+00:00,6532.75000,6536.00000,6529.50000,6535.75000
2025-09-10T10:00:00+00:00,6536.00000,6540.00000,6534.50000,6540.00000
2025-09-10T11:00:00+00:00,6540.00000,6545.50000,6539.50000,6543.50000
2025-09-10T12:00:00+00:00,6543.50000,6565.25000,6538.75000,6554.75000
2025-09-10T13:00:00+00:00,6554.75000,6559.25000,6543.75000,6552.75000
2025-09-10T14:00:00+00:00,6552.50000,6562.25000,6549.50000,6550.75000
2025-09-10T15:00:00+00:00,6550.75000,6553.00000,6540.00000,6549.50000
2025-09-10T16:00:00+00:00,6549.75000,6550.75000,6538.00000,6546.00000
2025-09-10T17:00:00+00:00,6546.00000,6551.00000,6535.75000,6540.00000
2025-09-10T18:00:00+00:00,6539.75000,6540.75000,6530.25000,6536.50000
2025-09-10T19:00:00+00:00,6536.25000,6543.50000,6522.50000,6539.00000
2025-09-10T20:00:00+00:00,6539.00000,6541.25000,6536.00000,6536.75000
2025-09-10T22:00:00+00:00,6535.75000,6547.50000,6535.50000,6544.00000
2025-09-10T23:00:00+00:00,6544.25000,6548.00000,6542.75000,6545.50000
2025-09-11T00:00:00+00:00,6545.50000,6547.50000,6539.50000,6545.75000
2025-09-11T01:00:00+00:00,6545.75000,6547.75000,6544.25000,6546.50000
2025-09-11T02:00:00+00:00,6546.50000,6547.50000,6544.00000,6545.75000
2025-09-11T03:00:00+00:00,6545.75000,6547.25000,6545.25000,6545.75000
2025-09-11T04:00:00+00:00,6546.50000,6546.50000,6539.50000,6539.50000
2025-09-11T05:00:00+00:00,6539.75000,6542.75000,6537.25000,6540.50000
2025-09-11T06:00:00+00:00,6540.50000,6549.00000,6539.00000,6547.50000
2025-09-11T07:00:00+00:00,6547.75000,6549.50000,6544.50000,6548.75000
2025-09-11T08:00:00+00:00,6548.75000,6551.25000,6546.50000,6547.50000
2025-09-11T09:00:00+00:00,6547.50000,6549.25000,6546.25000,6547.75000
2025-09-11T10:00:00+00:00,6548.00000,6553.50000,6547.25000,6552.75000
2025-09-11T11:00:00+00:00,6552.75000,6555.25000,6551.75000,6553.25000
2025-09-11T12:00:00+00:00,6553.00000,6562.25000,6535.50000,6558.00000
2025-09-11T13:00:00+00:00,6557.75000,6572.50000,6552.00000,6572.00000
2025-09-11T14:00:00+00:00,6572.00000,6586.50000,6570.00000,6583.00000
2025-09-11T15:00:00+00:00,6582.75000,6595.00000,6581.75000,6588.75000
2025-09-11T16:00:00+00:00,6588.75000,6593.75000,6585.00000,6588.00000
2025-09-11T17:00:00+00:00,6588.00000,6592.50000,6585.00000,6592.00000
2025-09-11T18:00:00+00:00,6592.00000,6594.00000,6588.00000,6592.00000
2025-09-11T19:00:00+00:00,6591.75000,6600.00000,6590.25000,6592.00000
2025-09-11T20:00:00+00:00,6592.25000,6594.25000,6590.25000,6591.75000
2025-09-11T22:00:00+00:00,6596.25000,6596.25000,6590.25000,6592.00000
2025-09-11T23:00:00+00:00,6592.25000,6594.75000,6591.00000,6593.00000
2025-09-12T00:00:00+00:00,6593.00000,6593.25000,6590.50000,6591.00000
2025-09-12T01:00:00+00:00,6591.25000,6592.00000,6587.50000,6587.75000
2025-09-12T02:00:00+00:00,6588.00000,6590.00000,6586.25000,6589.00000
2025-09-12T03:00:00+00:00,6589.00000,6591.00000,6588.25000,6590.50000
2025-09-12T04:00:00+00:00,6591.50000,6593.50000,6591.00000,6591.50000
2025-09-12T05:00:00+00:00,6591.50000,6594.25000,6591.00000,6593.25000
2025-09-12T06:00:00+00:00,6593.25000,6593.50000,6585.25000,6589.25000
2025-09-12T07:00:00+00:00,6589.00000,6591.25000,6584.00000,6584.75000
2025-09-12T08:00:00+00:00,6584.75000,6586.25000,6576.00000,6583.25000
2025-09-12T09:00:00+00:00,6583.00000,6585.25000,6581.75000,6583.50000
2025-09-12T10:00:00+00:00,6583.50000,6586.50000,6582.75000,6586.25000
2025-09-12T11:00:00+00:00,6586.25000,6589.50000,6583.00000,6589.25000
2025-09-12T12:00:00+00:00,6589.25000,6591.00000,6584.50000,6590.50000
2025-09-12T13:00:00+00:00,6590.50000,6594.50000,6585.00000,6593.00000
2025-09-12T14:00:00+00:00,6593.50000,6598.75000,6586.75000,6597.50000
2025-09-12T15:00:00+00:00,6597.75000,6598.00000,6585.75000,6589.75000
2025-09-12T16:00:00+00:00,6589.75000,6595.75000,6586.50000,6594.25000
2025-09-12T17:00:00+00:00,6594.50000,6598.50000,6591.75000,6597.25000
2025-09-12T18:00:00+00:00,6597.50000,6606.00000,6596.00000,6602.00000
2025-09-12T19:00:00+00:00,6602.25000,6603.50000,6583.00000,6587.50000
2025-09-12T20:00:00+00:00,6587.75000,6590.00000,6585.50000,6588.50000
2025-09-14T22:00:00+00:00,6588.25000,6592.50000,6586.25000,6591.50000
2025-09-14T23:00:00+00:00,6591.50000,6592.25000,6586.75000,6588.00000
2025-09-15T00:00:00+00:00,6588.25000,6589.50000,6585.25000,6588.50000
2025-09-15T01:00:00+00:00,6588.75000,6591.50000,6588.50000,6591.00000
2025-09-15T02:00:00+00:00,6590.75000,6592.25000,6589.50000,6592.00000
2025-09-15T03:00:00+00:00,6592.00000,6593.75000,6591.50000,6592.25000
2025-09-15T04:00:00+00:00,6592.25000,6594.00000,6592.25000,6594.00000
2025-09-15T05:00:00+00:00,6593.75000,6596.50000,6592.00000,6595.75000
2025-09-15T06:00:00+00:00,6595.75000,6599.25000,6594.50000,6598.50000
2025-09-15T07:00:00+00:00,6598.25000,6600.00000,6596.75000,6598.50000
2025-09-15T08:00:00+00:00,6598.50000,6598.75000,6586.25000,6594.25000
2025-09-15T09:00:00+00:00,6594.00000,6595.00000,6591.00000,6594.50000
2025-09-15T10:00:00+00:00,6594.50000,6599.00000,6593.75000,6598.50000
2025-09-15T11:00:00+00:00,6598.75000,6602.50000,6598.25000,6602.00000
2025-09-15T12:00:00+00:00,6602.00000,6609.75000,6601.25000,6609.50000
2025-09-15T13:00:00+00:00,6609.50000,6619.75000,6606.75000,6619.50000
2025-09-15T14:00:00+00:00,6619.25000,6623.00000,6612.75000,6622.50000
2025-09-15T15:00:00+00:00,6622.50000,6623.50000,6615.00000,6619.00000
2025-09-15T16:00:00+00:00,6619.00000,6621.75000,6613.25000,6613.75000
2025-09-15T17:00:00+00:00,6613.75000,6619.50000,6607.75000,6619.00000
2025-09-15T18:00:00+00:00,6618.75000,6619.00000,6605.50000,6612.75000
2025-09-15T19:00:00+00:00,6612.50000,6622.75000,6609.75000,6621.75000
2025-09-15T20:00:00+00:00,6621.75000,6622.50000,6616.00000,6616.75000
2025-09-15T22:00:00+00:00,6616.25000,6617.50000,6614.00000,6615.00000
2025-09-15T23:00:00+00:00,6614.75000,6621.25000,6614.50000,6620.25000
2025-09-16T00:00:00+00:00,6620.25000,6620.25000,6615.25000,6618.75000
2025-09-16T01:00:00+00:00,6619.00000,6621.50000,6618.00000,6619.75000
2025-09-16T02:00:00+00:00,6620.00000,6625.75000,6620.00000,6622.75000
2025-09-16T03:00:00+00:00,6623.75000,6627.75000,6623.50000,6627.25000
2025-09-16T04:00:00+00:00,6626.75000,6627.25000,6625.75000,6626.75000
2025-09-16T05:00:00+00:00,6626.75000,6631.75000,6626.00000,6629.25000
2025-09-16T06:00:00+00:00,6629.25000,6631.00000,6625.50000,6625.75000
2025-09-16T07:00:00+00:00,6625.75000,6688.00000,6625.25000,6688.00000
2025-09-16T08:00:00+00:00,6688.00000,6696.75000,6629.75000,6694.75000
2025-09-16T09:00:00+00:00,6637.00000,6696.75000,6632.50000,6634.25000
2025-09-16T10:00:00+00:00,6634.25000,6692.75000,6632.50000,6633.50000
2025-09-16T11:00:00+00:00,6633.50000,6691.75000,6629.75000,6689.25000
2025-09-16T12:00:00+00:00,6631.75000,6689.75000,6624.00000,6684.50000
2025-09-16T13:00:00+00:00,6684.50000,6688.25000,6612.50000,6672.75000
2025-09-16T14:00:00+00:00,6672.75000,6675.00000,6608.25000,6610.75000
2025-09-16T15:00:00+00:00,6611.00000,6670.75000,6604.25000,6666.25000
2025-09-16T16:00:00+00:00,6666.00000,6670.25000,6607.00000,6669.00000
2025-09-16T17:00:00+00:00,6669.00000,6673.75000,6611.50000,6671.25000
2025-09-16T18:00:00+00:00,6671.00000,6676.25000,6612.50000,6618.50000
2025-09-16T19:00:00+00:00,6618.25000,6676.25000,6609.00000,6611.50000
2025-09-16T20:00:00+00:00,6611.50000,6673.50000,6610.75000,6669.75000
2025-09-16T22:00:00+00:00,6669.50000,6674.50000,6611.00000,6673.25000
2025-09-16T23:00:00+00:00,6673.50000,6674.25000,6615.50000,6672.25000
2025-09-17T00:00:00+00:00,6672.25000,6674.25000,6670.25000,6672.00000
2025-09-17T01:00:00+00:00,6672.00000,6672.75000,6667.75000,6668.00000
2025-09-17T02:00:00+00:00,6668.25000,6668.75000,6664.50000,6666.50000
2025-09-17T03:00:00+00:00,6666.50000,6666.75000,6665.00000,6665.00000
2025-09-17T04:00:00+00:00,6666.00000,6666.75000,6663.75000,6665.50000
2025-09-17T05:00:00+00:00,6665.50000,6666.50000,6662.25000,6665.25000
2025-09-17T06:00:00+00:00,6665.25000,6669.25000,6663.75000,6668.50000
2025-09-17T07:00:00+00:00,6668.50000,6673.00000,6666.25000,6671.50000
2025-09-17T08:00:00+00:00,6671.25000,6671.75000,6653.75000,6665.50000
2025-09-17T09:00:00+00:00,6665.75000,6669.50000,6665.00000,6666.75000
2025-09-17T10:00:00+00:00,6666.50000,6668.00000,6660.50000,6662.00000
2025-09-17T11:00:00+00:00,6662.25000,6665.75000,6659.75000,6662.75000
2025-09-17T12:00:00+00:00,6663.00000,6668.25000,6661.75000,6667.75000
2025-09-17T13:00:00+00:00,6667.75000,6675.75000,6665.00000,6667.50000
2025-09-17T14:00:00+00:00,6667.50000,6668.50000,6659.00000,6661.75000
2025-09-17T15:00:00+00:00,6661.75000,6665.25000,6657.00000,6661.25000
2025-09-17T16:00:00+00:00,6661.25000,6662.25000,6650.00000,6652.00000
2025-09-17T17:00:00+00:00,6651.75000,6667.00000,6651.75000,6665.50000
2025-09-17T18:00:00+00:00,6665.50000,6686.50000,6611.00000,6645.75000
2025-09-17T19:00:00+00:00,6645.75000,6676.00000,6643.25000,6660.25000
2025-09-17T20:00:00+00:00,6660.25000,6669.25000,6660.00000,6665.75000
2025-09-17T22:00:00+00:00,6664.50000,6682.75000,6664.00000,6681.00000
2025-09-17T23:00:00+00:00,6681.25000,6684.50000,6680.75000,6683.25000
2025-09-18T00:00:00+00:00,6683.25000,6683.25000,6676.75000,6678.00000
2025-09-18T01:00:00+00:00,6678.00000,6684.00000,6677.50000,6683.25000
2025-09-18T02:00:00+00:00,6683.50000,6687.75000,6681.75000,6687.50000
2025-09-18T03:00:00+00:00,6687.25000,6691.50000,6687.25000,6690.75000
2025-09-18T04:00:00+00:00,6688.75000,6693.50000,6688.75000,6692.75000
2025-09-18T05:00:00+00:00,6692.25000,6693.50000,6684.75000,6686.75000
2025-09-18T06:00:00+00:00,6686.25000,6690.00000,6680.00000,6689.50000
2025-09-18T07:00:00+00:00,6689.50000,6701.50000,6688.25000,6699.50000
2025-09-18T08:00:00+00:00,6699.50000,6719.00000,6698.25000,6718.00000
2025-09-18T09:00:00+00:00,6718.00000,6719.75000,6714.00000,6715.25000
2025-09-18T10:00:00+00:00,6715.25000,6717.75000,6707.50000,6710.25000
2025-09-18T11:00:00+00:00,6710.75000,6717.00000,6706.25000,6710.25000
2025-09-18T12:00:00+00:00,6710.25000,6712.50000,6692.75000,6693.00000
2025-09-18T13:00:00+00:00,6693.25000,6694.00000,6670.25000,6688.75000
2025-09-18T14:00:00+00:00,6688.75000,6718.00000,6688.00000,6695.75000
2025-09-18T15:00:00+00:00,6696.00000,6708.50000,6689.75000,6694.00000
2025-09-18T16:00:00+00:00,6694.00000,6710.50000,6691.00000,6709.00000
2025-09-18T17:00:00+00:00,6709.00000,6711.00000,6693.50000,6696.00000
2025-09-18T18:00:00+00:00,6696.25000,6704.00000,6691.50000,6701.25000
2025-09-18T19:00:00+00:00,6701.25000,6703.50000,6688.25000,6692.25000
2025-09-18T20:00:00+00:00,6692.25000,6700.25000,6691.00000,6698.75000
2025-09-18T22:00:00+00:00,6700.00000,6705.00000,6697.25000,6703.50000
2025-09-18T23:00:00+00:00,6703.75000,6705.50000,6702.50000,6703.00000
2025-09-19T00:00:00+00:00,6703.25000,6705.75000,6693.50000,6696.50000
2025-09-19T01:00:00+00:00,6696.50000,6701.00000,6695.25000,6699.25000
2025-09-19T02:00:00+00:00,6699.25000,6700.50000,6694.25000,6696.50000
2025-09-19T03:00:00+00:00,6696.50000,6703.00000,6695.75000,6697.25000
2025-09-19T04:00:00+00:00,6694.50000,6699.25000,6690.50000,6698.75000
2025-09-19T05:00:00+00:00,6698.75000,6699.50000,6690.75000,6692.75000
2025-09-19T06:00:00+00:00,6693.00000,6694.75000,6684.00000,6684.00000
2025-09-19T07:00:00+00:00,6684.00000,6689.25000,6679.50000,6688.00000
2025-09-19T08:00:00+00:00,6688.00000,6695.50000,6687.25000,6693.00000
2025-09-19T09:00:00+00:00,6692.75000,6697.75000,6692.25000,6693.00000
2025-09-19T10:00:00+00:00,6693.25000,6697.50000,6691.25000,6696.25000
2025-09-19T11:00:00+00:00,6696.00000,6700.00000,6693.50000,6699.75000
2025-09-19T12:00:00+00:00,6699.75000,6706.25000,6698.75000,6702.50000
2025-09-19T13:00:00+00:00,6702.75000,6712.50000,6696.75000,6705.75000
2025-09-19T14:00:00+00:00,6705.75000,6708.25000,6693.25000,6699.25000
2025-09-19T15:00:00+00:00,6699.50000,6703.25000,6687.25000,6700.00000
2025-09-19T16:00:00+00:00,6699.75000,6712.25000,6699.50000,6710.00000
2025-09-19T17:00:00+00:00,6710.00000,6714.00000,6706.75000,6712.00000
2025-09-19T18:00:00+00:00,6711.75000,6717.00000,6708.50000,6717.00000
2025-09-19T19:00:00+00:00,6716.75000,6731.50000,6716.25000,6721.75000
2025-09-19T20:00:00+00:00,6721.75000,6724.75000,6718.00000,6719.75000
2025-09-22T04:00:00+00:00,6717.50000,6717.75000,6715.50000,6715.50000
2025-09-22T05:00:00+00:00,6715.75000,6718.25000,6714.75000,6714.75000
2025-09-22T06:00:00+00:00,6715.00000,6715.75000,6709.25000,6710.25000
2025-09-22T07:00:00+00:00,6710.50000,6713.00000,6695.25000,6702.00000
2025-09-22T08:00:00+00:00,6702.25000,6711.50000,6701.25000,6704.25000
2025-09-22T09:00:00+00:00,6704.50000,6705.75000,6699.25000,6702.75000
2025-09-22T10:00:00+00:00,6703.00000,6708.50000,6700.75000,6701.50000
2025-09-22T11:00:00+00:00,6701.50000,6704.00000,6699.00000,6703.75000
2025-09-22T12:00:00+00:00,6703.50000,6704.75000,6698.50000,6703.25000
2025-09-22T13:00:00+00:00,6703.00000,6719.25000,6700.00000,6717.75000
2025-09-22T14:00:00+00:00,6718.00000,6734.75000,6715.50000,6734.25000
2025-09-22T15:00:00+00:00,6734.00000,6737.50000,6728.50000,6729.75000
2025-09-22T16:00:00+00:00,6729.75000,6749.25000,6729.50000,6748.25000
2025-09-22T17:00:00+00:00,6748.00000,6752.00000,6745.25000,6747.50000
2025-09-22T18:00:00+00:00,6747.50000,6752.50000,6744.50000,6752.25000
2025-09-22T19:00:00+00:00,6752.00000,6756.75000,6751.00000,6751.75000
2025-09-22T20:00:00+00:00,6751.50000,6752.25000,6744.75000,6749.75000
2025-09-22T22:00:00+00:00,6749.50000,6751.00000,6745.75000,6748.25000
2025-09-22T23:00:00+00:00,6748.25000,6752.50000,6747.50000,6751.00000
2025-09-23T00:00:00+00:00,6751.00000,6752.50000,6748.50000,6749.75000
2025-09-23T01:00:00+00:00,6749.75000,6753.25000,6749.00000,6750.50000
2025-09-23T02:00:00+00:00,6750.50000,6752.50000,6750.25000,6750.50000
2025-09-23T03:00:00+00:00,6750.50000,6752.50000,6750.25000,6751.50000
2025-09-23T04:00:00+00:00,6750.75000,6751.00000,6746.25000,6747.50000
2025-09-23T05:00:00+00:00,6747.25000,6754.00000,6746.75000,6750.50000
2025-09-23T06:00:00+00:00,6750.25000,6753.75000,6749.75000,6753.25000
2025-09-23T07:00:00+00:00,6753.25000,6753.25000,6747.25000,6749.75000
2025-09-23T08:00:00+00:00,6749.50000,6754.75000,6749.50000,6750.50000
2025-09-23T09:00:00+00:00,6750.75000,6753.25000,6749.50000,6752.50000
2025-09-23T10:00:00+00:00,6752.50000,6753.00000,6745.75000,6749.25000
2025-09-23T11:00:00+00:00,6749.00000,6751.75000,6744.00000,6751.00000
2025-09-23T12:00:00+00:00,6751.00000,6752.75000,6748.00000,6751.75000
2025-09-23T13:00:00+00:00,6752.00000,6756.50000,6748.50000,6751.75000
2025-09-23T14:00:00+00:00,6752.00000,6755.50000,6744.25000,6745.75000
2025-09-23T15:00:00+00:00,6745.75000,6747.50000,6737.25000,6738.00000
2025-09-23T16:00:00+00:00,6738.00000,6741.25000,6731.25000,6734.00000
2025-09-23T17:00:00+00:00,6734.00000,6735.25000,6702.00000,6714.00000
2025-09-23T18:00:00+00:00,6714.25000,6715.75000,6701.75000,6703.00000
2025-09-23T19:00:00+00:00,6703.00000,6718.50000,6702.75000,6715.75000
2025-09-23T20:00:00+00:00,6715.75000,6718.75000,6713.00000,6716.50000
2025-09-23T22:00:00+00:00,6717.75000,6722.50000,6716.50000,6719.75000
2025-09-23T23:00:00+00:00,6719.75000,6720.00000,6717.25000,6717.75000
2025-09-24T00:00:00+00:00,6717.75000,6719.00000,6711.75000,6717.50000
2025-09-24T01:00:00+00:00,6717.50000,6718.00000,6712.75000,6714.75000
2025-09-24T02:00:00+00:00,6714.50000,6718.00000,6713.50000,6717.25000
2025-09-24T03:00:00+00:00,6717.25000,6718.75000,6717.00000,6718.00000
2025-09-24T04:00:00+00:00,6718.75000,6721.00000,6718.00000,6720.75000
2025-09-24T05:00:00+00:00,6720.75000,6722.75000,6719.50000,6722.50000
2025-09-24T06:00:00+00:00,6722.75000,6728.00000,6722.00000,6725.25000
2025-09-24T07:00:00+00:00,6725.50000,6726.75000,6715.50000,6726.50000
2025-09-24T08:00:00+00:00,6726.75000,6727.75000,6722.25000,6724.50000
2025-09-24T09:00:00+00:00,6724.25000,6727.50000,6724.00000,6725.75000
2025-09-24T10:00:00+00:00,6726.00000,6726.75000,6721.50000,6725.50000
2025-09-24T11:00:00+00:00,6725.50000,6728.75000,6722.50000,6725.75000
2025-09-24T12:00:00+00:00,6725.50000,6727.50000,6723.50000,6726.75000
2025-09-24T13:00:00+00:00,6726.75000,6728.50000,6706.00000,6712.50000
2025-09-24T14:00:00+00:00,6712.50000,6719.00000,6708.50000,6711.50000
2025-09-24T15:00:00+00:00,6711.50000,6713.75000,6683.75000,6685.50000
2025-09-24T16:00:00+00:00,6685.50000,6693.00000,6678.00000,6687.00000
2025-09-24T17:00:00+00:00,6687.25000,6700.00000,6685.25000,6687.50000
2025-09-24T18:00:00+00:00,6687.25000,6693.50000,6681.25000,6693.25000
2025-09-24T19:00:00+00:00,6693.00000,6696.00000,6687.00000,6692.25000
2025-09-24T20:00:00+00:00,6692.00000,6699.50000,6692.00000,6697.00000
2025-09-24T22:00:00+00:00,6697.25000,6700.00000,6694.50000,6697.00000
2025-09-24T23:00:00+00:00,6696.75000,6698.75000,6694.50000,6698.50000
2025-09-25T00:00:00+00:00,6698.25000,6703.00000,6697.50000,6702.25000
2025-09-25T01:00:00+00:00,6702.25000,6705.25000,6701.25000,6703.25000
2025-09-25T02:00:00+00:00,6703.25000,6705.00000,6702.25000,6704.50000
2025-09-25T03:00:00+00:00,6704.75000,6704.75000,6703.00000,6704.75000
2025-09-25T04:00:00+00:00,6703.75000,6704.00000,6698.75000,6700.00000
2025-09-25T05:00:00+00:00,6699.75000,6700.50000,6696.00000,6698.25000
2025-09-25T06:00:00+00:00,6698.25000,6699.50000,6690.00000,6691.50000
2025-09-25T07:00:00+00:00,6691.75000,6696.00000,6683.75000,6693.25000
2025-09-25T08:00:00+00:00,6693.25000,6697.50000,6687.75000,6690.00000
2025-09-25T09:00:00+00:00,6690.00000,6692.50000,6684.50000,6687.75000
2025-09-25T10:00:00+00:00,6687.75000,6689.50000,6679.25000,6682.75000
2025-09-25T11:00:00+00:00,6682.75000,6683.00000,6662.50000,6664.50000
2025-09-25T12:00:00+00:00,6664.25000,6673.00000,6653.50000,6658.75000
2025-09-25T13:00:00+00:00,6658.50000,6662.75000,6631.25000,6636.75000
2025-09-25T14:00:00+00:00,6637.00000,6672.50000,6635.75000,6668.75000
2025-09-25T15:00:00+00:00,6668.75000,6675.00000,6652.25000,6670.25000
2025-09-25T16:00:00+00:00,6670.00000,6673.00000,6656.25000,6659.00000
2025-09-25T17:00:00+00:00,6659.00000,6664.25000,6635.50000,6636.50000
2025-09-25T18:00:00+00:00,6636.50000,6662.50000,6624.25000,6659.75000
2025-09-25T19:00:00+00:00,6659.75000,6663.75000,6651.50000,6660.75000
2025-09-25T20:00:00+00:00,6660.75000,6666.50000,6658.00000,6662.00000
2025-09-25T22:00:00+00:00,6662.75000,6669.00000,6660.00000,6662.75000
2025-09-25T23:00:00+00:00,6662.25000,6663.50000,6658.75000,6659.00000
2025-09-26T00:00:00+00:00,6658.75000,6662.75000,6657.25000,6662.00000
2025-09-26T01:00:00+00:00,6661.75000,6661.75000,6656.00000,6658.25000
2025-09-26T02:00:00+00:00,6658.25000,6663.75000,6657.50000,6659.75000
2025-09-26T03:00:00+00:00,6659.75000,6660.25000,6653.75000,6657.75000
2025-09-26T04:00:00+00:00,6658.00000,6661.25000,6653.50000,6653.75000
2025-09-26T05:00:00+00:00,6653.75000,6661.50000,6653.25000,6661.00000
2025-09-26T06:00:00+00:00,6661.00000,6673.25000,6660.00000,6668.75000
2025-09-26T07:00:00+00:00,6668.75000,6674.50000,6664.50000,6670.50000
2025-09-26T08:00:00+00:00,6670.50000,6673.00000,6660.25000,6660.25000
2025-09-26T09:00:00+00:00,6660.25000,6665.75000,6657.00000,6664.50000
2025-09-26T10:00:00+00:00,6664.75000,6666.75000,6657.25000,6659.75000
2025-09-26T11:00:00+00:00,6659.25000,6668.75000,6657.00000,6666.00000
2025-09-26T12:00:00+00:00,6666.00000,6690.25000,6664.25000,6681.50000
2025-09-26T13:00:00+00:00,6681.50000,6698.25000,6667.50000,6697.00000
2025-09-26T14:00:00+00:00,6697.00000,6703.75000,6657.25000,6663.00000
2025-09-26T15:00:00+00:00,6662.75000,6679.50000,6658.50000,6665.25000
2025-09-26T16:00:00+00:00,6665.25000,6694.00000,6663.25000,6692.50000
2025-09-26T17:00:00+00:00,6692.50000,6696.50000,6686.25000,6692.50000
2025-09-26T18:00:00+00:00,6692.25000,6700.50000,6687.25000,6698.25000
2025-09-26T19:00:00+00:00,6698.25000,6699.00000,6690.00000,6696.25000
2025-09-26T20:00:00+00:00,6696.25000,6703.00000,6695.25000,6696.50000
2025-09-28T22:00:00+00:00,6701.25000,6705.75000,6699.75000,6703.00000
2025-09-28T23:00:00+00:00,6702.75000,6707.50000,6702.25000,6705.75000
2025-09-29T00:00:00+00:00,6705.75000,6713.50000,6704.00000,6711.00000
2025-09-29T01:00:00+00:00,6711.00000,6713.25000,6707.00000,6711.25000
2025-09-29T02:00:00+00:00,6711.25000,6714.75000,6709.75000,6714.50000
2025-09-29T03:00:00+00:00,6714.25000,6716.75000,6713.50000,6715.75000
2025-09-29T04:00:00+00:00,6716.00000,6719.00000,6715.50000,6717.25000
2025-09-29T05:00:00+00:00,6717.25000,6720.00000,6716.25000,6717.00000
2025-09-29T06:00:00+00:00,6717.00000,6724.75000,6715.00000,6722.00000
2025-09-29T07:00:00+00:00,6722.25000,6726.50000,6717.00000,6724.00000
2025-09-29T08:00:00+00:00,6723.75000,6731.50000,6723.00000,6731.00000
2025-09-29T09:00:00+00:00,6731.25000,6734.25000,6728.75000,6729.00000
2025-09-29T10:00:00+00:00,6729.00000,6736.00000,6728.00000,6733.25000
2025-09-29T11:00:00+00:00,6733.25000,6734.00000,6723.50000,6728.25000
2025-09-29T12:00:00+00:00,6728.25000,6734.75000,6725.75000,6733.25000
2025-09-29T13:00:00+00:00,6733.25000,6735.75000,6715.75000,6723.75000
2025-09-29T14:00:00+00:00,6723.75000,6731.25000,6718.50000,6723.25000
2025-09-29T15:00:00+00:00,6723.25000,6725.25000,6706.25000,6711.00000
2025-09-29T16:00:00+00:00,6711.00000,6716.00000,6706.25000,6708.50000
2025-09-29T17:00:00+00:00,6708.50000,6709.00000,6699.50000,6707.25000
2025-09-29T18:00:00+00:00,6707.25000,6714.00000,6707.00000,6711.50000
2025-09-29T19:00:00+00:00,6711.75000,6716.25000,6696.25000,6714.50000
2025-09-29T20:00:00+00:00,6714.25000,6716.00000,6706.75000,6708.50000
2025-09-29T22:00:00+00:00,6708.00000,6714.00000,6707.25000,6713.50000
2025-09-29T23:00:00+00:00,6713.50000,6715.00000,6710.75000,6711.25000
2025-09-30T00:00:00+00:00,6711.25000,6715.50000,6706.75000,6714.75000
2025-09-30T01:00:00+00:00,6714.50000,6714.50000,6707.50000,6709.75000
2025-09-30T02:00:00+00:00,6709.75000,6716.00000,6708.75000,6714.75000
2025-09-30T03:00:00+00:00,6715.00000,6717.00000,6712.50000,6713.50000
2025-09-30T04:00:00+00:00,6713.50000,6713.50000,6708.75000,6708.75000
2025-09-30T05:00:00+00:00,6708.75000,6712.75000,6707.50000,6711.75000
2025-09-30T06:00:00+00:00,6712.00000,6715.75000,6705.25000,6705.75000
2025-09-30T07:00:00+00:00,6705.75000,6707.25000,6694.25000,6702.75000
2025-09-30T08:00:00+00:00,6702.25000,6705.25000,6695.75000,6703.00000
2025-09-30T09:00:00+00:00,6702.75000,6705.50000,6699.75000,6701.50000
2025-09-30T10:00:00+00:00,6701.25000,6704.25000,6695.75000,6703.25000
2025-09-30T11:00:00+00:00,6703.25000,6704.75000,6698.50000,6701.50000
2025-09-30T12:00:00+00:00,6701.50000,6710.50000,6698.00000,6708.00000
2025-09-30T13:00:00+00:00,6708.25000,6710.25000,6696.75000,6708.25000
2025-09-30T14:00:00+00:00,6707.75000,6713.00000,6694.00000,6709.75000
2025-09-30T15:00:00+00:00,6709.50000,6713.75000,6693.00000,6707.00000
2025-09-30T16:00:00+00:00,6707.25000,6718.00000,6702.75000,6705.00000
2025-09-30T17:00:00+00:00,6705.00000,6707.75000,6694.25000,6702.00000
2025-09-30T18:00:00+00:00,6701.75000,6723.25000,6700.75000,6721.00000
2025-09-30T19:00:00+00:00,6721.25000,6743.50000,6720.50000,6737.25000
2025-09-30T20:00:00+00:00,6737.25000,6738.75000,6722.00000,6724.00000
2025-09-30T22:00:00+00:00,6725.50000,6733.25000,6720.75000,6723.75000
2025-09-30T23:00:00+00:00,6723.75000,6726.75000,6720.25000,6723.50000
2025-10-01T00:00:00+00:00,6723.50000,6725.00000,6713.25000,6714.75000
2025-10-01T01:00:00+00:00,6714.75000,6717.00000,6711.75000,6714.75000
2025-10-01T02:00:00+00:00,6714.75000,6715.00000,6710.00000,6711.00000
2025-10-01T03:00:00+00:00,6711.00000,6711.25000,6706.00000,6708.25000
2025-10-01T04:00:00+00:00,6709.50000,6710.75000,6707.75000,6708.50000
2025-10-01T05:00:00+00:00,6708.75000,6709.75000,6704.00000,6704.50000
2025-10-01T06:00:00+00:00,6704.50000,6707.00000,6680.00000,6683.50000
2025-10-01T07:00:00+00:00,6683.25000,6691.00000,6680.75000,6687.50000
2025-10-01T08:00:00+00:00,6687.50000,6698.75000,6683.75000,6696.00000
2025-10-01T09:00:00+00:00,6696.00000,6706.00000,6695.25000,6702.00000
2025-10-01T10:00:00+00:00,6702.00000,6705.75000,6697.75000,6699.50000
2025-10-01T11:00:00+00:00,6699.50000,6715.25000,6699.25000,6714.25000
2025-10-01T12:00:00+00:00,6714.25000,6715.25000,6702.00000,6710.50000
2025-10-01T13:00:00+00:00,6710.75000,6729.00000,6705.25000,6712.75000
2025-10-01T14:00:00+00:00,6712.00000,6735.75000,6708.50000,6733.25000
2025-10-01T15:00:00+00:00,6733.25000,6747.50000,6732.25000,6744.75000
2025-10-01T16:00:00+00:00,6745.00000,6746.75000,6739.00000,6744.25000
2025-10-01T17:00:00+00:00,6744.25000,6756.50000,6743.00000,6754.75000
2025-10-01T18:00:00+00:00,6755.00000,6769.00000,6754.25000,6767.00000
2025-10-01T19:00:00+00:00,6767.00000,6769.50000,6760.50000,6760.50000
2025-10-01T20:00:00+00:00,6760.50000,6761.25000,6755.00000,6757.00000
2025-10-01T22:00:00+00:00,6757.00000,6760.75000,6756.00000,6758.25000
2025-10-01T23:00:00+00:00,6758.00000,6761.50000,6756.00000,6759.50000
2025-10-02T00:00:00+00:00,6759.75000,6769.00000,6758.50000,6767.50000
2025-10-02T01:00:00+00:00,6767.75000,6771.75000,6765.00000,6771.25000
2025-10-02T02:00:00+00:00,6771.25000,6771.50000,6765.25000,6766.50000
2025-10-02T03:00:00+00:00,6766.75000,6768.25000,6763.75000,6767.25000
2025-10-02T04:00:00+00:00,6770.00000,6771.00000,6764.50000,6769.00000
2025-10-02T05:00:00+00:00,6768.75000,6771.50000,6767.50000,6768.50000
2025-10-02T06:00:00+00:00,6768.50000,6770.00000,6764.50000,6765.75000
2025-10-02T07:00:00+00:00,6765.75000,6770.75000,6763.75000,6767.75000
2025-10-02T08:00:00+00:00,6768.00000,6774.25000,6767.75000,6773.75000
2025-10-02T09:00:00+00:00,6774.00000,6774.50000,6765.50000,6770.50000
2025-10-02T10:00:00+00:00,6770.25000,6775.25000,6770.00000,6772.25000
2025-10-02T11:00:00+00:00,6772.00000,6778.50000,6771.75000,6777.75000
2025-10-02T12:00:00+00:00,6777.50000,6781.00000,6776.25000,6779.25000
2025-10-02T13:00:00+00:00,6779.00000,6782.25000,6761.75000,6768.50000
2025-10-02T14:00:00+00:00,6768.50000,6769.25000,6749.75000,6749.75000
2025-10-02T15:00:00+00:00,6750.00000,6758.25000,6741.50000,6757.50000
2025-10-02T16:00:00+00:00,6757.50000,6760.00000,6749.25000,6758.25000
2025-10-02T17:00:00+00:00,6758.50000,6765.00000,6753.50000,6762.75000
2025-10-02T18:00:00+00:00,6763.00000,6771.50000,6762.50000,6768.00000
2025-10-02T19:00:00+00:00,6767.75000,6770.50000,6762.50000,6766.25000
2025-10-02T20:00:00+00:00,6766.50000,6769.00000,6763.75000,6765.00000
2025-10-02T22:00:00+00:00,6764.75000,6766.25000,6758.75000,6765.50000
2025-10-02T23:00:00+00:00,6765.25000,6769.50000,6763.75000,6769.25000
2025-10-03T00:00:00+00:00,6769.25000,6775.25000,6767.00000,6773.25000
2025-10-03T01:00:00+00:00,6773.00000,6777.75000,6771.50000,6777.75000
2025-10-03T02:00:00+00:00,6777.75000,6777.75000,6773.75000,6776.50000
2025-10-03T03:00:00+00:00,6776.75000,6780.75000,6776.25000,6780.50000
2025-10-03T04:00:00+00:00,6781.25000,6781.50000,6779.25000,6781.25000
2025-10-03T05:00:00+00:00,6781.25000,6784.25000,6780.25000,6780.50000
2025-10-03T06:00:00+00:00,6780.25000,6784.75000,6776.75000,6783.00000
2025-10-03T07:00:00+00:00,6783.25000,6785.75000,6782.00000,6784.25000
2025-10-03T08:00:00+00:00,6784.00000,6785.25000,6782.50000,6784.50000
2025-10-03T09:00:00+00:00,6784.50000,6787.50000,6782.50000,6787.25000
2025-10-03T10:00:00+00:00,6787.25000,6787.50000,6779.75000,6780.25000
2025-10-03T11:00:00+00:00,6780.00000,6782.25000,6772.00000,6774.00000
2025-10-03T12:00:00+00:00,6773.75000,6776.75000,6766.50000,6770.50000
2025-10-03T13:00:00+00:00,6770.50000,6788.25000,6768.00000,6780.25000
2025-10-03T14:00:00+00:00,6780.00000,6795.50000,6771.75000,6794.00000
2025-10-03T15:00:00+00:00,6794.00000,6799.25000,6786.00000,6797.75000
2025-10-03T16:00:00+00:00,6798.00000,6800.00000,6793.00000,6795.25000
2025-10-03T17:00:00+00:00,6795.25000,6795.50000,6754.00000,6764.75000
2025-10-03T18:00:00+00:00,6764.50000,6779.75000,6755.25000,6771.50000
2025-10-03T19:00:00+00:00,6771.25000,6775.50000,6760.50000,6765.25000
2025-10-03T20:00:00+00:00,6765.00000,6766.75000,6760.25000,6762.75000
2025-10-06T04:00:00+00:00,6782.25000,6787.50000,6782.00000,6786.00000
2025-10-06T05:00:00+00:00,6786.00000,6786.00000,6781.25000,6782.50000
2025-10-06T06:00:00+00:00,6782.50000,6785.75000,6780.50000,6784.50000
2025-10-06T07:00:00+00:00,6784.50000,6785.00000,6771.75000,6778.00000
2025-10-06T08:00:00+00:00,6778.25000,6784.75000,6778.00000,6782.50000
2025-10-06T09:00:00+00:00,6782.75000,6789.00000,6781.75000,6788.50000
2025-10-06T10:00:00+00:00,6788.75000,6793.75000,6786.75000,6789.75000
2025-10-06T11:00:00+00:00,6789.50000,6790.00000,6781.50000,6788.00000
2025-10-06T12:00:00+00:00,6788.25000,6794.00000,6782.50000,6782.50000
2025-10-06T13:00:00+00:00,6782.50000,6790.25000,6771.00000,6772.50000
2025-10-06T14:00:00+00:00,6772.25000,6780.75000,6766.50000,6780.00000
2025-10-06T15:00:00+00:00,6780.00000,6791.75000,6779.25000,6790.50000
2025-10-06T16:00:00+00:00,6790.25000,6791.25000,6785.25000,6789.75000
2025-10-06T17:00:00+00:00,6789.75000,6796.00000,6785.75000,6795.25000
2025-10-06T18:00:00+00:00,6795.00000,6797.75000,6792.25000,6793.50000
2025-10-06T19:00:00+00:00,6793.25000,6793.75000,6788.00000,6788.50000
2025-10-06T20:00:00+00:00,6788.50000,6791.50000,6787.00000,6790.25000
2025-10-06T22:00:00+00:00,6789.50000,6793.00000,6777.25000,6778.50000
2025-10-06T23:00:00+00:00,6778.75000,6781.50000,6776.25000,6778.50000
2025-10-07T00:00:00+00:00,6778.25000,6780.00000,6775.25000,6777.25000
2025-10-07T01:00:00+00:00,6777.25000,6780.25000,6775.25000,6780.00000
2025-10-07T02:00:00+00:00,6780.00000,6781.50000,6778.25000,6780.25000
2025-10-07T03:00:00+00:00,6780.00000,6782.25000,6779.00000,6781.25000
2025-10-07T04:00:00+00:00,6782.75000,6786.00000,6782.75000,6785.25000
2025-10-07T05:00:00+00:00,6785.25000,6786.00000,6782.25000,6783.00000
2025-10-07T06:00:00+00:00,6782.75000,6784.50000,6775.75000,6780.75000
2025-10-07T07:00:00+00:00,6781.00000,6781.75000,6776.50000,6780.00000
2025-10-07T08:00:00+00:00,6780.00000,6783.50000,6774.00000,6783.25000
2025-10-07T09:00:00+00:00,6783.25000,6786.75000,6782.25000,6786.25000
2025-10-07T10:00:00+00:00,6786.50000,6789.50000,6784.25000,6785.50000
2025-10-07T11:00:00+00:00,6785.50000,6791.50000,6784.75000,6791.50000
2025-10-07T12:00:00+00:00,6791.50000,6799.50000,6788.50000,6798.75000
2025-10-07T13:00:00+00:00,6799.00000,6802.75000,6792.50000,6794.00000
2025-10-07T14:00:00+00:00,6794.00000,6795.25000,6776.75000,6780.25000
2025-10-07T15:00:00+00:00,6780.50000,6782.25000,6747.25000,6753.00000
2025-10-07T16:00:00+00:00,6753.00000,6766.25000,6747.25000,6754.50000
2025-10-07T17:00:00+00:00,6754.25000,6764.75000,6752.50000,6753.75000
2025-10-07T18:00:00+00:00,6754.00000,6761.50000,6748.50000,6761.25000
2025-10-07T19:00:00+00:00,6761.25000,6765.25000,6755.75000,6762.50000
2025-10-07T20:00:00+00:00,6762.50000,6767.75000,6762.25000,6765.00000
2025-10-07T22:00:00+00:00,6766.00000,6770.25000,6764.75000,6769.50000
2025-10-07T23:00:00+00:00,6769.50000,6769.50000,6759.25000,6759.50000
2025-10-08T00:00:00+00:00,6759.25000,6766.25000,6758.25000,6765.25000
2025-10-08T01:00:00+00:00,6765.00000,6770.00000,6764.75000,6768.50000
2025-10-08T02:00:00+00:00,6768.50000,6772.50000,6768.00000,6771.25000
2025-10-08T03:00:00+00:00,6771.25000,6772.25000,6769.50000,6771.50000
2025-10-08T04:00:00+00:00,6771.50000,6772.00000,6769.00000,6770.25000
2025-10-08T05:00:00+00:00,6770.50000,6770.50000,6764.50000,6764.50000
2025-10-08T06:00:00+00:00,6764.75000,6765.75000,6759.00000,6763.75000
2025-10-08T07:00:00+00:00,6763.75000,6772.75000,6762.00000,6771.50000
2025-10-08T08:00:00+00:00,6771.25000,6774.50000,6766.50000,6770.00000
2025-10-08T09:00:00+00:00,6770.25000,6772.75000,6768.25000,6771.00000
2025-10-08T10:00:00+00:00,6770.50000,6775.00000,6764.25000,6774.50000
2025-10-08T11:00:00+00:00,6774.50000,6776.25000,6767.50000,6774.00000
2025-10-08T12:00:00+00:00,6773.75000,6774.00000,6765.75000,6771.25000
2025-10-08T13:00:00+00:00,6771.50000,6776.50000,6764.50000,6773.50000
2025-10-08T14:00:00+00:00,6773.50000,6793.00000,6773.50000,6789.00000
2025-10-08T15:00:00+00:00,6789.00000,6801.25000,6788.00000,6799.50000
2025-10-08T16:00:00+00:00,6799.50000,6802.75000,6793.75000,6798.75000
2025-10-08T17:00:00+00:00,6798.50000,6801.75000,6795.75000,6797.75000
2025-10-08T18:00:00+00:00,6797.75000,6802.75000,6792.50000,6793.50000
2025-10-08T19:00:00+00:00,6793.25000,6803.25000,6792.25000,6802.00000
2025-10-08T20:00:00+00:00,6802.00000,6807.75000,6800.00000,6803.25000
2025-10-08T22:00:00+00:00,6802.75000,6807.75000,6802.00000,6807.00000
2025-10-08T23:00:00+00:00,6807.00000,6812.25000,6805.75000,6809.00000
2025-10-09T00:00:00+00:00,6808.75000,6808.75000,6804.75000,6806.00000
2025-10-09T01:00:00+00:00,6806.00000,6807.25000,6798.00000,6799.25000
2025-10-09T02:00:00+00:00,6799.00000,6800.00000,6794.50000,6795.00000
2025-10-09T03:00:00+00:00,6795.00000,6800.50000,6795.00000,6797.00000
2025-10-09T04:00:00+00:00,6798.25000,6802.00000,6798.00000,6801.75000
2025-10-09T05:00:00+00:00,6801.50000,6806.50000,6800.50000,6804.75000
2025-10-09T06:00:00+00:00,6805.00000,6807.50000,6799.25000,6801.50000
2025-10-09T07:00:00+00:00,6801.75000,6804.25000,6800.25000,6801.25000
2025-10-09T08:00:00+00:00,6801.25000,6802.75000,6795.75000,6797.25000
2025-10-09T09:00:00+00:00,6797.50000,6803.25000,6795.50000,6800.50000
2025-10-09T10:00:00+00:00,6800.50000,6802.50000,6797.00000,6799.50000
2025-10-09T11:00:00+00:00,6799.50000,6805.75000,6799.50000,6799.75000
2025-10-09T12:00:00+00:00,6800.00000,6805.25000,6800.00000,6805.00000
2025-10-09T13:00:00+00:00,6805.00000,6809.50000,6785.25000,6788.75000
2025-10-09T14:00:00+00:00,6788.75000,6792.00000,6768.50000,6782.75000
2025-10-09T15:00:00+00:00,6782.75000,6788.00000,6769.00000,6782.25000
2025-10-09T16:00:00+00:00,6782.50000,6785.25000,6765.50000,6767.00000
2025-10-09T17:00:00+00:00,6767.00000,6772.75000,6760.75000,6770.75000
2025-10-09T18:00:00+00:00,6770.75000,6772.25000,6762.25000,6767.75000
2025-10-09T19:00:00+00:00,6767.75000,6782.00000,6767.00000,6781.00000
2025-10-09T20:00:00+00:00,6781.25000,6782.50000,6775.50000,6779.75000
2025-10-09T22:00:00+00:00,6779.50000,6786.50000,6779.00000,6785.25000
2025-10-09T23:00:00+00:00,6785.50000,6789.50000,6784.00000,6789.25000
2025-10-10T00:00:00+00:00,6789.25000,6791.75000,6785.75000,6790.00000
2025-10-10T01:00:00+00:00,6790.25000,6792.75000,6789.25000,6792.50000
2025-10-10T02:00:00+00:00,6792.25000,6792.75000,6788.75000,6789.25000
2025-10-10T03:00:00+00:00,6789.25000,6790.25000,6784.50000,6785.75000
2025-10-10T04:00:00+00:00,6786.25000,6787.00000,6781.25000,6782.75000
2025-10-10T05:00:00+00:00,6782.75000,6788.50000,6780.50000,6788.25000
2025-10-10T06:00:00+00:00,6788.50000,6792.75000,6779.25000,6782.00000
2025-10-10T07:00:00+00:00,6782.25000,6787.25000,6781.25000,6786.25000
2025-10-10T08:00:00+00:00,6786.25000,6790.00000,6785.00000,6788.25000
2025-10-10T09:00:00+00:00,6788.50000,6788.75000,6772.50000,6773.75000
2025-10-10T10:00:00+00:00,6773.50000,6783.00000,6773.25000,6782.50000
2025-10-10T11:00:00+00:00,6782.25000,6788.25000,6782.00000,6788.00000
2025-10-10T12:00:00+00:00,6787.75000,6790.50000,6781.00000,6783.25000
2025-10-10T13:00:00+00:00,6783.25000,6806.50000,6783.25000,6797.00000
2025-10-10T14:00:00+00:00,6796.75000,6800.25000,6742.50000,6757.75000
2025-10-10T15:00:00+00:00,6757.50000,6757.75000,6659.00000,6682.75000
2025-10-10T16:00:00+00:00,6682.50000,6692.25000,6653.25000,6655.25000
2025-10-10T17:00:00+00:00,6655.25000,6673.50000,6641.50000,6660.00000
2025-10-10T18:00:00+00:00,6660.00000,6665.00000,6631.50000,6635.75000
2025-10-10T19:00:00+00:00,6635.75000,6646.25000,6591.75000,6595.00000
2025-10-10T20:00:00+00:00,6595.00000,6607.00000,6540.25000,6595.25000
2025-10-12T22:00:00+00:00,6595.25000,6661.00000,6595.25000,6654.75000
2025-10-12T23:00:00+00:00,6655.00000,6671.00000,6646.25000,6668.25000
2025-10-13T00:00:00+00:00,6668.25000,6679.00000,6661.75000,6677.75000
2025-10-13T01:00:00+00:00,6677.75000,6683.75000,6673.50000,6683.00000
2025-10-13T02:00:00+00:00,6682.75000,6685.00000,6676.00000,6676.50000
2025-10-13T03:00:00+00:00,6676.25000,6683.75000,6668.50000,6670.50000
2025-10-13T04:00:00+00:00,6671.00000,6680.00000,6669.75000,6679.00000
2025-10-13T05:00:00+00:00,6678.75000,6683.50000,6675.75000,6683.00000
2025-10-13T06:00:00+00:00,6683.00000,6687.50000,6672.25000,6687.00000
2025-10-13T07:00:00+00:00,6687.00000,6703.50000,6681.75000,6696.50000
2025-10-13T08:00:00+00:00,6696.25000,6697.75000,6681.00000,6688.75000
2025-10-13T09:00:00+00:00,6688.50000,6689.75000,6680.75000,6681.75000
2025-10-13T10:00:00+00:00,6681.50000,6687.50000,6675.25000,6681.25000
2025-10-13T11:00:00+00:00,6681.25000,6686.25000,6653.25000,6667.25000
2025-10-13T12:00:00+00:00,6667.25000,6677.00000,6659.75000,6669.25000
2025-10-13T13:00:00+00:00,6669.25000,6694.75000,6662.00000,6693.25000
2025-10-13T14:00:00+00:00,6693.25000,6697.00000,6663.75000,6666.50000
2025-10-13T15:00:00+00:00,6666.75000,6696.75000,6661.75000,6694.25000
2025-10-13T16:00:00+00:00,6694.50000,6708.75000,6691.00000,6707.50000
2025-10-13T17:00:00+00:00,6707.50000,6711.50000,6688.25000,6697.25000
2025-10-13T18:00:00+00:00,6697.00000,6707.75000,6683.00000,6685.50000
2025-10-13T19:00:00+00:00,6685.75000,6700.75000,6681.50000,6694.75000
2025-10-13T20:00:00+00:00,6694.50000,6696.00000,6688.50000,6689.75000
2025-10-13T22:00:00+00:00,6691.00000,6696.50000,6689.75000,6695.75000
2025-10-13T23:00:00+00:00,6695.75000,6696.00000,6688.00000,6691.25000
2025-10-14T00:00:00+00:00,6691.25000,6718.50000,6689.50000,6710.75000
2025-10-14T01:00:00+00:00,6710.50000,6712.00000,6701.75000,6710.75000
2025-10-14T02:00:00+00:00,6710.25000,6712.75000,6700.00000,6701.00000
2025-10-14T03:00:00+00:00,6701.25000,6701.75000,6691.00000,6694.00000
2025-10-14T04:00:00+00:00,6686.50000,6686.50000,6660.75000,6672.00000
2025-10-14T05:00:00+00:00,6672.25000,6673.50000,6667.50000,6670.25000
2025-10-14T06:00:00+00:00,6651.75000,6658.75000,6642.00000,6645.75000
2025-10-14T07:00:00+00:00,6645.75000,6652.25000,6623.25000,6636.25000
2025-10-14T08:00:00+00:00,6636.25000,6648.75000,6626.25000,6647.50000
2025-10-14T09:00:00+00:00,6647.75000,6652.25000,6634.25000,6635.50000
2025-10-14T10:00:00+00:00,6635.25000,6636.25000,6605.75000,6618.00000
2025-10-14T11:00:00+00:00,6618.25000,6642.50000,6616.00000,6640.00000
2025-10-14T12:00:00+00:00,6640.00000,6640.50000,6616.00000,6631.00000
2025-10-14T13:00:00+00:00,6631.00000,6638.75000,6593.25000,6630.50000
2025-10-14T14:00:00+00:00,6630.25000,6666.25000,6627.00000,6660.25000
2025-10-14T15:00:00+00:00,6660.25000,6694.25000,6657.75000,6687.50000
2025-10-14T16:00:00+00:00,6687.50000,6720.25000,6677.75000,6707.50000
2025-10-14T17:00:00+00:00,6707.50000,6722.50000,6700.00000,6715.25000
2025-10-14T18:00:00+00:00,6715.50000,6717.75000,6708.25000,6713.00000
2025-10-14T19:00:00+00:00,6713.00000,6717.50000,6666.00000,6685.75000
2025-10-14T20:00:00+00:00,6686.00000,6693.75000,6672.25000,6685.00000
2025-10-14T22:00:00+00:00,6684.25000,6698.25000,6684.25000,6690.75000
2025-10-14T23:00:00+00:00,6690.50000,6699.00000,6688.75000,6689.00000
2025-10-15T00:00:00+00:00,6689.00000,6695.75000,6683.50000,6695.25000
2025-10-15T01:00:00+00:00,6695.25000,6698.25000,6687.25000,6694.25000
2025-10-15T02:00:00+00:00,6694.50000,6705.50000,6694.25000,6697.00000
2025-10-15T03:00:00+00:00,6696.75000,6701.00000,6691.75000,6695.50000
2025-10-15T04:00:00+00:00,6698.75000,6706.00000,6698.50000,6705.00000
2025-10-15T05:00:00+00:00,6705.50000,6715.75000,6705.50000,6710.25000
2025-10-15T06:00:00+00:00,6710.25000,6715.50000,6706.50000,6715.25000
2025-10-15T07:00:00+00:00,6714.75000,6720.00000,6709.00000,6715.00000
2025-10-15T08:00:00+00:00,6714.75000,6721.25000,6714.00000,6717.50000
2025-10-15T09:00:00+00:00,6717.50000,6731.25000,6716.75000,6728.50000
2025-10-15T10:00:00+00:00,6728.50000,6731.25000,6723.50000,6728.75000
2025-10-15T11:00:00+00:00,6728.50000,6730.75000,6724.25000,6729.00000
2025-10-15T12:00:00+00:00,6729.25000,6741.00000,6728.00000,6738.50000
2025-10-15T13:00:00+00:00,6738.75000,6750.00000,6724.25000,6747.00000
2025-10-15T14:00:00+00:00,6747.00000,6766.75000,6746.75000,6754.25000
2025-10-15T15:00:00+00:00,6754.25000,6755.75000,6702.00000,6715.50000
2025-10-15T16:00:00+00:00,6715.25000,6727.50000,6702.00000,6703.75000
2025-10-15T17:00:00+00:00,6703.75000,6708.00000,6651.50000,6706.00000
2025-10-15T18:00:00+00:00,6706.00000,6721.50000,6697.25000,6720.50000
2025-10-15T19:00:00+00:00,6720.50000,6721.50000,6695.75000,6715.25000
2025-10-15T20:00:00+00:00,6715.25000,6724.50000,6709.25000,6713.50000
2025-10-15T22:00:00+00:00,6715.25000,6726.50000,6714.00000,6722.50000
2025-10-15T23:00:00+00:00,6722.50000,6722.50000,6710.25000,6715.00000
2025-10-16T00:00:00+00:00,6714.75000,6716.75000,6702.50000,6710.25000
2025-10-16T01:00:00+00:00,6710.00000,6716.00000,6708.50000,6713.25000
2025-10-16T02:00:00+00:00,6713.25000,6716.00000,6705.75000,6713.50000
2025-10-16T03:00:00+00:00,6713.75000,6716.00000,6708.25000,6709.75000
2025-10-16T04:00:00+00:00,6711.75000,6714.75000,6709.25000,6712.50000
2025-10-16T05:00:00+00:00,6712.75000,6720.00000,6710.75000,6715.75000
2025-10-16T06:00:00+00:00,6716.00000,6730.25000,6716.00000,6729.50000
2025-10-16T07:00:00+00:00,6729.50000,6736.00000,6718.25000,6732.00000
2025-10-16T08:00:00+00:00,6732.00000,6737.50000,6726.25000,6729.25000
2025-10-16T09:00:00+00:00,6729.25000,6737.00000,6728.00000,6736.25000
2025-10-16T10:00:00+00:00,6736.50000,6743.50000,6735.75000,6739.00000
2025-10-16T11:00:00+00:00,6739.00000,6745.25000,6738.00000,6739.75000
2025-10-16T12:00:00+00:00,6739.75000,6746.50000,6732.50000,6741.75000
2025-10-16T13:00:00+00:00,6742.00000,6744.25000,6724.25000,6729.50000
2025-10-16T14:00:00+00:00,6729.75000,6750.50000,6717.25000,6733.75000
2025-10-16T15:00:00+00:00,6734.00000,6743.75000,6701.75000,6707.75000
2025-10-16T16:00:00+00:00,6707.50000,6714.00000,6654.75000,6695.75000
2025-10-16T17:00:00+00:00,6695.50000,6704.75000,6673.00000,6680.00000
2025-10-16T18:00:00+00:00,6680.00000,6681.50000,6632.00000,6667.00000
2025-10-16T19:00:00+00:00,6666.75000,6674.25000,6641.50000,6668.50000
2025-10-16T20:00:00+00:00,6668.50000,6673.75000,6651.00000,6659.25000
2025-10-16T22:00:00+00:00,6659.25000,6669.25000,6644.25000,6644.50000
2025-10-16T23:00:00+00:00,6644.75000,6652.00000,6641.75000,6651.25000
2025-10-17T00:00:00+00:00,6651.25000,6658.00000,6648.25000,6651.50000
2025-10-17T01:00:00+00:00,6651.50000,6663.00000,6642.50000,6648.25000
2025-10-17T02:00:00+00:00,6648.50000,6650.50000,6642.75000,6648.25000
2025-10-17T03:00:00+00:00,6648.00000,6650.25000,6636.25000,6642.50000
2025-10-17T04:00:00+00:00,6641.25000,6642.75000,6635.50000,6636.75000
2025-10-17T05:00:00+00:00,6637.00000,6637.50000,6618.50000,6628.25000
2025-10-17T06:00:00+00:00,6628.50000,6634.50000,6608.75000,6611.25000
2025-10-17T07:00:00+00:00,6611.50000,6613.25000,6577.25000,6584.75000
2025-10-17T08:00:00+00:00,6584.75000,6597.75000,6571.25000,6591.00000
2025-10-17T09:00:00+00:00,6590.75000,6608.50000,6589.50000,6592.00000
2025-10-17T10:00:00+00:00,6592.50000,6616.00000,6590.75000,6615.50000
2025-10-17T11:00:00+00:00,6615.75000,6655.75000,6612.75000,6652.75000
2025-10-17T12:00:00+00:00,6652.50000,6672.00000,6646.75000,6658.50000
2025-10-17T13:00:00+00:00,6658.00000,6684.50000,6641.50000,6666.25000
2025-10-17T14:00:00+00:00,6666.25000,6697.50000,6653.00000,6655.50000
2025-10-17T15:00:00+00:00,6655.50000,6682.25000,6640.50000,6677.00000
2025-10-17T16:00:00+00:00,6677.00000,6696.75000,6672.25000,6680.00000
2025-10-17T17:00:00+00:00,6680.00000,6690.75000,6665.00000,6688.75000
2025-10-17T18:00:00+00:00,6688.75000,6711.50000,6688.50000,6704.00000
2025-10-17T19:00:00+00:00,6704.25000,6718.00000,6700.50000,6703.75000
2025-10-17T20:00:00+00:00,6703.75000,6713.00000,6701.50000,6711.00000
2025-10-19T22:00:00+00:00,6721.00000,6726.00000,6702.50000,6715.75000
2025-10-19T23:00:00+00:00,6716.25000,6716.50000,6701.50000,6705.75000
2025-10-20T00:00:00+00:00,6705.50000,6716.25000,6694.00000,6714.50000
2025-10-20T01:00:00+00:00,6714.50000,6720.75000,6710.00000,6713.00000
2025-10-20T02:00:00+00:00,6713.00000,6717.00000,6709.25000,6715.00000
2025-10-20T03:00:00+00:00,6715.00000,6724.75000,6715.00000,6723.25000
2025-10-20T04:00:00+00:00,6723.25000,6728.50000,6722.00000,6727.25000
2025-10-20T05:00:00+00:00,6727.00000,6732.00000,6724.00000,6729.00000
2025-10-20T06:00:00+00:00,6728.75000,6731.25000,6723.25000,6727.75000
2025-10-20T07:00:00+00:00,6728.00000,6737.50000,6725.00000,6731.25000
2025-10-20T08:00:00+00:00,6731.25000,6732.50000,6718.50000,6720.50000
2025-10-20T09:00:00+00:00,6720.00000,6725.75000,6717.25000,6722.75000
2025-10-20T10:00:00+00:00,6722.75000,6727.00000,6712.00000,6712.75000
2025-10-20T11:00:00+00:00,6712.25000,6724.75000,6711.50000,6724.00000
2025-10-20T12:00:00+00:00,6723.75000,6734.50000,6720.75000,6734.00000
2025-10-20T13:00:00+00:00,6733.75000,6754.75000,6732.00000,6747.50000
2025-10-20T14:00:00+00:00,6747.50000,6775.50000,6747.50000,6773.00000
2025-10-20T15:00:00+00:00,6772.75000,6774.00000,6762.25000,6766.25000
2025-10-20T16:00:00+00:00,6766.50000,6771.75000,6763.00000,6771.25000
2025-10-20T17:00:00+00:00,6771.25000,6782.00000,6771.00000,6778.75000
2025-10-20T18:00:00+00:00,6778.75000,6783.00000,6772.50000,6777.25000
2025-10-20T19:00:00+00:00,6777.50000,6782.50000,6772.50000,6773.50000
2025-10-20T20:00:00+00:00,6773.50000,6780.50000,6770.00000,6780.25000
2025-10-20T22:00:00+00:00,6779.50000,6781.00000,6776.25000,6777.50000
2025-10-20T23:00:00+00:00,6777.75000,6782.75000,6776.50000,6778.00000
2025-10-21T00:00:00+00:00,6778.00000,6782.00000,6776.00000,6782.00000
2025-10-21T01:00:00+00:00,6781.75000,6784.50000,6778.25000,6780.50000
2025-10-21T02:00:00+00:00,6780.50000,6785.00000,6779.50000,6780.50000
2025-10-21T03:00:00+00:00,6780.50000,6782.00000,6775.75000,6777.50000
2025-10-21T04:00:00+00:00,6777.00000,6777.75000,6771.50000,6773.75000
2025-10-21T05:00:00+00:00,6774.00000,6776.00000,6767.50000,6771.50000
2025-10-21T06:00:00+00:00,6771.75000,6771.75000,6764.50000,6767.50000
2025-10-21T07:00:00+00:00,6767.75000,6769.25000,6764.00000,6767.00000
2025-10-21T08:00:00+00:00,6767.25000,6768.50000,6763.25000,6764.75000
2025-10-21T09:00:00+00:00,6764.75000,6771.00000,6764.25000,6768.50000
2025-10-21T10:00:00+00:00,6768.75000,6772.00000,6765.25000,6771.25000
2025-10-21T11:00:00+00:00,6771.00000,6776.50000,6769.50000,6776.00000
2025-10-21T12:00:00+00:00,6776.00000,6777.75000,6772.75000,6774.00000
2025-10-21T13:00:00+00:00,6774.00000,6777.50000,6761.50000,6765.25000
2025-10-21T14:00:00+00:00,6765.25000,6786.25000,6759.25000,6785.75000
2025-10-21T15:00:00+00:00,6785.50000,6787.25000,6773.75000,6782.75000
2025-10-21T16:00:00+00:00,6782.25000,6789.75000,6773.25000,6774.75000
2025-10-21T17:00:00+00:00,6774.75000,6783.00000,6767.25000,6781.75000
2025-10-21T18:00:00+00:00,6782.00000,6785.00000,6777.50000,6779.50000
2025-10-21T19:00:00+00:00,6779.25000,6784.00000,6771.50000,6772.25000
2025-10-21T20:00:00+00:00,6772.25000,6775.75000,6764.75000,6772.50000
2025-10-21T22:00:00+00:00,6776.00000,6778.00000,6771.75000,6775.50000
2025-10-21T23:00:00+00:00,6775.50000,6775.75000,6769.25000,6769.75000
2025-10-22T00:00:00+00:00,6769.75000,6772.50000,6765.25000,6766.50000
2025-10-22T01:00:00+00:00,6766.25000,6774.75000,6764.00000,6774.00000
2025-10-22T02:00:00+00:00,6774.25000,6777.25000,6771.50000,6775.25000
2025-10-22T03:00:00+00:00,6775.50000,6780.00000,6769.25000,6779.75000
2025-10-22T04:00:00+00:00,6784.50000,6788.00000,6783.25000,6784.75000
2025-10-22T05:00:00+00:00,6784.75000,6786.50000,6780.75000,6782.25000
2025-10-22T06:00:00+00:00,6782.25000,6788.75000,6779.25000,6785.50000
2025-10-22T07:00:00+00:00,6785.50000,6786.00000,6775.25000,6781.75000
2025-10-22T08:00:00+00:00,6782.00000,6782.00000,6772.00000,6775.75000
2025-10-22T09:00:00+00:00,6775.50000,6778.75000,6768.50000,6778.50000
2025-10-22T10:00:00+00:00,6778.50000,6782.75000,6776.75000,6778.50000
2025-10-22T11:00:00+00:00,6778.00000,6779.25000,6765.50000,6769.25000
2025-10-22T12:00:00+00:00,6769.25000,6780.75000,6768.50000,6779.25000
2025-10-22T13:00:00+00:00,6779.25000,6781.75000,6763.50000,6771.75000
2025-10-22T14:00:00+00:00,6771.50000,6775.25000,6739.50000,6759.75000
2025-10-22T15:00:00+00:00,6759.50000,6763.25000,6732.25000,6748.75000
2025-10-22T16:00:00+00:00,6749.00000,6750.75000,6698.00000,6732.00000
2025-10-22T17:00:00+00:00,6731.75000,6735.25000,6690.75000,6705.25000
2025-10-22T18:00:00+00:00,6705.50000,6724.00000,6695.25000,6723.25000
2025-10-22T19:00:00+00:00,6723.25000,6742.25000,6713.50000,6737.00000
2025-10-22T20:00:00+00:00,6737.00000,6744.75000,6731.75000,6737.50000
2025-10-22T22:00:00+00:00,6733.50000,6739.50000,6729.50000,6736.75000
2025-10-22T23:00:00+00:00,6736.75000,6740.50000,6726.50000,6727.00000
2025-10-23T00:00:00+00:00,6727.00000,6737.75000,6717.50000,6737.00000
2025-10-23T01:00:00+00:00,6736.75000,6748.25000,6736.25000,6747.00000
2025-10-23T02:00:00+00:00,6747.25000,6749.75000,6745.75000,6747.00000
2025-10-23T03:00:00+00:00,6747.25000,6750.25000,6742.75000,6744.50000
2025-10-23T04:00:00+00:00,6745.25000,6745.50000,6739.75000,6741.75000
2025-10-23T05:00:00+00:00,6741.75000,6747.25000,6738.25000,6746.50000
2025-10-23T06:00:00+00:00,6746.25000,6749.75000,6742.75000,6748.25000
2025-10-23T07:00:00+00:00,6748.25000,6751.75000,6739.50000,6746.50000
2025-10-23T08:00:00+00:00,6746.50000,6749.75000,6742.25000,6744.75000
2025-10-23T09:00:00+00:00,6744.75000,6746.75000,6732.50000,6739.25000
2025-10-23T10:00:00+00:00,6739.75000,6742.25000,6737.25000,6740.00000
2025-10-23T11:00:00+00:00,6739.75000,6740.25000,6723.50000,6725.75000
2025-10-23T12:00:00+00:00,6725.75000,6737.25000,6719.50000,6736.00000
2025-10-23T13:00:00+00:00,6736.00000,6766.00000,6724.00000,6758.00000
2025-10-23T14:00:00+00:00,6758.25000,6762.25000,6739.00000,6760.50000
2025-10-23T15:00:00+00:00,6760.50000,6765.50000,6745.25000,6760.75000
2025-10-23T16:00:00+00:00,6760.75000,6774.00000,6759.75000,6772.75000
2025-10-23T17:00:00+00:00,6773.00000,6783.50000,6762.50000,6782.25000
2025-10-23T18:00:00+00:00,6782.50000,6785.75000,6776.75000,6784.00000
2025-10-23T19:00:00+00:00,6784.00000,6785.75000,6771.50000,6774.75000
2025-10-23T20:00:00+00:00,6774.50000,6778.25000,6773.50000,6777.75000
2025-10-23T22:00:00+00:00,6778.25000,6781.75000,6776.50000,6779.75000
2025-10-23T23:00:00+00:00,6779.75000,6782.00000,6779.50000,6780.75000
2025-10-24T00:00:00+00:00,6781.00000,6781.75000,6776.75000,6781.00000
2025-10-24T01:00:00+00:00,6781.00000,6785.50000,6780.75000,6784.75000
2025-10-24T02:00:00+00:00,6784.75000,6787.00000,6781.75000,6783.25000
2025-10-24T03:00:00+00:00,6783.25000,6788.25000,6782.75000,6787.50000
2025-10-24T04:00:00+00:00,6785.50000,6788.50000,6785.50000,6787.75000
2025-10-24T05:00:00+00:00,6787.75000,6791.75000,6786.75000,6791.50000
2025-10-24T06:00:00+00:00,6791.50000,6798.25000,6791.00000,6795.00000
2025-10-24T07:00:00+00:00,6795.25000,6795.25000,6787.50000,6788.25000
2025-10-24T08:00:00+00:00,6788.25000,6793.50000,6784.00000,6789.75000
2025-10-24T09:00:00+00:00,6789.50000,6798.75000,6789.25000,6794.50000
2025-10-24T10:00:00+00:00,6794.50000,6797.75000,6792.50000,6793.00000
2025-10-24T11:00:00+00:00,6793.00000,6799.75000,6792.50000,6797.50000
2025-10-24T12:00:00+00:00,6797.75000,6837.25000,6792.50000,6812.75000
2025-10-24T13:00:00+00:00,6813.00000,6835.00000,6812.50000,6829.50000
2025-10-24T14:00:00+00:00,6830.00000,6835.50000,6815.25000,6823.00000
2025-10-24T15:00:00+00:00,6823.00000,6841.25000,6821.00000,6835.75000
2025-10-24T16:00:00+00:00,6835.75000,6841.25000,6828.25000,6836.00000
2025-10-24T17:00:00+00:00,6835.75000,6840.75000,6832.75000,6836.75000
2025-10-24T18:00:00+00:00,6836.75000,6839.75000,6833.25000,6838.00000
2025-10-24T19:00:00+00:00,6837.75000,6841.00000,6823.75000,6827.50000
2025-10-24T20:00:00+00:00,6827.25000,6829.50000,6824.25000,6826.00000
2025-10-26T22:00:00+00:00,6881.00000,6890.00000,6827.00000,6872.00000
2025-10-26T23:00:00+00:00,6872.25000,6876.75000,6868.75000,6870.75000
2025-10-27T00:00:00+00:00,6870.75000,6876.75000,6869.25000,6872.25000
2025-10-27T01:00:00+00:00,6872.50000,6873.25000,6869.25000,6869.50000
2025-10-27T02:00:00+00:00,6869.50000,6875.25000,6867.50000,6875.00000
2025-10-27T03:00:00+00:00,6875.00000,6881.00000,6874.25000,6878.25000
2025-10-27T04:00:00+00:00,6878.25000,6880.50000,6877.00000,6879.25000
2025-10-27T05:00:00+00:00,6879.00000,6883.75000,6879.00000,6882.75000
2025-10-27T06:00:00+00:00,6883.00000,6888.25000,6882.25000,6884.50000
2025-10-27T07:00:00+00:00,6884.50000,6889.00000,6882.75000,6882.75000
2025-10-27T08:00:00+00:00,6883.00000,6884.25000,6876.50000,6881.00000
2025-10-27T09:00:00+00:00,6881.25000,6887.00000,6878.75000,6887.00000
2025-10-27T10:00:00+00:00,6887.00000,6888.50000,6884.00000,6886.50000
2025-10-27T11:00:00+00:00,6886.50000,6889.00000,6879.00000,6880.25000
2025-10-27T12:00:00+00:00,6880.00000,6885.25000,6879.25000,6883.00000
2025-10-27T13:00:00+00:00,6882.75000,6889.00000,6877.00000,6886.75000
2025-10-27T14:00:00+00:00,6886.75000,6892.50000,6879.75000,6883.00000
2025-10-27T15:00:00+00:00,6883.00000,6892.25000,6881.25000,6890.25000
2025-10-27T16:00:00+00:00,6890.25000,6895.00000,6889.75000,6893.75000
2025-10-27T17:00:00+00:00,6893.75000,6896.00000,6887.75000,6895.50000
2025-10-27T18:00:00+00:00,6895.75000,6898.75000,6893.75000,6897.50000
2025-10-27T19:00:00+00:00,6897.50000,6911.75000,6896.25000,6907.75000
2025-10-27T20:00:00+00:00,6907.50000,6916.25000,6907.00000,6914.00000
2025-10-27T22:00:00+00:00,6914.00000,6914.00000,6910.25000,6911.75000
2025-10-27T23:00:00+00:00,6911.50000,6917.75000,6910.75000,6911.00000
2025-10-28T00:00:00+00:00,6910.75000,6912.00000,6908.50000,6909.00000
2025-10-28T01:00:00+00:00,6909.00000,6910.25000,6906.00000,6907.25000
2025-10-28T02:00:00+00:00,6907.25000,6909.25000,6905.25000,6907.75000
2025-10-28T03:00:00+00:00,6907.75000,6910.00000,6906.00000,6907.50000
2025-10-28T04:00:00+00:00,6908.25000,6909.00000,6904.75000,6905.00000
2025-10-28T05:00:00+00:00,6905.25000,6906.50000,6902.25000,6904.75000
2025-10-28T06:00:00+00:00,6905.25000,6909.75000,6903.50000,6903.75000
2025-10-28T07:00:00+00:00,6904.00000,6908.75000,6902.25000,6903.50000
2025-10-28T08:00:00+00:00,6903.75000,6908.00000,6901.50000,6906.75000
2025-10-28T09:00:00+00:00,6906.75000,6908.25000,6904.00000,6907.50000
2025-10-28T10:00:00+00:00,6907.25000,6910.50000,6906.00000,6907.50000
2025-10-28T11:00:00+00:00,6907.50000,6914.00000,6907.00000,6912.50000
2025-10-28T12:00:00+00:00,6912.75000,6918.25000,6912.25000,6916.00000
2025-10-28T13:00:00+00:00,6916.25000,6927.50000,6906.75000,6911.50000
2025-10-28T14:00:00+00:00,6911.50000,6919.00000,6910.00000,6913.75000
2025-10-28T15:00:00+00:00,6914.00000,6917.50000,6903.00000,6910.75000
2025-10-28T16:00:00+00:00,6910.75000,6930.00000,6910.75000,6924.25000
2025-10-28T17:00:00+00:00,6924.50000,6932.50000,6924.00000,6931.50000
2025-10-28T18:00:00+00:00,6931.75000,6939.75000,6931.00000,6937.00000
2025-10-28T19:00:00+00:00,6937.00000,6944.75000,6924.25000,6925.75000
2025-10-28T20:00:00+00:00,6925.50000,6928.00000,6921.50000,6927.50000
2025-10-28T22:00:00+00:00,6929.25000,6931.50000,6925.25000,6926.00000
2025-10-28T23:00:00+00:00,6926.00000,6929.00000,6924.50000,6927.75000
2025-10-29T00:00:00+00:00,6928.00000,6930.50000,6924.50000,6926.00000
2025-10-29T01:00:00+00:00,6925.75000,6935.00000,6925.50000,6932.50000
2025-10-29T02:00:00+00:00,6932.75000,6940.00000,6932.50000,6937.50000
2025-10-29T03:00:00+00:00,6937.75000,6939.25000,6934.50000,6938.00000
2025-10-29T04:00:00+00:00,6935.25000,6939.25000,6933.00000,6938.75000
2025-10-29T05:00:00+00:00,6938.50000,6941.25000,6938.25000,6940.50000
2025-10-29T06:00:00+00:00,6940.25000,6944.00000,6939.50000,6943.00000
2025-10-29T07:00:00+00:00,6943.00000,6945.50000,6939.50000,6945.00000
2025-10-29T08:00:00+00:00,6944.75000,6949.25000,6935.75000,6937.25000
2025-10-29T09:00:00+00:00,6937.25000,6937.75000,6932.00000,6935.75000
2025-10-29T10:00:00+00:00,6935.75000,6942.50000,6934.50000,6938.75000
2025-10-29T11:00:00+00:00,6938.50000,6948.50000,6936.75000,6943.00000
2025-10-29T12:00:00+00:00,6943.00000,6946.00000,6937.50000,6942.00000
2025-10-29T13:00:00+00:00,6942.00000,6951.75000,6936.25000,6950.50000
2025-10-29T14:00:00+00:00,6950.75000,6952.00000,6932.50000,6938.00000
2025-10-29T15:00:00+00:00,6938.25000,6942.75000,6932.75000,6934.75000
2025-10-29T16:00:00+00:00,6934.75000,6942.50000,6929.75000,6940.00000
2025-10-29T17:00:00+00:00,6939.75000,6942.50000,6930.50000,6935.00000
2025-10-29T18:00:00+00:00,6935.50000,6944.50000,6882.25000,6914.75000
2025-10-29T19:00:00+00:00,6915.00000,6928.75000,6895.00000,6928.00000
2025-10-29T20:00:00+00:00,6928.00000,6945.25000,6905.50000,6918.00000
2025-10-29T22:00:00+00:00,6906.50000,6922.25000,6902.50000,6913.00000
2025-10-29T23:00:00+00:00,6912.75000,6924.75000,6908.25000,6922.25000
2025-10-30T00:00:00+00:00,6922.50000,6940.00000,6922.25000,6933.00000
2025-10-30T01:00:00+00:00,6933.25000,6939.25000,6926.25000,6935.75000
2025-10-30T02:00:00+00:00,6936.00000,6948.75000,6935.50000,6944.25000
2025-10-30T03:00:00+00:00,6944.00000,6953.75000,6944.00000,6946.50000
2025-10-30T04:00:00+00:00,6935.50000,6938.25000,6901.00000,6914.25000
2025-10-30T05:00:00+00:00,6914.25000,6939.00000,6912.25000,6929.75000
2025-10-30T06:00:00+00:00,6929.75000,6930.25000,6916.00000,6919.25000
2025-10-30T07:00:00+00:00,6919.50000,6932.75000,6911.75000,6927.25000
2025-10-30T08:00:00+00:00,6927.00000,6929.50000,6916.00000,6922.00000
2025-10-30T09:00:00+00:00,6922.00000,6925.75000,6905.75000,6908.25000
2025-10-30T10:00:00+00:00,6908.50000,6920.25000,6906.75000,6918.00000
2025-10-30T11:00:00+00:00,6918.25000,6929.75000,6916.50000,6921.75000
2025-10-30T12:00:00+00:00,6921.75000,6924.75000,6890.50000,6891.00000
2025-10-30T13:00:00+00:00,6890.75000,6910.75000,6867.75000,6904.25000
2025-10-30T14:00:00+00:00,6904.00000,6913.75000,6886.25000,6898.25000
2025-10-30T15:00:00+00:00,6898.25000,6909.50000,6883.75000,6887.75000
2025-10-30T16:00:00+00:00,6887.75000,6905.75000,6886.00000,6898.25000
2025-10-30T17:00:00+00:00,6898.25000,6900.50000,6884.00000,6898.25000
2025-10-30T18:00:00+00:00,6898.00000,6898.25000,6875.25000,6877.50000
2025-10-30T19:00:00+00:00,6877.25000,6878.25000,6852.50000,6853.75000
2025-10-30T20:00:00+00:00,6853.75000,6896.50000,6851.00000,6855.50000
2025-10-30T22:00:00+00:00,6897.00000,6900.00000,6890.75000,6893.25000
2025-10-30T23:00:00+00:00,6893.50000,6899.25000,6888.00000,6898.50000
2025-10-31T00:00:00+00:00,6898.75000,6903.25000,6889.25000,6901.00000
2025-10-31T01:00:00+00:00,6900.75000,6904.00000,6895.50000,6903.25000
2025-10-31T02:00:00+00:00,6903.25000,6904.50000,6893.25000,6897.00000
2025-10-31T03:00:00+00:00,6896.75000,6900.50000,6893.00000,6900.25000
2025-10-31T04:00:00+00:00,6901.75000,6903.00000,6899.75000,6901.00000
2025-10-31T05:00:00+00:00,6900.75000,6901.25000,6894.00000,6895.25000
2025-10-31T06:00:00+00:00,6895.00000,6902.50000,6894.25000,6895.75000
2025-10-31T07:00:00+00:00,6896.00000,6906.25000,6893.00000,6905.75000
2025-10-31T08:00:00+00:00,6906.00000,6906.00000,6896.25000,6903.25000
2025-10-31T09:00:00+00:00,6903.50000,6906.00000,6898.75000,6899.75000
2025-10-31T10:00:00+00:00,6900.00000,6900.75000,6893.25000,6898.00000
2025-10-31T11:00:00+00:00,6898.00000,6911.50000,6894.75000,6907.75000
2025-10-31T12:00:00+00:00,6907.50000,6918.50000,6901.75000,6905.75000
2025-10-31T13:00:00+00:00,6905.75000,6906.25000,6880.00000,6886.25000
2025-10-31T14:00:00+00:00,6886.25000,6899.50000,6873.75000,6896.50000
2025-10-31T15:00:00+00:00,6896.50000,6899.50000,6872.50000,6873.50000
2025-10-31T16:00:00+00:00,6873.75000,6876.25000,6852.50000,6855.00000
2025-10-31T17:00:00+00:00,6855.00000,6866.50000,6843.50000,6860.50000
2025-10-31T18:00:00+00:00,6860.25000,6879.25000,6859.50000,6878.00000
2025-10-31T19:00:00+00:00,6878.00000,6900.00000,6871.75000,6872.25000
2025-10-31T20:00:00+00:00,6872.00000,6874.75000,6866.75000,6874.00000
2025-11-02T23:00:00+00:00,6874.00000,6894.50000,6874.00000,6892.50000
2025-11-03T00:00:00+00:00,6892.50000,6898.50000,6892.00000,6898.25000
2025-11-03T01:00:00+00:00,6898.25000,6899.25000,6891.25000,6891.50000
2025-11-03T02:00:00+00:00,6891.50000,6896.00000,6887.25000,6888.50000
2025-11-03T03:00:00+00:00,6888.50000,6889.00000,6880.75000,6886.25000
2025-11-03T04:00:00+00:00,6886.00000,6888.00000,6883.75000,6886.50000
2025-11-03T05:00:00+00:00,6887.00000,6888.75000,6882.00000,6884.75000
2025-11-03T06:00:00+00:00,6885.00000,6888.00000,6877.75000,6880.50000
2025-11-03T07:00:00+00:00,6880.25000,6880.50000,6873.75000,6876.00000
2025-11-03T08:00:00+00:00,6876.00000,6889.50000,6873.25000,6887.25000
2025-11-03T09:00:00+00:00,6887.25000,6902.25000,6887.00000,6894.75000
2025-11-03T10:00:00+00:00,6895.00000,6900.75000,6893.25000,6895.75000
2025-11-03T11:00:00+00:00,6895.75000,6903.00000,6895.75000,6896.00000
2025-11-03T12:00:00+00:00,6896.25000,6900.25000,6891.50000,6891.75000
2025-11-03T13:00:00+00:00,6891.50000,6897.25000,6885.75000,6896.50000
2025-11-03T14:00:00+00:00,6896.75000,6909.50000,6872.25000,6875.75000
2025-11-03T15:00:00+00:00,6876.25000,6880.50000,6849.50000,6874.25000
2025-11-03T16:00:00+00:00,6874.25000,6886.75000,6868.75000,6884.75000
2025-11-03T17:00:00+00:00,6884.75000,6890.50000,6874.75000,6889.25000
2025-11-03T18:00:00+00:00,6889.25000,6893.25000,6885.00000,6886.75000
2025-11-03T19:00:00+00:00,6886.75000,6889.50000,6876.50000,6885.00000
2025-11-03T20:00:00+00:00,6885.00000,6887.50000,6875.75000,6885.50000
2025-11-03T21:00:00+00:00,6885.25000,6892.50000,6882.25000,6884.00000
2025-11-03T23:00:00+00:00,6884.00000,6884.00000,6874.75000,6876.25000
2025-11-04T00:00:00+00:00,6876.25000,6876.25000,6862.50000,6869.25000
2025-11-04T01:00:00+00:00,6869.50000,6871.25000,6862.00000,6866.00000
2025-11-04T02:00:00+00:00,6866.00000,6866.25000,6853.00000,6853.00000
2025-11-04T03:00:00+00:00,6853.00000,6862.00000,6852.25000,6852.50000
2025-11-04T04:00:00+00:00,6852.75000,6854.75000,6846.00000,6850.00000
2025-11-04T05:00:00+00:00,6848.50000,6849.00000,6826.50000,6830.00000
2025-11-04T06:00:00+00:00,6830.00000,6830.50000,6814.75000,6820.50000
2025-11-04T07:00:00+00:00,6820.50000,6824.50000,6811.75000,6821.50000
2025-11-04T08:00:00+00:00,6821.75000,6821.75000,6806.50000,6814.25000
2025-11-04T09:00:00+00:00,6814.50000,6818.75000,6791.50000,6792.75000
2025-11-04T10:00:00+00:00,6792.75000,6815.25000,6786.25000,6813.50000
2025-11-04T11:00:00+00:00,6813.50000,6817.75000,6810.75000,6812.75000
2025-11-04T12:00:00+00:00,6813.00000,6820.50000,6805.00000,6814.50000
2025-11-04T13:00:00+00:00,6814.25000,6816.50000,6802.25000,6809.00000
2025-11-04T14:00:00+00:00,6808.75000,6837.75000,6795.75000,6836.50000
2025-11-04T15:00:00+00:00,6836.25000,6849.25000,6825.75000,6831.25000
2025-11-04T16:00:00+00:00,6831.25000,6838.00000,6824.00000,6831.50000
2025-11-04T17:00:00+00:00,6831.75000,6831.75000,6806.00000,6809.25000
2025-11-04T18:00:00+00:00,6809.25000,6813.25000,6796.25000,6810.50000
2025-11-04T19:00:00+00:00,6810.25000,6816.00000,6794.75000,6801.25000
2025-11-04T20:00:00+00:00,6801.25000,6815.00000,6795.75000,6803.50000
2025-11-04T21:00:00+00:00,6803.50000,6808.00000,6796.75000,6806.25000
2025-11-04T23:00:00+00:00,6801.00000,6806.50000,6793.00000,6793.25000
2025-11-05T00:00:00+00:00,6793.50000,6793.50000,6773.00000,6773.25000
2025-11-05T01:00:00+00:00,6773.50000,6773.50000,6748.50000,6760.00000
2025-11-05T02:00:00+00:00,6760.00000,6777.00000,6752.75000,6775.25000
2025-11-05T03:00:00+00:00,6775.50000,6795.25000,6775.25000,6795.00000
2025-11-05T04:00:00+00:00,6795.25000,6795.75000,6782.75000,6786.25000
2025-11-05T05:00:00+00:00,6792.50000,6798.75000,6784.50000,6789.00000
2025-11-05T06:00:00+00:00,6789.00000,6801.25000,6783.25000,6797.75000
2025-11-05T07:00:00+00:00,6797.75000,6798.75000,6786.25000,6787.00000
2025-11-05T08:00:00+00:00,6787.00000,6800.50000,6782.00000,6795.00000
2025-11-05T09:00:00+00:00,6795.00000,6801.25000,6787.75000,6794.00000
2025-11-05T10:00:00+00:00,6793.75000,6798.75000,6773.25000,6773.50000
2025-11-05T11:00:00+00:00,6773.50000,6789.00000,6771.75000,6787.00000
2025-11-05T12:00:00+00:00,6787.25000,6796.50000,6782.00000,6795.25000
2025-11-05T13:00:00+00:00,6795.50000,6807.75000,6790.50000,6805.50000
2025-11-05T14:00:00+00:00,6805.50000,6824.50000,6789.75000,6822.00000
2025-11-05T15:00:00+00:00,6821.75000,6831.25000,6809.50000,6827.00000
2025-11-05T16:00:00+00:00,6827.25000,6846.50000,6816.00000,6842.50000
2025-11-05T17:00:00+00:00,6842.50000,6857.75000,6839.00000,6851.00000
2025-11-05T18:00:00+00:00,6851.00000,6857.50000,6849.00000,6855.50000
2025-11-05T19:00:00+00:00,6855.25000,6855.25000,6846.25000,6851.25000
2025-11-05T20:00:00+00:00,6851.25000,6854.50000,6823.00000,6824.00000
2025-11-05T21:00:00+00:00,6824.25000,6830.75000,6820.00000,6827.50000
2025-11-05T23:00:00+00:00,6828.50000,6835.00000,6820.75000,6834.75000
2025-11-06T00:00:00+00:00,6834.75000,6835.00000,6810.50000,6821.00000
2025-11-06T01:00:00+00:00,6820.75000,6820.75000,6805.50000,6815.00000
2025-11-06T02:00:00+00:00,6815.25000,6823.00000,6808.00000,6822.25000
2025-11-06T03:00:00+00:00,6822.00000,6826.00000,6819.25000,6823.25000
2025-11-06T04:00:00+00:00,6823.00000,6827.50000,6820.00000,6826.50000
2025-11-06T05:00:00+00:00,6824.50000,6826.00000,6816.50000,6818.00000
2025-11-06T06:00:00+00:00,6817.75000,6821.25000,6813.50000,6815.25000
2025-11-06T07:00:00+00:00,6815.25000,6821.75000,6807.75000,6808.50000
2025-11-06T08:00:00+00:00,6808.50000,6814.75000,6804.00000,6812.75000
2025-11-06T09:00:00+00:00,6812.75000,6827.50000,6812.25000,6823.75000
2025-11-06T10:00:00+00:00,6824.00000,6833.25000,6822.75000,6829.00000
2025-11-06T11:00:00+00:00,6829.00000,6834.00000,6827.00000,6828.50000
2025-11-06T12:00:00+00:00,6828.25000,6838.25000,6828.00000,6836.25000
2025-11-06T13:00:00+00:00,6836.00000,6843.50000,6831.00000,6832.00000
2025-11-06T14:00:00+00:00,6831.75000,6834.25000,6788.00000,6788.50000
2025-11-06T15:00:00+00:00,6788.50000,6800.75000,6754.25000,6756.25000
2025-11-06T16:00:00+00:00,6756.00000,6766.75000,6736.75000,6738.75000
2025-11-06T17:00:00+00:00,6738.75000,6762.50000,6733.50000,6757.75000
2025-11-06T18:00:00+00:00,6757.75000,6769.00000,6738.00000,6762.00000
2025-11-06T19:00:00+00:00,6762.25000,6784.50000,6759.50000,6777.00000
2025-11-06T20:00:00+00:00,6776.75000,6780.75000,6742.50000,6750.50000
2025-11-06T21:00:00+00:00,6750.25000,6767.50000,6748.75000,6764.75000
2025-11-06T23:00:00+00:00,6763.00000,6769.25000,6756.00000,6765.00000
2025-11-07T00:00:00+00:00,6765.00000,6772.00000,6757.50000,6766.50000
2025-11-07T01:00:00+00:00,6766.50000,6767.25000,6742.50000,6755.00000
2025-11-07T02:00:00+00:00,6755.25000,6755.75000,6742.75000,6753.50000
2025-11-07T03:00:00+00:00,6753.50000,6755.25000,6739.25000,6744.50000
2025-11-07T04:00:00+00:00,6744.50000,6751.50000,6732.00000,6750.00000
2025-11-07T05:00:00+00:00,6757.00000,6764.75000,6755.25000,6764.25000
2025-11-07T06:00:00+00:00,6764.50000,6766.00000,6760.25000,6763.75000
2025-11-07T07:00:00+00:00,6763.75000,6769.50000,6761.00000,6767.00000
2025-11-07T08:00:00+00:00,6767.00000,6770.75000,6755.00000,6762.50000
2025-11-07T09:00:00+00:00,6762.25000,6766.25000,6748.25000,6752.00000
2025-11-07T10:00:00+00:00,6752.00000,6756.00000,6737.25000,6744.00000
2025-11-07T11:00:00+00:00,6744.00000,6744.25000,6715.75000,6738.25000
2025-11-07T12:00:00+00:00,6738.00000,6739.25000,6712.25000,6717.75000
2025-11-07T13:00:00+00:00,6717.75000,6730.50000,6713.00000,6723.25000
2025-11-07T14:00:00+00:00,6723.25000,6725.50000,6687.25000,6706.00000
2025-11-07T15:00:00+00:00,6706.50000,6716.25000,6676.25000,6677.25000
2025-11-07T16:00:00+00:00,6677.00000,6684.00000,6657.00000,6663.25000
2025-11-07T17:00:00+00:00,6663.25000,6686.50000,6655.50000,6683.25000
2025-11-07T18:00:00+00:00,6683.00000,6705.00000,6679.75000,6700.25000
2025-11-07T19:00:00+00:00,6700.00000,6744.00000,6696.00000,6743.50000
2025-11-07T20:00:00+00:00,6743.25000,6755.50000,6723.25000,6753.50000
2025-11-07T21:00:00+00:00,6753.50000,6765.75000,6753.25000,6753.75000
2025-11-09T23:00:00+00:00,6785.50000,6789.50000,6753.75000,6785.25000
2025-11-10T00:00:00+00:00,6785.00000,6787.50000,6772.00000,6783.50000
2025-11-10T01:00:00+00:00,6783.25000,6798.00000,6782.75000,6797.25000
2025-11-10T02:00:00+00:00,6797.00000,6799.75000,6793.25000,6796.75000
2025-11-10T03:00:00+00:00,6796.50000,6804.00000,6796.50000,6798.75000
2025-11-10T04:00:00+00:00,6798.50000,6803.75000,6798.50000,6802.00000
2025-11-10T05:00:00+00:00,6801.00000,6806.25000,6800.75000,6803.50000
2025-11-10T06:00:00+00:00,6803.50000,6807.25000,6799.50000,6800.00000
2025-11-10T07:00:00+00:00,6800.00000,6804.25000,6798.50000,6802.25000
2025-11-10T08:00:00+00:00,6802.50000,6812.25000,6796.25000,6811.75000
2025-11-10T09:00:00+00:00,6812.00000,6823.50000,6810.75000,6819.25000
2025-11-10T10:00:00+00:00,6819.50000,6821.75000,6815.75000,6817.00000
2025-11-10T11:00:00+00:00,6817.25000,6819.75000,6811.00000,6819.75000
2025-11-10T12:00:00+00:00,6819.75000,6821.25000,6811.00000,6815.00000
2025-11-10T13:00:00+00:00,6815.00000,6820.75000,6813.25000,6819.75000
2025-11-10T14:00:00+00:00,6819.75000,6835.50000,6812.75000,6829.00000
2025-11-10T15:00:00+00:00,6828.75000,6835.75000,6804.50000,6805.50000
2025-11-10T16:00:00+00:00,6805.50000,6811.00000,6792.75000,6809.00000
2025-11-10T17:00:00+00:00,6809.25000,6840.75000,6807.25000,6837.75000
2025-11-10T18:00:00+00:00,6837.75000,6849.00000,6836.75000,6842.25000
2025-11-10T19:00:00+00:00,6842.50000,6860.50000,6842.00000,6856.50000
2025-11-10T20:00:00+00:00,6856.50000,6865.75000,6854.00000,6857.00000
2025-11-10T21:00:00+00:00,6857.00000,6864.00000,6855.75000,6857.75000
2025-11-10T23:00:00+00:00,6857.25000,6862.75000,6854.25000,6862.25000
2025-11-11T00:00:00+00:00,6862.25000,6867.00000,6858.50000,6860.50000
2025-11-11T01:00:00+00:00,6860.50000,6865.00000,6859.25000,6861.00000
2025-11-11T02:00:00+00:00,6860.75000,6864.00000,6857.00000,6860.25000
2025-11-11T03:00:00+00:00,6860.25000,6862.75000,6857.50000,6861.50000
2025-11-11T04:00:00+00:00,6861.75000,6862.00000,6852.25000,6852.25000
2025-11-11T05:00:00+00:00,6850.25000,6852.75000,6847.50000,6847.75000
2025-11-11T06:00:00+00:00,6847.50000,6856.75000,6847.25000,6852.00000
2025-11-11T07:00:00+00:00,6852.25000,6853.75000,6845.25000,6845.75000
2025-11-11T08:00:00+00:00,6845.75000,6850.75000,6842.25000,6843.25000
2025-11-11T09:00:00+00:00,6843.50000,6847.25000,6839.25000,6840.25000
2025-11-11T10:00:00+00:00,6840.25000,6845.25000,6839.00000,6843.00000
2025-11-11T11:00:00+00:00,6843.25000,6847.25000,6842.00000,6844.50000
2025-11-11T12:00:00+00:00,6844.50000,6847.25000,6838.00000,6839.50000
2025-11-11T13:00:00+00:00,6839.75000,6845.50000,6835.75000,6841.25000
2025-11-11T14:00:00+00:00,6841.00000,6852.00000,6837.50000,6850.50000
2025-11-11T15:00:00+00:00,6850.50000,6850.50000,6830.50000,6834.75000
2025-11-11T16:00:00+00:00,6834.50000,6851.00000,6830.75000,6841.00000
2025-11-11T17:00:00+00:00,6841.00000,6866.25000,6840.25000,6864.75000
2025-11-11T18:00:00+00:00,6864.75000,6876.75000,6864.00000,6875.75000
2025-11-11T19:00:00+00:00,6875.75000,6878.00000,6868.25000,6875.00000
2025-11-11T20:00:00+00:00,6875.00000,6879.75000,6866.75000,6872.75000
2025-11-11T21:00:00+00:00,6872.75000,6880.00000,6869.25000,6874.00000
2025-11-11T23:00:00+00:00,6874.00000,6876.00000,6868.00000,6871.25000
2025-11-12T00:00:00+00:00,6871.50000,6880.00000,6870.75000,6877.00000
2025-11-12T01:00:00+00:00,6877.25000,6885.50000,6876.25000,6884.00000
2025-11-12T02:00:00+00:00,6884.25000,6889.25000,6880.00000,6882.25000
2025-11-12T03:00:00+00:00,6882.50000,6883.75000,6879.25000,6882.75000
2025-11-12T04:00:00+00:00,6882.50000,6883.25000,6877.25000,6880.50000
2025-11-12T05:00:00+00:00,6882.50000,6888.25000,6881.50000,6886.00000
2025-11-12T06:00:00+00:00,6885.75000,6891.00000,6885.50000,6889.75000
2025-11-12T07:00:00+00:00,6890.00000,6898.00000,6890.00000,6892.00000
2025-11-12T08:00:00+00:00,6892.00000,6897.75000,6889.25000,6893.25000
2025-11-12T09:00:00+00:00,6893.25000,6900.50000,6890.00000,6898.25000
2025-11-12T10:00:00+00:00,6898.25000,6900.50000,6889.75000,6893.75000
2025-11-12T11:00:00+00:00,6893.75000,6895.50000,6882.75000,6885.25000
2025-11-12T12:00:00+00:00,6885.25000,6898.50000,6882.00000,6896.25000
2025-11-12T13:00:00+00:00,6896.00000,6898.50000,6893.75000,6895.25000
2025-11-12T14:00:00+00:00,6895.25000,6895.50000,6873.75000,6880.00000
2025-11-12T15:00:00+00:00,6880.00000,6885.25000,6860.75000,6866.25000
2025-11-12T16:00:00+00:00,6866.50000,6872.75000,6852.00000,6860.25000
2025-11-12T17:00:00+00:00,6860.25000,6881.25000,6858.00000,6879.25000
2025-11-12T18:00:00+00:00,6879.00000,6884.25000,6873.00000,6878.75000
2025-11-12T19:00:00+00:00,6878.75000,6880.50000,6865.00000,6870.50000
2025-11-12T20:00:00+00:00,6870.50000,6884.00000,6863.50000,6876.00000
2025-11-12T21:00:00+00:00,6876.00000,6881.00000,6872.75000,6873.25000
2025-11-12T23:00:00+00:00,6873.25000,6875.00000,6851.25000,6858.25000
2025-11-13T00:00:00+00:00,6858.50000,6869.25000,6858.25000,6863.75000
2025-11-13T01:00:00+00:00,6863.75000,6889.50000,6862.25000,6884.25000
2025-11-13T02:00:00+00:00,6884.25000,6886.25000,6876.50000,6878.75000
2025-11-13T03:00:00+00:00,6879.00000,6886.50000,6874.75000,6883.25000
2025-11-13T04:00:00+00:00,6883.00000,6887.50000,6880.75000,6887.00000
2025-11-13T05:00:00+00:00,6888.00000,6890.25000,6887.00000,6887.75000
2025-11-13T06:00:00+00:00,6887.50000,6892.50000,6886.00000,6889.75000
2025-11-13T07:00:00+00:00,6889.75000,6892.50000,6882.50000,6883.25000
2025-11-13T08:00:00+00:00,6883.00000,6886.25000,6878.25000,6884.00000
2025-11-13T09:00:00+00:00,6884.00000,6885.00000,6859.25000,6865.50000
2025-11-13T10:00:00+00:00,6865.50000,6876.00000,6864.50000,6870.25000
2025-11-13T11:00:00+00:00,6870.25000,6875.25000,6858.75000,6867.50000
2025-11-13T12:00:00+00:00,6867.50000,6872.50000,6860.00000,6865.75000
2025-11-13T13:00:00+00:00,6865.75000,6866.75000,6849.25000,6851.25000
2025-11-13T14:00:00+00:00,6851.25000,6853.50000,6817.00000,6829.50000
2025-11-13T15:00:00+00:00,6829.50000,6850.50000,6794.50000,6805.75000
2025-11-13T16:00:00+00:00,6806.00000,6809.25000,6783.25000,6793.00000
2025-11-13T17:00:00+00:00,6793.00000,6806.00000,6780.75000,6782.50000
2025-11-13T18:00:00+00:00,6782.50000,6788.75000,6756.00000,6767.75000
2025-11-13T19:00:00+00:00,6767.75000,6777.50000,6746.00000,6758.00000
2025-11-13T20:00:00+00:00,6758.00000,6771.50000,6746.00000,6762.00000
2025-11-13T21:00:00+00:00,6762.00000,6778.50000,6761.00000,6762.50000
2025-11-13T23:00:00+00:00,6762.75000,6775.00000,6762.75000,6767.00000
2025-11-14T00:00:00+00:00,6766.75000,6774.25000,6764.75000,6766.75000
2025-11-14T01:00:00+00:00,6766.75000,6774.00000,6765.00000,6768.50000
2025-11-14T02:00:00+00:00,6768.75000,6774.75000,6768.50000,6771.00000
2025-11-14T03:00:00+00:00,6771.00000,6772.50000,6761.50000,6766.50000
2025-11-14T04:00:00+00:00,6766.50000,6768.00000,6751.75000,6752.25000
2025-11-14T05:00:00+00:00,6752.00000,6767.75000,6743.75000,6764.00000
2025-11-14T06:00:00+00:00,6763.75000,6764.25000,6745.75000,6757.75000
2025-11-14T07:00:00+00:00,6757.50000,6758.00000,6733.25000,6746.00000
2025-11-14T08:00:00+00:00,6746.00000,6747.75000,6728.25000,6744.75000
2025-11-14T09:00:00+00:00,6744.75000,6754.75000,6735.50000,6738.25000
2025-11-14T10:00:00+00:00,6738.00000,6748.50000,6735.75000,6739.00000
2025-11-14T11:00:00+00:00,6738.75000,6738.75000,6704.25000,6714.50000
2025-11-14T12:00:00+00:00,6714.75000,6715.00000,6684.25000,6695.25000
2025-11-14T13:00:00+00:00,6695.00000,6700.50000,6677.75000,6692.00000
2025-11-14T14:00:00+00:00,6692.25000,6726.50000,6670.50000,6725.00000
2025-11-14T15:00:00+00:00,6725.00000,6766.75000,6707.25000,6761.00000
2025-11-14T16:00:00+00:00,6760.75000,6788.75000,6747.25000,6786.00000
2025-11-14T17:00:00+00:00,6785.75000,6795.50000,6770.00000,6779.25000
2025-11-14T18:00:00+00:00,6779.25000,6782.25000,6753.50000,6771.25000
2025-11-14T19:00:00+00:00,6771.00000,6787.50000,6761.25000,6785.00000
2025-11-14T20:00:00+00:00,6785.00000,6789.75000,6750.00000,6758.25000
2025-11-14T21:00:00+00:00,6758.00000,6769.25000,6750.75000,6755.25000
2025-11-16T23:00:00+00:00,6749.75000,6770.50000,6747.50000,6766.75000
2025-11-17T00:00:00+00:00,6766.50000,6778.75000,6755.75000,6776.00000
2025-11-17T01:00:00+00:00,6776.25000,6780.25000,6770.00000,6770.75000
2025-11-17T02:00:00+00:00,6770.75000,6782.00000,6770.00000,6781.00000
2025-11-17T03:00:00+00:00,6780.75000,6785.00000,6779.25000,6784.00000
2025-11-17T04:00:00+00:00,6784.00000,6787.75000,6782.75000,6786.00000
2025-11-17T05:00:00+00:00,6786.00000,6788.25000,6780.00000,6780.75000
2025-11-17T06:00:00+00:00,6780.75000,6785.50000,6778.25000,6779.50000
2025-11-17T07:00:00+00:00,6779.50000,6795.25000,6778.50000,6792.50000
2025-11-17T08:00:00+00:00,6792.25000,6801.50000,6790.25000,6799.25000
2025-11-17T09:00:00+00:00,6799.00000,6800.50000,6783.25000,6787.50000
2025-11-17T10:00:00+00:00,6787.25000,6787.75000,6764.25000,6769.00000
2025-11-17T11:00:00+00:00,6769.00000,6779.25000,6764.25000,6771.75000
2025-11-17T12:00:00+00:00,6771.75000,6771.75000,6755.75000,6759.00000
2025-11-17T13:00:00+00:00,6759.00000,6760.25000,6734.50000,6747.50000
2025-11-17T14:00:00+00:00,6747.50000,6774.75000,6726.50000,6765.00000
2025-11-17T15:00:00+00:00,6765.25000,6769.50000,6738.25000,6744.50000
2025-11-17T16:00:00+00:00,6744.50000,6767.25000,6714.75000,6767.00000
2025-11-17T17:00:00+00:00,6767.00000,6767.50000,6728.75000,6729.50000
2025-11-17T18:00:00+00:00,6729.50000,6736.25000,6702.00000,6702.75000
2025-11-17T19:00:00+00:00,6702.75000,6706.25000,6663.75000,6664.50000
2025-11-17T20:00:00+00:00,6664.25000,6694.75000,6658.50000,6693.50000
2025-11-17T21:00:00+00:00,6693.50000,6701.00000,6692.00000,6697.25000
2025-11-17T23:00:00+00:00,6696.50000,6706.25000,6693.25000,6701.50000
2025-11-18T00:00:00+00:00,6701.50000,6704.50000,6685.00000,6689.75000
2025-11-18T01:00:00+00:00,6689.75000,6708.75000,6688.75000,6704.00000
2025-11-18T02:00:00+00:00,6704.00000,6707.75000,6686.50000,6686.75000
2025-11-18T03:00:00+00:00,6686.50000,6687.25000,6672.50000,6675.25000
2025-11-18T04:00:00+00:00,6675.25000,6675.25000,6638.75000,6662.00000
2025-11-18T05:00:00+00:00,6664.00000,6667.75000,6656.00000,6656.25000
2025-11-18T06:00:00+00:00,6656.50000,6663.75000,6643.00000,6646.50000
2025-11-18T07:00:00+00:00,6646.75000,6662.75000,6635.50000,6655.00000
2025-11-18T08:00:00+00:00,6655.25000,6685.75000,6654.25000,6674.25000
2025-11-18T09:00:00+00:00,6674.25000,6684.50000,6667.50000,6680.75000
2025-11-18T10:00:00+00:00,6680.50000,6682.25000,6670.50000,6680.25000
2025-11-18T11:00:00+00:00,6679.75000,6681.75000,6665.25000,6675.00000
2025-11-18T12:00:00+00:00,6674.75000,6675.00000,6643.25000,6650.50000
2025-11-18T13:00:00+00:00,6650.75000,6668.00000,6650.50000,6661.75000
2025-11-18T14:00:00+00:00,6661.50000,6679.00000,6621.50000,6622.00000
2025-11-18T15:00:00+00:00,6622.00000,6638.75000,6603.25000,6607.50000
2025-11-18T16:00:00+00:00,6607.50000,6659.75000,6594.00000,6647.25000
2025-11-18T17:00:00+00:00,6647.25000,6679.75000,6614.75000,6672.75000
2025-11-18T18:00:00+00:00,6673.00000,6687.50000,6663.00000,6666.25000
2025-11-18T19:00:00+00:00,6666.25000,6685.50000,6660.25000,6680.00000
2025-11-18T20:00:00+00:00,6680.00000,6685.50000,6636.50000,6637.75000
2025-11-18T21:00:00+00:00,6637.75000,6638.50000,6624.75000,6627.75000
2025-11-18T23:00:00+00:00,6630.75000,6647.50000,6629.50000,6641.75000
2025-11-19T00:00:00+00:00,6641.75000,6643.75000,6622.50000,6635.75000
2025-11-19T01:00:00+00:00,6635.75000,6647.50000,6627.50000,6633.75000
2025-11-19T02:00:00+00:00,6634.00000,6652.25000,6634.00000,6650.50000
2025-11-19T03:00:00+00:00,6650.75000,6652.50000,6629.75000,6630.75000
2025-11-19T04:00:00+00:00,6630.75000,6634.50000,6621.50000,6627.75000
2025-11-19T05:00:00+00:00,6629.25000,6634.00000,6613.25000,6630.50000
2025-11-19T06:00:00+00:00,6630.25000,6636.50000,6626.75000,6634.25000
2025-11-19T07:00:00+00:00,6634.00000,6647.75000,6630.25000,6644.75000
2025-11-19T08:00:00+00:00,6644.50000,6652.50000,6636.00000,6639.25000
2025-11-19T09:00:00+00:00,6639.00000,6659.00000,6634.75000,6658.00000
2025-11-19T10:00:00+00:00,6658.25000,6664.75000,6655.25000,6663.50000
2025-11-19T11:00:00+00:00,6663.50000,6668.75000,6660.25000,6661.00000
2025-11-19T12:00:00+00:00,6661.00000,6667.25000,6656.75000,6661.75000
2025-11-19T13:00:00+00:00,6662.00000,6664.75000,6650.25000,6652.75000
2025-11-19T14:00:00+00:00,6652.75000,6693.75000,6635.75000,6691.75000
2025-11-19T15:00:00+00:00,6692.00000,6709.00000,6661.00000,6664.75000
2025-11-19T16:00:00+00:00,6664.50000,6670.25000,6642.50000,6660.00000
2025-11-19T17:00:00+00:00,6660.00000,6664.75000,6622.00000,6648.50000
2025-11-19T18:00:00+00:00,6648.50000,6668.25000,6642.75000,6660.75000
2025-11-19T19:00:00+00:00,6661.00000,6663.50000,6628.25000,6647.75000
2025-11-19T20:00:00+00:00,6647.75000,6683.50000,6645.25000,6661.75000
2025-11-19T21:00:00+00:00,6661.75000,6704.25000,6652.25000,6696.00000
2025-11-19T23:00:00+00:00,6697.50000,6732.75000,6694.00000,6732.00000
2025-11-20T00:00:00+00:00,6731.75000,6743.25000,6728.00000,6736.00000
2025-11-20T01:00:00+00:00,6735.75000,6743.00000,6732.25000,6742.00000
2025-11-20T02:00:00+00:00,6741.75000,6746.50000,6737.50000,6745.00000
2025-11-20T03:00:00+00:00,6744.75000,6749.75000,6738.50000,6744.50000
2025-11-20T04:00:00+00:00,6744.25000,6749.75000,6742.25000,6748.75000
2025-11-20T05:00:00+00:00,6753.75000,6754.00000,6744.75000,6746.50000
2025-11-20T06:00:00+00:00,6746.75000,6749.50000,6740.50000,6749.00000
2025-11-20T07:00:00+00:00,6749.00000,6757.00000,6742.75000,6744.25000
2025-11-20T08:00:00+00:00,6744.25000,6755.00000,6740.50000,6743.75000
2025-11-20T09:00:00+00:00,6743.50000,6745.75000,6725.50000,6729.00000
2025-11-20T10:00:00+00:00,6729.00000,6746.50000,6724.00000,6744.25000
2025-11-20T11:00:00+00:00,6744.25000,6744.50000,6729.00000,6733.00000
2025-11-20T12:00:00+00:00,6733.00000,6747.25000,6726.25000,6746.25000
2025-11-20T13:00:00+00:00,6746.50000,6772.75000,6737.00000,6767.75000
2025-11-20T14:00:00+00:00,6767.75000,6786.00000,6760.25000,6784.50000
2025-11-20T15:00:00+00:00,6784.75000,6791.25000,6762.75000,6763.00000
2025-11-20T16:00:00+00:00,6763.25000,6763.50000,6628.00000,6636.00000
2025-11-20T17:00:00+00:00,6636.00000,6658.00000,6588.25000,6606.50000
2025-11-20T18:00:00+00:00,6606.75000,6654.00000,6575.00000,6584.25000
2025-11-20T19:00:00+00:00,6584.25000,6617.00000,6572.25000,6615.00000
2025-11-20T20:00:00+00:00,6615.00000,6615.25000,6552.50000,6559.00000
2025-11-20T21:00:00+00:00,6559.00000,6562.25000,6550.50000,6552.00000
2025-11-20T23:00:00+00:00,6560.00000,6571.50000,6539.25000,6566.00000
2025-11-21T00:00:00+00:00,6565.75000,6581.25000,6561.75000,6577.50000
2025-11-21T01:00:00+00:00,6577.50000,6589.00000,6575.00000,6583.25000
2025-11-21T02:00:00+00:00,6583.50000,6588.00000,6577.00000,6580.50000
2025-11-21T03:00:00+00:00,6580.50000,6594.00000,6578.50000,6584.25000
2025-11-21T04:00:00+00:00,6584.50000,6586.00000,6566.25000,6577.00000
2025-11-21T05:00:00+00:00,6580.00000,6585.50000,6569.25000,6572.25000
2025-11-21T06:00:00+00:00,6572.25000,6582.25000,6568.75000,6577.00000
2025-11-21T07:00:00+00:00,6576.75000,6580.00000,6551.50000,6554.00000
2025-11-21T08:00:00+00:00,6554.25000,6585.00000,6554.00000,6582.75000
2025-11-21T09:00:00+00:00,6582.75000,6584.25000,6552.00000,6552.50000
2025-11-21T10:00:00+00:00,6552.50000,6561.50000,6525.00000,6560.75000
2025-11-21T11:00:00+00:00,6560.75000,6572.50000,6544.25000,6552.75000
2025-11-21T12:00:00+00:00,6553.00000,6597.00000,6531.50000,6585.50000
2025-11-21T13:00:00+00:00,6585.75000,6599.00000,6573.25000,6590.75000
2025-11-21T14:00:00+00:00,6590.50000,6596.00000,6562.50000,6576.25000
2025-11-21T15:00:00+00:00,6576.50000,6590.50000,6539.00000,6558.50000
2025-11-21T16:00:00+00:00,6558.50000,6638.50000,6541.75000,6638.00000
2025-11-21T17:00:00+00:00,6637.75000,6647.00000,6625.00000,6633.25000
2025-11-21T18:00:00+00:00,6633.50000,6672.75000,6600.25000,6654.00000
2025-11-21T19:00:00+00:00,6654.25000,6677.50000,6641.50000,6649.50000
2025-11-21T20:00:00+00:00,6649.25000,6654.00000,6614.00000,6622.75000
2025-11-21T21:00:00+00:00,6622.50000,6632.75000,6621.00000,6631.50000
2025-11-23T23:00:00+00:00,6658.50000,6662.50000,6650.00000,6653.25000
2025-11-24T00:00:00+00:00,6653.25000,6653.25000,6637.00000,6647.50000
2025-11-24T01:00:00+00:00,6647.50000,6653.75000,6642.00000,6647.00000
2025-11-24T02:00:00+00:00,6647.25000,6661.25000,6643.75000,6661.00000
2025-11-24T03:00:00+00:00,6661.00000,6662.50000,6654.00000,6655.50000
2025-11-24T04:00:00+00:00,6655.25000,6656.75000,6645.75000,6648.75000
2025-11-24T05:00:00+00:00,6648.50000,6659.25000,6647.50000,6656.75000
2025-11-24T06:00:00+00:00,6656.75000,6657.00000,6649.00000,6652.50000
2025-11-24T07:00:00+00:00,6652.25000,6662.75000,6647.00000,6660.25000
2025-11-24T08:00:00+00:00,6660.25000,6669.50000,6647.50000,6668.00000
2025-11-24T09:00:00+00:00,6667.50000,6669.50000,6625.00000,6638.00000
2025-11-24T10:00:00+00:00,6638.25000,6642.00000,6625.50000,6632.75000
2025-11-24T11:00:00+00:00,6632.50000,6646.25000,6626.25000,6645.75000
2025-11-24T12:00:00+00:00,6645.50000,6658.75000,6639.25000,6657.25000
2025-11-24T13:00:00+00:00,6657.25000,6667.25000,6651.75000,6653.00000
2025-11-24T14:00:00+00:00,6653.00000,6686.75000,6646.75000,6671.25000
2025-11-24T15:00:00+00:00,6671.25000,6703.75000,6670.25000,6696.75000
2025-11-24T16:00:00+00:00,6697.00000,6716.25000,6696.75000,6706.25000
2025-11-24T17:00:00+00:00,6706.25000,6725.25000,6700.25000,6722.00000
2025-11-24T18:00:00+00:00,6722.25000,6729.00000,6719.00000,6723.75000
2025-11-24T19:00:00+00:00,6723.75000,6729.50000,6710.00000,6714.50000
2025-11-24T20:00:00+00:00,6714.50000,6731.75000,6714.50000,6718.75000
2025-11-24T21:00:00+00:00,6718.75000,6727.50000,6715.75000,6725.00000
2025-11-24T23:00:00+00:00,6726.25000,6728.25000,6722.00000,6722.25000
2025-11-25T00:00:00+00:00,6722.00000,6724.00000,6715.75000,6723.25000
2025-11-25T01:00:00+00:00,6723.00000,6724.00000,6714.50000,6715.25000
2025-11-25T02:00:00+00:00,6715.25000,6721.75000,6715.00000,6720.50000
2025-11-25T03:00:00+00:00,6720.25000,6722.00000,6713.50000,6715.00000
2025-11-25T04:00:00+00:00,6715.50000,6722.75000,6714.75000,6719.50000
2025-11-25T05:00:00+00:00,6720.75000,6723.75000,6714.75000,6717.00000
2025-11-25T06:00:00+00:00,6716.75000,6720.25000,6712.25000,6713.75000
2025-11-25T07:00:00+00:00,6714.00000,6721.50000,6710.75000,6718.00000
2025-11-25T08:00:00+00:00,6717.75000,6720.50000,6706.75000,6709.25000
2025-11-25T09:00:00+00:00,6709.50000,6715.75000,6701.75000,6708.00000
2025-11-25T10:00:00+00:00,6707.75000,6715.25000,6703.00000,6713.00000
2025-11-25T11:00:00+00:00,6713.25000,6714.75000,6706.50000,6712.00000
2025-11-25T12:00:00+00:00,6711.75000,6732.50000,6711.00000,6717.50000
2025-11-25T13:00:00+00:00,6717.25000,6730.50000,6714.75000,6718.00000
2025-11-25T14:00:00+00:00,6718.00000,6730.00000,6674.50000,6718.25000
2025-11-25T15:00:00+00:00,6718.75000,6740.75000,6689.00000,6728.50000
2025-11-25T16:00:00+00:00,6728.50000,6749.75000,6718.50000,6747.50000
2025-11-25T17:00:00+00:00,6747.50000,6774.25000,6747.25000,6763.75000
2025-11-25T18:00:00+00:00,6763.75000,6774.50000,6762.75000,6769.00000
2025-11-25T19:00:00+00:00,6769.25000,6771.50000,6755.00000,6769.75000
2025-11-25T20:00:00+00:00,6769.75000,6792.50000,6769.50000,6780.25000
2025-11-25T21:00:00+00:00,6780.25000,6784.25000,6778.50000,6781.50000
2025-11-25T23:00:00+00:00,6781.00000,6785.50000,6778.25000,6783.25000
2025-11-26T00:00:00+00:00,6783.75000,6790.75000,6780.25000,6789.75000
2025-11-26T01:00:00+00:00,6789.50000,6798.00000,6787.75000,6797.50000
2025-11-26T02:00:00+00:00,6797.25000,6799.50000,6795.75000,6799.00000
2025-11-26T03:00:00+00:00,6799.00000,6801.75000,6797.50000,6800.00000
2025-11-26T04:00:00+00:00,6800.00000,6801.00000,6796.00000,6797.25000
2025-11-26T05:00:00+00:00,6801.00000,6804.25000,6800.25000,6803.00000
2025-11-26T06:00:00+00:00,6803.00000,6807.25000,6800.75000,6805.00000
2025-11-26T07:00:00+00:00,6804.75000,6810.75000,6804.75000,6807.25000
2025-11-26T08:00:00+00:00,6807.25000,6809.00000,6800.25000,6800.50000
2025-11-26T09:00:00+00:00,6800.25000,6801.00000,6793.25000,6795.25000
2025-11-26T10:00:00+00:00,6795.25000,6804.25000,6795.25000,6803.25000
2025-11-26T11:00:00+00:00,6803.00000,6805.00000,6796.75000,6798.00000
2025-11-26T12:00:00+00:00,6797.75000,6799.25000,6787.00000,6796.50000
2025-11-26T13:00:00+00:00,6796.50000,6804.50000,6794.75000,6803.75000
2025-11-26T14:00:00+00:00,6804.00000,6824.00000,6797.50000,6802.00000
2025-11-26T15:00:00+00:00,6802.00000,6825.00000,6795.75000,6824.50000
2025-11-26T16:00:00+00:00,6824.75000,6846.50000,6823.75000,6843.00000
2025-11-26T17:00:00+00:00,6842.75000,6846.75000,6833.50000,6840.50000
2025-11-26T18:00:00+00:00,6840.50000,6845.00000,6825.00000,6833.00000
2025-11-26T19:00:00+00:00,6833.25000,6843.25000,6830.50000,6838.00000
2025-11-26T20:00:00+00:00,6838.00000,6845.25000,6825.25000,6825.25000
2025-11-26T21:00:00+00:00,6825.25000,6833.25000,6825.00000,6830.25000
2025-11-26T23:00:00+00:00,6830.25000,6833.50000,6827.50000,6829.25000
2025-11-27T00:00:00+00:00,6829.25000,6832.50000,6828.25000,6832.25000
2025-11-27T01:00:00+00:00,6832.25000,6833.75000,6827.75000,6832.75000
2025-11-27T02:00:00+00:00,6832.50000,6833.75000,6828.50000,6829.00000
2025-11-27T03:00:00+00:00,6829.00000,6829.75000,6826.50000,6828.25000
2025-11-27T04:00:00+00:00,6828.50000,6830.75000,6827.25000,6829.75000
2025-11-28T14:30:00+00:00,6837.00000,6844.25000,6831.25000,6838.50000
2025-11-28T15:30:00+00:00,6838.75000,6852.50000,6836.50000,6851.00000
2025-11-28T16:30:00+00:00,6851.00000,6856.00000,6842.50000,6854.25000
2025-11-28T17:30:00+00:00,6854.50000,6863.75000,6845.25000,6860.50000
2025-11-30T23:00:00+00:00,6859.00000,6864.50000,6848.50000,6853.00000
2025-12-01T00:00:00+00:00,6853.00000,6854.50000,6826.25000,6828.75000
2025-12-01T01:00:00+00:00,6828.75000,6831.00000,6817.25000,6825.25000
2025-12-01T02:00:00+00:00,6825.50000,6827.00000,6817.25000,6819.75000
2025-12-01T03:00:00+00:00,6819.50000,6819.75000,6811.50000,6814.75000
2025-12-01T04:00:00+00:00,6814.75000,6815.75000,6808.00000,6808.50000
2025-12-01T05:00:00+00:00,6808.00000,6812.50000,6802.00000,6811.75000
2025-12-01T06:00:00+00:00,6811.50000,6815.50000,6808.25000,6815.25000
2025-12-01T07:00:00+00:00,6815.00000,6817.50000,6808.75000,6816.00000
2025-12-01T08:00:00+00:00,6815.75000,6827.50000,6812.25000,6823.00000
2025-12-01T09:00:00+00:00,6823.00000,6829.75000,6815.00000,6816.25000
2025-12-01T10:00:00+00:00,6816.50000,6825.75000,6816.25000,6820.50000
2025-12-01T11:00:00+00:00,6820.50000,6821.75000,6815.75000,6819.50000
2025-12-01T12:00:00+00:00,6819.75000,6821.25000,6805.00000,6808.75000
2025-12-01T13:00:00+00:00,6809.00000,6818.25000,6807.00000,6817.25000
2025-12-01T14:00:00+00:00,6817.25000,6844.25000,6811.75000,6839.75000
2025-12-01T15:00:00+00:00,6840.25000,6844.00000,6813.75000,6842.25000
2025-12-01T16:00:00+00:00,6842.25000,6850.00000,6826.75000,6845.00000
2025-12-01T17:00:00+00:00,6845.00000,6853.50000,6838.50000,6846.00000
2025-12-01T18:00:00+00:00,6846.00000,6855.75000,6845.25000,6853.75000
2025-12-01T19:00:00+00:00,6854.00000,6854.25000,6823.75000,6827.75000
2025-12-01T20:00:00+00:00,6827.50000,6836.25000,6819.25000,6829.25000
2025-12-01T21:00:00+00:00,6829.00000,6830.00000,6824.75000,6826.75000
2025-12-01T23:00:00+00:00,6829.00000,6831.25000,6822.00000,6825.00000
2025-12-02T00:00:00+00:00,6825.00000,6829.00000,6822.00000,6826.50000
2025-12-02T01:00:00+00:00,6826.25000,6833.25000,6825.00000,6827.25000
2025-12-02T02:00:00+00:00,6827.00000,6831.00000,6823.00000,6829.25000
2025-12-02T03:00:00+00:00,6829.00000,6829.50000,6815.25000,6824.25000
2025-12-02T04:00:00+00:00,6824.25000,6825.75000,6819.75000,6820.25000
2025-12-02T05:00:00+00:00,6821.50000,6822.25000,6818.75000,6820.75000
2025-12-02T06:00:00+00:00,6820.75000,6824.00000,6814.25000,6821.00000
2025-12-02T07:00:00+00:00,6821.00000,6825.00000,6817.50000,6819.25000
2025-12-02T08:00:00+00:00,6819.00000,6830.75000,6812.25000,6829.50000
2025-12-02T09:00:00+00:00,6829.50000,6837.00000,6829.25000,6834.50000
2025-12-02T10:00:00+00:00,6834.25000,6846.75000,6833.25000,6845.00000
2025-12-02T11:00:00+00:00,6845.25000,6849.00000,6842.50000,6843.50000
2025-12-02T12:00:00+00:00,6843.25000,6845.75000,6837.00000,6845.50000
2025-12-02T13:00:00+00:00,6845.25000,6848.50000,6842.25000,6848.50000
2025-12-02T14:00:00+00:00,6848.25000,6854.75000,6839.75000,6848.25000
2025-12-02T15:00:00+00:00,6848.25000,6862.00000,6833.25000,6860.25000
2025-12-02T16:00:00+00:00,6860.25000,6863.50000,6818.00000,6830.50000
2025-12-02T17:00:00+00:00,6830.50000,6853.25000,6826.00000,6826.25000
2025-12-02T18:00:00+00:00,6826.00000,6840.75000,6824.25000,6835.75000
2025-12-02T19:00:00+00:00,6835.50000,6850.75000,6832.25000,6848.00000
2025-12-02T20:00:00+00:00,6848.25000,6853.50000,6838.00000,6839.25000
2025-12-02T21:00:00+00:00,6839.25000,6843.00000,6838.00000,6842.75000
2025-12-02T23:00:00+00:00,6843.00000,6847.75000,6841.50000,6845.75000
2025-12-03T00:00:00+00:00,6846.00000,6850.75000,6837.25000,6848.50000
2025-12-03T01:00:00+00:00,6848.50000,6851.75000,6847.50000,6849.75000
2025-12-03T02:00:00+00:00,6849.50000,6855.75000,6848.75000,6852.00000
2025-12-03T03:00:00+00:00,6851.75000,6857.00000,6849.75000,6855.75000
2025-12-03T04:00:00+00:00,6855.75000,6856.75000,6854.00000,6854.50000
2025-12-03T05:00:00+00:00,6856.50000,6857.75000,6852.75000,6853.50000
2025-12-03T06:00:00+00:00,6853.75000,6856.25000,6849.25000,6853.25000
2025-12-03T07:00:00+00:00,6853.00000,6857.00000,6850.25000,6852.50000
2025-12-03T08:00:00+00:00,6852.50000,6856.00000,6845.75000,6855.25000
2025-12-03T09:00:00+00:00,6855.25000,6855.50000,6847.00000,6852.00000
2025-12-03T10:00:00+00:00,6852.00000,6854.50000,6846.50000,6849.75000
2025-12-03T11:00:00+00:00,6849.75000,6853.75000,6847.00000,6850.50000
2025-12-03T12:00:00+00:00,6850.25000,6860.50000,6846.50000,6858.00000
2025-12-03T13:00:00+00:00,6858.00000,6862.25000,6854.00000,6855.50000
2025-12-03T14:00:00+00:00,6855.50000,6856.50000,6817.50000,6832.75000
2025-12-03T15:00:00+00:00,6832.75000,6853.50000,6831.00000,6847.00000
2025-12-03T16:00:00+00:00,6847.00000,6859.50000,6840.00000,6845.75000
2025-12-03T17:00:00+00:00,6846.00000,6865.00000,6844.75000,6863.00000
2025-12-03T18:00:00+00:00,6862.75000,6869.25000,6858.75000,6863.00000
2025-12-03T19:00:00+00:00,6863.00000,6871.75000,6862.25000,6870.25000
2025-12-03T20:00:00+00:00,6870.25000,6873.25000,6859.25000,6862.50000
2025-12-03T21:00:00+00:00,6862.50000,6865.25000,6861.50000,6862.00000
2025-12-03T23:00:00+00:00,6866.00000,6866.00000,6861.00000,6863.50000
2025-12-04T00:00:00+00:00,6863.50000,6866.75000,6857.75000,6859.50000
2025-12-04T01:00:00+00:00,6859.50000,6865.00000,6858.75000,6861.25000
2025-12-04T02:00:00+00:00,6861.25000,6864.50000,6857.50000,6863.25000
2025-12-04T03:00:00+00:00,6863.25000,6863.25000,6857.00000,6860.50000
2025-12-04T04:00:00+00:00,6860.25000,6863.50000,6858.50000,6862.75000
2025-12-04T05:00:00+00:00,6862.75000,6864.50000,6860.75000,6862.75000
2025-12-04T06:00:00+00:00,6863.00000,6866.25000,6861.75000,6865.25000
2025-12-04T07:00:00+00:00,6865.25000,6868.50000,6864.50000,6865.50000
2025-12-04T08:00:00+00:00,6865.50000,6865.50000,6854.25000,6858.75000
2025-12-04T09:00:00+00:00,6859.00000,6870.00000,6855.75000,6868.25000
2025-12-04T10:00:00+00:00,6868.50000,6869.25000,6861.50000,6862.50000
2025-12-04T11:00:00+00:00,6862.50000,6865.75000,6860.00000,6865.25000
2025-12-04T12:00:00+00:00,6865.50000,6871.25000,6864.50000,6868.25000
2025-12-04T13:00:00+00:00,6868.25000,6871.00000,6862.00000,6864.25000
2025-12-04T14:00:00+00:00,6864.25000,6880.75000,6850.25000,6853.50000
2025-12-04T15:00:00+00:00,6853.50000,6868.75000,6844.50000,6855.75000
2025-12-04T16:00:00+00:00,6856.00000,6868.75000,6845.00000,6867.25000
2025-12-04T17:00:00+00:00,6867.00000,6868.75000,6856.50000,6866.00000
2025-12-04T18:00:00+00:00,6866.00000,6871.00000,6857.75000,6864.25000
2025-12-04T19:00:00+00:00,6864.25000,6865.50000,6836.25000,6855.50000
2025-12-04T20:00:00+00:00,6855.25000,6869.00000,6846.00000,6867.25000
2025-12-04T21:00:00+00:00,6867.50000,6868.50000,6864.00000,6865.75000
2025-12-04T23:00:00+00:00,6865.50000,6869.50000,6861.25000,6863.75000
2025-12-05T00:00:00+00:00,6863.50000,6871.50000,6862.00000,6870.75000
2025-12-05T01:00:00+00:00,6871.00000,6875.75000,6870.00000,6875.50000
2025-12-05T02:00:00+00:00,6875.50000,6881.25000,6874.50000,6876.25000
2025-12-05T03:00:00+00:00,6876.25000,6879.25000,6874.75000,6878.00000
2025-12-05T04:00:00+00:00,6878.00000,6881.00000,6877.50000,6880.00000
2025-12-05T05:00:00+00:00,6881.00000,6882.00000,6879.25000,6882.00000
2025-12-05T06:00:00+00:00,6882.00000,6884.00000,6879.25000,6880.50000
2025-12-05T07:00:00+00:00,6880.75000,6884.00000,6879.50000,6881.75000
2025-12-05T08:00:00+00:00,6882.00000,6886.25000,6878.50000,6878.50000
2025-12-05T09:00:00+00:00,6878.50000,6881.25000,6876.50000,6878.50000
2025-12-05T10:00:00+00:00,6878.75000,6881.50000,6877.25000,6877.75000
2025-12-05T11:00:00+00:00,6877.75000,6882.00000,6876.00000,6880.25000
2025-12-05T12:00:00+00:00,6880.25000,6882.25000,6876.00000,6879.25000
2025-12-05T13:00:00+00:00,6879.25000,6880.75000,6856.75000,6864.00000
2025-12-05T14:00:00+00:00,6864.00000,6891.25000,6863.75000,6889.75000
2025-12-05T15:00:00+00:00,6889.75000,6905.00000,6883.25000,6887.50000
2025-12-05T16:00:00+00:00,6887.50000,6892.25000,6870.50000,6880.75000
2025-12-05T17:00:00+00:00,6880.75000,6885.00000,6866.50000,6883.50000
2025-12-05T18:00:00+00:00,6883.25000,6890.50000,6875.75000,6882.50000
2025-12-05T19:00:00+00:00,6882.75000,6885.00000,6876.25000,6883.25000
2025-12-05T20:00:00+00:00,6883.25000,6883.75000,6866.75000,6876.75000
2025-12-05T21:00:00+00:00,6876.75000,6881.75000,6876.25000,6878.25000
2025-12-07T23:00:00+00:00,6880.50000,6883.50000,6877.50000,6881.00000
2025-12-08T00:00:00+00:00,6881.25000,6882.00000,6872.75000,6881.00000
2025-12-08T01:00:00+00:00,6881.00000,6884.25000,6880.00000,6883.50000
2025-12-08T02:00:00+00:00,6883.50000,6887.75000,6882.50000,6887.75000
2025-12-08T03:00:00+00:00,6887.50000,6890.00000,6886.50000,6888.50000
2025-12-08T04:00:00+00:00,6888.50000,6891.50000,6888.50000,6890.75000
2025-12-08T05:00:00+00:00,6890.75000,6892.00000,6889.25000,6890.00000
2025-12-08T06:00:00+00:00,6890.25000,6892.25000,6887.75000,6888.00000
2025-12-08T07:00:00+00:00,6888.00000,6893.75000,6886.50000,6890.75000
2025-12-08T08:00:00+00:00,6890.75000,6891.00000,6883.25000,6884.50000
2025-12-08T09:00:00+00:00,6884.50000,6889.75000,6884.00000,6884.50000
2025-12-08T10:00:00+00:00,6884.50000,6888.25000,6882.25000,6887.25000
2025-12-08T11:00:00+00:00,6887.00000,6887.00000,6881.25000,6882.75000
2025-12-08T12:00:00+00:00,6882.75000,6889.50000,6880.75000,6887.50000
2025-12-08T13:00:00+00:00,6887.50000,6893.25000,6885.00000,6888.75000
2025-12-08T14:00:00+00:00,6888.75000,6891.75000,6869.25000,6874.00000
2025-12-08T15:00:00+00:00,6873.75000,6877.25000,6855.25000,6856.50000
2025-12-08T16:00:00+00:00,6856.25000,6860.75000,6848.50000,6853.25000
2025-12-08T17:00:00+00:00,6853.25000,6862.75000,6841.25000,6860.75000
2025-12-08T18:00:00+00:00,6860.75000,6863.50000,6835.25000,6841.00000
2025-12-08T19:00:00+00:00,6841.00000,6848.00000,6836.25000,6843.00000
2025-12-08T20:00:00+00:00,6843.00000,6857.75000,6840.00000,6856.50000
2025-12-08T21:00:00+00:00,6856.25000,6864.75000,6853.00000,6864.50000
2025-12-08T23:00:00+00:00,6865.00000,6868.50000,6860.25000,6868.50000
2025-12-09T00:00:00+00:00,6868.25000,6868.50000,6864.75000,6866.75000
2025-12-09T01:00:00+00:00,6866.75000,6868.00000,6859.75000,6861.50000
2025-12-09T02:00:00+00:00,6861.75000,6865.00000,6859.00000,6862.50000
2025-12-09T03:00:00+00:00,6862.25000,6863.50000,6860.75000,6862.75000
2025-12-09T04:00:00+00:00,6862.75000,6863.00000,6860.25000,6861.25000
2025-12-09T05:00:00+00:00,6859.50000,6860.50000,6857.75000,6858.00000
2025-12-09T06:00:00+00:00,6857.75000,6863.25000,6855.00000,6862.00000
2025-12-09T07:00:00+00:00,6862.00000,6865.00000,6860.75000,6864.25000
2025-12-09T08:00:00+00:00,6864.00000,6868.25000,6862.00000,6863.50000
2025-12-09T09:00:00+00:00,6863.75000,6863.75000,6856.25000,6857.25000
2025-12-09T10:00:00+00:00,6857.25000,6863.00000,6844.75000,6861.00000
2025-12-09T11:00:00+00:00,6861.00000,6862.50000,6852.75000,6861.50000
2025-12-09T12:00:00+00:00,6861.75000,6862.25000,6855.00000,6859.00000
2025-12-09T13:00:00+00:00,6858.75000,6860.50000,6848.75000,6850.50000
2025-12-09T14:00:00+00:00,6850.50000,6864.50000,6845.00000,6863.00000
2025-12-09T15:00:00+00:00,6863.25000,6868.50000,6854.50000,6864.00000
2025-12-09T16:00:00+00:00,6863.75000,6872.75000,6863.25000,6868.75000
2025-12-09T17:00:00+00:00,6868.50000,6872.50000,6855.00000,6861.75000
2025-12-09T18:00:00+00:00,6861.50000,6864.00000,6852.50000,6859.50000
2025-12-09T19:00:00+00:00,6859.50000,6860.25000,6850.75000,6855.25000
2025-12-09T20:00:00+00:00,6855.00000,6857.50000,6844.50000,6849.50000
2025-12-09T21:00:00+00:00,6849.25000,6850.00000,6844.00000,6846.25000
2025-12-09T23:00:00+00:00,6847.25000,6849.00000,6846.25000,6846.50000
2025-12-10T00:00:00+00:00,6846.50000,6851.00000,6843.25000,6843.25000
2025-12-10T01:00:00+00:00,6843.25000,6846.00000,6842.25000,6843.75000
2025-12-10T02:00:00+00:00,6843.75000,6848.50000,6843.75000,6847.50000
2025-12-10T03:00:00+00:00,6847.25000,6849.25000,6845.00000,6847.25000
2025-12-10T04:00:00+00:00,6847.25000,6854.25000,6847.25000,6851.25000
2025-12-10T05:00:00+00:00,6847.75000,6849.00000,6845.75000,6848.00000
2025-12-10T06:00:00+00:00,6848.00000,6853.00000,6848.00000,6851.75000
2025-12-10T07:00:00+00:00,6851.50000,6856.00000,6850.00000,6855.25000
2025-12-10T08:00:00+00:00,6855.25000,6859.25000,6851.75000,6854.50000
2025-12-10T09:00:00+00:00,6854.50000,6857.50000,6850.25000,6852.50000
2025-12-10T10:00:00+00:00,6852.25000,6857.75000,6834.25000,6840.75000
2025-12-10T11:00:00+00:00,6840.75000,6850.00000,6839.00000,6845.25000
2025-12-10T12:00:00+00:00,6845.00000,6845.75000,6838.25000,6843.00000
2025-12-10T13:00:00+00:00,6843.25000,6856.25000,6841.50000,6846.75000
2025-12-10T14:00:00+00:00,6847.00000,6851.00000,6830.75000,6849.00000
2025-12-10T15:00:00+00:00,6849.00000,6852.50000,6834.25000,6840.25000
2025-12-10T16:00:00+00:00,6840.00000,6856.50000,6832.25000,6853.75000
2025-12-10T17:00:00+00:00,6853.50000,6860.00000,6847.00000,6856.25000
2025-12-10T18:00:00+00:00,6856.25000,6858.50000,6842.25000,6846.25000
2025-12-10T19:00:00+00:00,6846.00000,6898.50000,6844.75000,6896.75000
2025-12-10T20:00:00+00:00,6896.75000,6908.00000,6888.75000,6892.00000
2025-12-10T21:00:00+00:00,6892.00000,6896.00000,6885.00000,6893.25000
2025-12-10T23:00:00+00:00,6887.00000,6891.25000,6880.50000,6882.75000
2025-12-11T00:00:00+00:00,6882.75000,6883.00000,6871.75000,6874.50000
2025-12-11T01:00:00+00:00,6874.50000,6875.25000,6868.75000,6869.75000
2025-12-11T02:00:00+00:00,6869.75000,6869.75000,6847.00000,6851.50000
2025-12-11T03:00:00+00:00,6851.25000,6851.50000,6817.50000,6834.75000
2025-12-11T04:00:00+00:00,6835.00000,6841.50000,6832.50000,6837.25000
2025-12-11T05:00:00+00:00,6834.75000,6837.50000,6829.50000,6836.00000
2025-12-11T06:00:00+00:00,6836.00000,6838.00000,6828.25000,6837.50000
2025-12-11T07:00:00+00:00,6837.25000,6842.50000,6829.25000,6841.50000
2025-12-11T08:00:00+00:00,6841.25000,6842.75000,6828.50000,6841.75000
2025-12-11T09:00:00+00:00,6841.75000,6858.00000,6840.00000,6855.25000
2025-12-11T10:00:00+00:00,6855.25000,6857.00000,6850.75000,6852.75000
2025-12-11T11:00:00+00:00,6852.50000,6864.00000,6851.25000,6862.75000
2025-12-11T12:00:00+00:00,6862.50000,6877.00000,6861.75000,6874.25000
2025-12-11T13:00:00+00:00,6874.00000,6875.25000,6862.50000,6864.25000
2025-12-11T14:00:00+00:00,6864.50000,6875.25000,6839.25000,6842.75000
2025-12-11T15:00:00+00:00,6843.00000,6884.75000,6838.00000,6874.00000
2025-12-11T16:00:00+00:00,6874.00000,6886.50000,6860.50000,6871.50000
2025-12-11T17:00:00+00:00,6871.75000,6897.25000,6870.50000,6889.75000
2025-12-11T18:00:00+00:00,6889.50000,6903.25000,6887.75000,6896.25000
2025-12-11T19:00:00+00:00,6896.50000,6909.25000,6895.25000,6905.25000
2025-12-11T20:00:00+00:00,6905.25000,6908.75000,6896.50000,6908.00000
2025-12-11T21:00:00+00:00,6908.00000,6928.75000,6907.00000,6925.00000
2025-12-11T23:00:00+00:00,6914.00000,6915.50000,6902.75000,6904.00000
2025-12-12T00:00:00+00:00,6904.00000,6907.75000,6898.50000,6901.00000
2025-12-12T01:00:00+00:00,6901.00000,6907.00000,6900.75000,6906.50000
2025-12-12T02:00:00+00:00,6906.25000,6911.75000,6905.75000,6909.50000
2025-12-12T03:00:00+00:00,6909.75000,6910.50000,6904.75000,6906.50000
2025-12-12T04:00:00+00:00,6906.50000,6907.00000,6903.25000,6905.00000
2025-12-12T05:00:00+00:00,6906.25000,6912.75000,6904.50000,6911.00000
2025-12-12T06:00:00+00:00,6911.25000,6913.50000,6906.75000,6907.75000
2025-12-12T07:00:00+00:00,6907.50000,6907.75000,6904.50000,6905.25000
2025-12-12T08:00:00+00:00,6905.50000,6912.50000,6903.75000,6909.75000
2025-12-12T09:00:00+00:00,6909.50000,6910.75000,6892.00000,6897.00000
2025-12-12T10:00:00+00:00,6897.00000,6902.25000,6892.25000,6898.00000
2025-12-12T11:00:00+00:00,6898.25000,6900.50000,6890.25000,6893.00000
2025-12-12T12:00:00+00:00,6893.00000,6901.50000,6889.50000,6897.00000
2025-12-12T13:00:00+00:00,6897.00000,6908.00000,6895.25000,6907.75000
2025-12-12T14:00:00+00:00,6907.75000,6909.00000,6885.75000,6889.00000
2025-12-12T15:00:00+00:00,6889.00000,6889.50000,6826.75000,6831.00000
2025-12-12T16:00:00+00:00,6830.75000,6838.25000,6805.00000,6819.25000
2025-12-12T17:00:00+00:00,6819.25000,6846.00000,6816.75000,6840.25000
2025-12-12T18:00:00+00:00,6840.25000,6856.75000,6837.25000,6839.25000
2025-12-12T19:00:00+00:00,6839.25000,6840.50000,6826.00000,6831.50000
2025-12-12T20:00:00+00:00,6831.00000,6838.75000,6814.25000,6831.25000
2025-12-12T21:00:00+00:00,6831.25000,6837.25000,6829.75000,6833.50000
2025-12-14T23:00:00+00:00,6822.00000,6834.50000,6821.50000,6833.00000
2025-12-15T00:00:00+00:00,6833.00000,6843.25000,6831.50000,6842.75000
2025-12-15T01:00:00+00:00,6842.50000,6848.00000,6838.75000,6847.25000
2025-12-15T02:00:00+00:00,6847.25000,6850.75000,6844.25000,6846.25000
2025-12-15T03:00:00+00:00,6846.25000,6848.50000,6843.75000,6846.00000
2025-12-15T04:00:00+00:00,6846.25000,6850.75000,6842.00000,6849.00000
2025-12-15T05:00:00+00:00,6849.75000,6851.50000,6846.75000,6850.25000
2025-12-15T06:00:00+00:00,6850.25000,6851.50000,6845.25000,6849.50000
2025-12-15T07:00:00+00:00,6849.75000,6851.50000,6843.25000,6845.50000
2025-12-15T08:00:00+00:00,6845.50000,6856.50000,6841.75000,6854.50000
2025-12-15T09:00:00+00:00,6854.25000,6863.00000,6852.00000,6861.75000
2025-12-15T10:00:00+00:00,6861.50000,6865.25000,6860.25000,6864.25000
2025-12-15T11:00:00+00:00,6864.25000,6866.25000,6862.25000,6864.75000
2025-12-15T12:00:00+00:00,6864.75000,6866.50000,6858.50000,6864.50000
2025-12-15T13:00:00+00:00,6864.25000,6868.75000,6860.25000,6867.75000
2025-12-15T14:00:00+00:00,6867.50000,6872.50000,6836.75000,6838.00000
2025-12-15T15:00:00+00:00,6838.00000,6839.25000,6806.25000,6824.75000
2025-12-15T16:00:00+00:00,6824.75000,6844.00000,6814.75000,6822.00000
2025-12-15T17:00:00+00:00,6822.00000,6828.00000,6807.50000,6818.50000
2025-12-15T18:00:00+00:00,6818.25000,6827.50000,6808.50000,6823.50000
2025-12-15T19:00:00+00:00,6823.50000,6831.50000,6817.50000,6830.50000
2025-12-15T20:00:00+00:00,6830.25000,6830.75000,6819.00000,6820.75000
2025-12-15T21:00:00+00:00,6821.00000,6825.75000,6819.25000,6824.25000
2025-12-15T23:00:00+00:00,6825.25000,6827.75000,6812.50000,6817.50000
2025-12-16T00:00:00+00:00,6817.50000,6820.00000,6805.50000,6808.00000
2025-12-16T01:00:00+00:00,6808.25000,6812.25000,6780.50000,6789.25000
2025-12-16T02:00:00+00:00,6789.25000,6795.25000,6784.75000,6789.00000
2025-12-16T03:00:00+00:00,6789.00000,6794.25000,6781.50000,6792.50000
2025-12-16T04:00:00+00:00,6792.75000,6795.75000,6786.00000,6793.50000
2025-12-16T05:00:00+00:00,6791.50000,6792.25000,6780.25000,6781.25000
2025-12-16T06:00:00+00:00,6781.50000,6785.50000,6780.00000,6785.00000
2025-12-16T07:00:00+00:00,6785.25000,6788.25000,6775.25000,6784.75000
2025-12-16T08:00:00+00:00,6784.75000,6857.75000,6784.00000,6857.00000
2025-12-16T09:00:00+00:00,6799.25000,6861.00000,6789.00000,6850.50000
2025-12-16T10:00:00+00:00,6850.50000,6870.00000,6789.75000,6864.50000
2025-12-16T11:00:00+00:00,6864.25000,6873.75000,6804.50000,6816.00000
2025-12-16T12:00:00+00:00,6816.25000,6879.75000,6813.50000,6817.00000
2025-12-16T13:00:00+00:00,6874.50000,6892.00000,6807.25000,6867.75000
2025-12-16T14:00:00+00:00,6867.75000,6879.50000,6789.75000,6820.50000
2025-12-16T15:00:00+00:00,6821.00000,6880.50000,6777.00000,6803.00000
2025-12-16T16:00:00+00:00,6802.75000,6862.00000,6778.75000,6851.50000
2025-12-16T17:00:00+00:00,6851.50000,6857.75000,6767.00000,6823.50000
2025-12-16T18:00:00+00:00,6823.50000,6854.50000,6762.00000,6846.50000
2025-12-16T19:00:00+00:00,6846.50000,6853.50000,6771.00000,6791.75000
2025-12-16T20:00:00+00:00,6791.75000,6873.25000,6790.25000,6855.50000
2025-12-16T21:00:00+00:00,6855.50000,6857.25000,6790.00000,6848.00000
2025-12-16T23:00:00+00:00,6796.00000,6856.00000,6787.50000,6790.25000
2025-12-17T00:00:00+00:00,6790.00000,6848.50000,6780.00000,6843.50000
2025-12-17T01:00:00+00:00,6843.50000,6855.75000,6788.50000,6800.25000
2025-12-17T02:00:00+00:00,6800.25000,6856.75000,6793.75000,6854.75000
2025-12-17T03:00:00+00:00,6800.00000,6857.25000,6795.75000,6851.75000
2025-12-17T04:00:00+00:00,6851.75000,6856.00000,6791.50000,6792.25000
2025-12-17T05:00:00+00:00,6847.00000,6854.00000,6789.50000,6853.00000
2025-12-17T06:00:00+00:00,6852.75000,6864.00000,6798.50000,6859.75000
2025-12-17T07:00:00+00:00,6859.75000,6867.50000,6804.00000,6862.50000
2025-12-17T08:00:00+00:00,6808.25000,6869.25000,6803.50000,6809.50000
2025-12-17T09:00:00+00:00,6809.50000,6877.75000,6806.75000,6820.00000
2025-12-17T10:00:00+00:00,6876.00000,6882.25000,6819.25000,6880.75000
2025-12-17T11:00:00+00:00,6880.75000,6882.50000,6820.00000,6825.25000
2025-12-17T12:00:00+00:00,6825.25000,6882.50000,6821.75000,6878.75000
2025-12-17T13:00:00+00:00,6878.75000,6880.50000,6807.50000,6873.75000
2025-12-17T14:00:00+00:00,6818.50000,6877.75000,6787.00000,6804.25000
2025-12-17T15:00:00+00:00,6857.75000,6862.25000,6751.25000,6810.00000
2025-12-17T16:00:00+00:00,6809.75000,6821.00000,6742.00000,6806.25000
2025-12-17T17:00:00+00:00,6753.25000,6815.00000,6741.25000,6749.25000
2025-12-17T18:00:00+00:00,6749.00000,6812.50000,6749.00000,6788.50000
2025-12-17T19:00:00+00:00,6788.25000,6796.25000,6783.25000,6794.50000
2025-12-17T20:00:00+00:00,6794.50000,6796.50000,6775.50000,6776.75000
2025-12-17T21:00:00+00:00,6776.75000,6795.00000,6776.75000,6786.50000
2025-12-17T23:00:00+00:00,6792.00000,6793.00000,6780.25000,6782.25000
2025-12-18T00:00:00+00:00,6782.50000,6793.00000,6776.00000,6792.25000
2025-12-18T01:00:00+00:00,6792.00000,6793.00000,6782.75000,6784.50000
2025-12-18T02:00:00+00:00,6784.50000,6795.00000,6783.25000,6785.50000
2025-12-18T03:00:00+00:00,6785.25000,6786.00000,6771.50000,6780.00000
2025-12-18T04:00:00+00:00,6780.00000,6789.00000,6779.00000,6788.75000
2025-12-18T05:00:00+00:00,6788.50000,6788.75000,6782.75000,6785.75000
2025-12-18T06:00:00+00:00,6785.75000,6787.50000,6780.50000,6786.00000
2025-12-18T07:00:00+00:00,6786.00000,6795.50000,6785.75000,6793.50000
2025-12-18T08:00:00+00:00,6793.50000,6801.00000,6789.00000,6798.25000
2025-12-18T09:00:00+00:00,6798.25000,6807.75000,6795.00000,6807.25000
2025-12-18T10:00:00+00:00,6807.25000,6808.25000,6802.50000,6805.25000
2025-12-18T11:00:00+00:00,6805.25000,6811.75000,6804.25000,6811.00000
2025-12-18T12:00:00+00:00,6811.00000,6812.00000,6803.50000,6805.00000
2025-12-18T13:00:00+00:00,6805.00000,6837.75000,6801.00000,6829.25000
2025-12-18T14:00:00+00:00,6829.00000,6850.25000,6820.50000,6844.50000
2025-12-18T15:00:00+00:00,6844.50000,6870.50000,6825.00000,6864.75000
2025-12-18T16:00:00+00:00,6864.75000,6872.00000,6857.50000,6860.00000
2025-12-18T17:00:00+00:00,6859.75000,6860.00000,6811.75000,6847.25000
2025-12-18T18:00:00+00:00,6847.25000,6860.75000,6839.25000,6845.75000
2025-12-18T19:00:00+00:00,6845.75000,6846.25000,6816.25000,6820.50000
2025-12-18T20:00:00+00:00,6820.50000,6850.00000,6817.75000,6828.75000
2025-12-18T21:00:00+00:00,6828.75000,6829.75000,6820.00000,6822.75000
2025-12-18T23:00:00+00:00,6824.75000,6829.75000,6820.00000,6829.75000
2025-12-19T00:00:00+00:00,6830.00000,6831.25000,6822.75000,6828.25000
2025-12-19T01:00:00+00:00,6828.25000,6833.00000,6822.25000,6830.50000
2025-12-19T02:00:00+00:00,6830.25000,6833.25000,6825.50000,6826.00000
2025-12-19T03:00:00+00:00,6825.75000,6836.75000,6822.50000,6834.25000
2025-12-19T04:00:00+00:00,6834.50000,6836.50000,6830.75000,6834.25000
2025-12-19T05:00:00+00:00,6830.75000,6833.50000,6827.25000,6827.75000
2025-12-19T06:00:00+00:00,6827.75000,6830.75000,6820.50000,6827.25000
2025-12-19T07:00:00+00:00,6827.50000,6841.25000,6827.25000,6840.00000
2025-12-19T08:00:00+00:00,6839.50000,6851.25000,6837.50000,6848.25000
2025-12-19T09:00:00+00:00,6848.00000,6854.25000,6844.75000,6852.75000
2025-12-19T10:00:00+00:00,6852.75000,6853.50000,6845.75000,6847.00000
2025-12-19T11:00:00+00:00,6846.75000,6847.75000,6837.75000,6842.25000
2025-12-19T12:00:00+00:00,6842.25000,6846.00000,6829.00000,6830.00000
2025-12-19T13:00:00+00:00,6830.00000,6840.75000,6829.00000,6836.00000
2025-12-19T14:00:00+00:00,6836.00000,6881.75000,6831.50000,6880.50000
2025-12-19T15:00:00+00:00,6880.25000,6887.50000,6866.75000,6872.25000
2025-12-19T16:00:00+00:00,6872.25000,6888.25000,6868.00000,6879.75000
2025-12-19T17:00:00+00:00,6879.50000,6893.25000,6879.00000,6889.00000
2025-12-19T18:00:00+00:00,6889.25000,6893.75000,6884.00000,6884.75000
2025-12-19T19:00:00+00:00,6884.75000,6892.75000,6884.50000,6888.50000
2025-12-19T20:00:00+00:00,6888.75000,6891.00000,6879.25000,6888.75000
2025-12-19T21:00:00+00:00,6888.50000,6895.25000,6886.25000,6893.25000
2025-12-21T23:00:00+00:00,6902.75000,6907.50000,6900.75000,6906.00000
2025-12-22T00:00:00+00:00,6906.25000,6908.00000,6900.50000,6900.75000
2025-12-22T01:00:00+00:00,6901.00000,6909.25000,6900.75000,6907.00000
2025-12-22T02:00:00+00:00,6907.00000,6908.25000,6905.25000,6908.25000
2025-12-22T03:00:00+00:00,6908.00000,6909.00000,6903.75000,6904.50000
2025-12-22T04:00:00+00:00,6904.50000,6906.50000,6903.75000,6905.00000
2025-12-22T05:00:00+00:00,6904.25000,6905.25000,6901.25000,6903.25000
2025-12-22T06:00:00+00:00,6903.25000,6907.75000,6903.25000,6906.50000
2025-12-22T07:00:00+00:00,6906.75000,6911.75000,6906.50000,6910.25000
2025-12-22T08:00:00+00:00,6910.50000,6913.00000,6904.75000,6905.75000
2025-12-22T09:00:00+00:00,6905.75000,6912.25000,6905.25000,6910.50000
2025-12-22T10:00:00+00:00,6910.75000,6912.50000,6909.50000,6911.00000
2025-12-22T11:00:00+00:00,6911.00000,6913.75000,6909.75000,6910.75000
2025-12-22T12:00:00+00:00,6911.00000,6915.50000,6909.25000,6914.75000
2025-12-22T13:00:00+00:00,6914.75000,6919.50000,6913.75000,6919.25000
2025-12-22T14:00:00+00:00,6919.25000,6927.75000,6911.75000,6922.25000
2025-12-22T15:00:00+00:00,6922.25000,6923.75000,6908.50000,6918.50000
2025-12-22T16:00:00+00:00,6918.75000,6932.25000,6918.50000,6932.25000
2025-12-22T17:00:00+00:00,6932.25000,6936.25000,6927.75000,6934.75000
2025-12-22T18:00:00+00:00,6934.75000,6935.00000,6925.75000,6927.25000
2025-12-22T19:00:00+00:00,6927.25000,6932.50000,6924.50000,6930.25000
2025-12-22T20:00:00+00:00,6930.00000,6933.75000,6928.25000,6929.50000
2025-12-22T21:00:00+00:00,6929.50000,6932.50000,6928.75000,6930.75000
2025-12-22T23:00:00+00:00,6930.75000,6933.50000,6929.50000,6930.75000
2025-12-23T00:00:00+00:00,6931.00000,6932.50000,6929.50000,6932.50000
2025-12-23T01:00:00+00:00,6932.50000,6933.75000,6928.50000,6931.25000
2025-12-23T02:00:00+00:00,6931.25000,6935.75000,6931.00000,6933.00000
2025-12-23T03:00:00+00:00,6933.00000,6934.25000,6929.75000,6930.25000
2025-12-23T04:00:00+00:00,6930.50000,6931.00000,6925.25000,6926.00000
2025-12-23T05:00:00+00:00,6925.75000,6927.25000,6924.50000,6925.00000
2025-12-23T06:00:00+00:00,6925.00000,6926.00000,6922.25000,6924.50000
2025-12-23T07:00:00+00:00,6924.50000,6927.00000,6923.00000,6925.50000
2025-12-23T08:00:00+00:00,6925.50000,6932.25000,6924.75000,6929.50000
2025-12-23T09:00:00+00:00,6929.25000,6936.75000,6929.00000,6935.75000
2025-12-23T10:00:00+00:00,6935.75000,6936.50000,6931.00000,6932.75000
2025-12-23T11:00:00+00:00,6932.75000,6933.50000,6929.50000,6930.50000
2025-12-23T12:00:00+00:00,6930.25000,6932.00000,6924.00000,6928.00000
2025-12-23T13:00:00+00:00,6928.00000,6928.75000,6913.25000,6915.75000
2025-12-23T14:00:00+00:00,6915.75000,6943.50000,6913.75000,6935.00000
2025-12-23T15:00:00+00:00,6934.75000,6946.50000,6924.00000,6944.75000
2025-12-23T16:00:00+00:00,6945.00000,6951.75000,6944.00000,6950.75000
2025-12-23T17:00:00+00:00,6950.75000,6953.75000,6948.25000,6951.50000
2025-12-23T18:00:00+00:00,6951.50000,6959.00000,6951.00000,6956.75000
2025-12-23T19:00:00+00:00,6956.75000,6961.25000,6956.50000,6960.00000
2025-12-23T20:00:00+00:00,6960.25000,6963.75000,6957.75000,6960.50000
2025-12-23T21:00:00+00:00,6960.25000,6962.00000,6957.00000,6958.00000
2025-12-23T23:00:00+00:00,6959.50000,6959.50000,6955.50000,6957.00000
2025-12-24T00:00:00+00:00,6957.25000,6959.50000,6956.75000,6957.75000
2025-12-24T01:00:00+00:00,6958.00000,6959.50000,6955.25000,6956.25000
2025-12-24T02:00:00+00:00,6956.00000,6956.75000,6953.75000,6954.75000
2025-12-24T03:00:00+00:00,6954.75000,6956.25000,6953.50000,6955.25000
2025-12-24T04:00:00+00:00,6955.00000,6956.25000,6953.25000,6953.50000
2025-12-24T14:30:00+00:00,6961.75000,6967.00000,6957.25000,6965.75000
2025-12-24T15:30:00+00:00,6965.75000,6975.25000,6965.00000,6975.00000
2025-12-24T16:30:00+00:00,6975.00000,6985.50000,6973.75000,6984.00000
2025-12-24T17:30:00+00:00,6984.00000,6988.00000,6981.00000,6982.50000
2025-12-26T05:00:00+00:00,6981.00000,6982.25000,6979.00000,6980.00000
2025-12-26T06:00:00+00:00,6980.00000,6980.75000,6978.50000,6979.25000
2025-12-26T07:00:00+00:00,6979.25000,6979.50000,6974.75000,6976.75000
2025-12-26T08:00:00+00:00,6976.75000,6978.25000,6974.00000,6977.25000
2025-12-26T09:00:00+00:00,6977.25000,6980.50000,6976.75000,6979.25000
2025-12-26T10:00:00+00:00,6979.50000,6982.00000,6979.00000,6980.00000
2025-12-26T11:00:00+00:00,6980.00000,6981.00000,6975.50000,6977.75000
2025-12-26T12:00:00+00:00,6977.75000,6981.75000,6976.75000,6980.25000
2025-12-26T13:00:00+00:00,6980.25000,6985.50000,6979.00000,6982.25000
2025-12-26T14:00:00+00:00,6982.50000,6994.00000,6979.25000,6984.75000
2025-12-26T15:00:00+00:00,6984.75000,6986.75000,6973.00000,6984.75000
2025-12-26T16:00:00+00:00,6984.75000,6986.25000,6974.00000,6976.75000
2025-12-26T17:00:00+00:00,6976.50000,6978.75000,6970.75000,6974.75000
2025-12-26T18:00:00+00:00,6974.75000,6979.75000,6969.00000,6978.75000
2025-12-26T19:00:00+00:00,6979.00000,6981.25000,6976.25000,6978.00000
2025-12-26T20:00:00+00:00,6978.00000,6981.50000,6977.00000,6980.00000
2025-12-26T21:00:00+00:00,6980.00000,6981.00000,6976.50000,6977.00000
2025-12-28T23:00:00+00:00,6981.25000,6982.50000,6976.75000,6979.50000
2025-12-29T00:00:00+00:00,6979.50000,6984.75000,6977.25000,6984.50000
2025-12-29T01:00:00+00:00,6984.25000,6984.75000,6973.50000,6974.75000
2025-12-29T02:00:00+00:00,6974.75000,6976.25000,6972.75000,6974.50000
2025-12-29T03:00:00+00:00,6974.50000,6977.75000,6973.00000,6977.25000
2025-12-29T04:00:00+00:00,6977.25000,6979.25000,6977.00000,6977.25000
2025-12-29T05:00:00+00:00,6976.50000,6976.50000,6971.00000,6971.75000
2025-12-29T06:00:00+00:00,6971.75000,6976.75000,6970.50000,6971.75000
2025-12-29T07:00:00+00:00,6971.75000,6973.25000,6967.25000,6969.00000
2025-12-29T08:00:00+00:00,6969.25000,6969.75000,6957.50000,6959.00000
2025-12-29T09:00:00+00:00,6959.25000,6965.75000,6959.25000,6964.25000
2025-12-29T10:00:00+00:00,6964.50000,6966.75000,6961.75000,6962.50000
2025-12-29T11:00:00+00:00,6962.75000,6966.75000,6960.00000,6966.25000
2025-12-29T12:00:00+00:00,6966.00000,6966.25000,6956.50000,6960.00000
2025-12-29T13:00:00+00:00,6959.75000,6963.00000,6945.75000,6952.00000
2025-12-29T14:00:00+00:00,6952.25000,6967.75000,6942.25000,6951.25000
2025-12-29T15:00:00+00:00,6951.25000,6959.75000,6943.50000,6949.25000
2025-12-29T16:00:00+00:00,6949.00000,6952.00000,6942.25000,6946.50000
2025-12-29T17:00:00+00:00,6946.50000,6948.00000,6936.00000,6945.50000
2025-12-29T18:00:00+00:00,6945.75000,6954.75000,6943.50000,6948.00000
2025-12-29T19:00:00+00:00,6947.75000,6960.75000,6944.25000,6959.00000
2025-12-29T20:00:00+00:00,6959.25000,6962.50000,6950.75000,6955.25000
2025-12-29T21:00:00+00:00,6955.00000,6957.00000,6952.00000,6956.50000
2025-12-29T23:00:00+00:00,6956.50000,6957.25000,6950.25000,6951.00000
2025-12-30T00:00:00+00:00,6951.00000,6954.25000,6949.50000,6949.50000
2025-12-30T01:00:00+00:00,6949.75000,6953.50000,6948.25000,6953.50000
2025-12-30T02:00:00+00:00,6953.50000,6953.75000,6948.25000,6950.25000
2025-12-30T03:00:00+00:00,6950.25000,6956.75000,6950.00000,6954.25000
2025-12-30T04:00:00+00:00,6954.25000,6957.75000,6953.25000,6956.50000
2025-12-30T05:00:00+00:00,6956.25000,6956.50000,6952.25000,6955.50000
2025-12-30T06:00:00+00:00,6955.50000,6955.50000,6950.25000,6952.00000
2025-12-30T07:00:00+00:00,6952.00000,6952.00000,6943.75000,6946.50000
2025-12-30T08:00:00+00:00,6946.75000,6955.75000,6946.75000,6955.00000
2025-12-30T09:00:00+00:00,6954.75000,6957.25000,6953.25000,6954.50000
2025-12-30T10:00:00+00:00,6954.75000,6956.00000,6951.00000,6951.75000
2025-12-30T11:00:00+00:00,6951.75000,6954.25000,6947.00000,6953.00000
2025-12-30T12:00:00+00:00,6953.00000,6956.00000,6949.50000,6952.00000
2025-12-30T13:00:00+00:00,6951.75000,6955.75000,6948.25000,6952.50000
2025-12-30T14:00:00+00:00,6952.50000,6960.75000,6944.00000,6956.00000
2025-12-30T15:00:00+00:00,6956.25000,6957.00000,6940.75000,6951.50000
2025-12-30T16:00:00+00:00,6951.50000,6961.50000,6947.25000,6947.50000
2025-12-30T17:00:00+00:00,6947.50000,6952.00000,6943.50000,6951.25000
2025-12-30T18:00:00+00:00,6951.25000,6954.25000,6947.00000,6952.75000
2025-12-30T19:00:00+00:00,6953.00000,6954.50000,6948.25000,6950.00000
2025-12-30T20:00:00+00:00,6950.00000,6953.25000,6942.25000,6945.00000
2025-12-30T21:00:00+00:00,6945.00000,6947.00000,6942.75000,6945.50000
2025-12-30T23:00:00+00:00,6945.50000,6948.25000,6939.00000,6942.50000
2025-12-31T00:00:00+00:00,6942.25000,6942.25000,6932.25000,6933.75000
2025-12-31T01:00:00+00:00,6933.50000,6935.50000,6928.25000,6933.25000
2025-12-31T02:00:00+00:00,6933.25000,6938.00000,6932.50000,6937.25000
2025-12-31T03:00:00+00:00,6937.00000,6938.75000,6934.00000,6935.00000
2025-12-31T04:00:00+00:00,6935.25000,6938.25000,6934.25000,6935.25000
2025-12-31T05:00:00+00:00,6935.25000,6936.00000,6929.50000,6930.50000
2025-12-31T06:00:00+00:00,6930.50000,6931.25000,6926.50000,6929.50000
2025-12-31T07:00:00+00:00,6929.25000,6932.75000,6926.25000,6930.00000
2025-12-31T08:00:00+00:00,6930.25000,6931.75000,6922.25000,6923.50000
2025-12-31T09:00:00+00:00,6923.50000,6928.50000,6923.00000,6924.75000
2025-12-31T10:00:00+00:00,6925.00000,6928.50000,6923.00000,6926.75000
2025-12-31T11:00:00+00:00,6927.00000,6931.50000,6926.75000,6931.25000
2025-12-31T12:00:00+00:00,6931.00000,6937.50000,6929.25000,6936.25000
2025-12-31T13:00:00+00:00,6936.25000,6951.50000,6935.00000,6949.25000
2025-12-31T14:00:00+00:00,6949.00000,6951.00000,6925.25000,6932.00000
2025-12-31T15:00:00+00:00,6932.25000,6933.25000,6913.75000,6915.50000
2025-12-31T16:00:00+00:00,6915.25000,6926.75000,6915.00000,6926.00000
2025-12-31T17:00:00+00:00,6926.00000,6926.75000,6918.50000,6920.50000
2025-12-31T18:00:00+00:00,6920.50000,6933.50000,6919.50000,6931.25000
2025-12-31T19:00:00+00:00,6931.00000,6935.25000,6912.25000,6913.25000
2025-12-31T20:00:00+00:00,6913.50000,6914.25000,6890.25000,6891.75000
2025-12-31T21:00:00+00:00,6891.50000,6897.75000,6891.50000,6893.75000
2026-01-02T05:00:00+00:00,6922.25000,6924.75000,6920.25000,6924.50000
2026-01-02T06:00:00+00:00,6924.25000,6925.75000,6923.50000,6923.50000
2026-01-02T07:00:00+00:00,6923.50000,6924.75000,6920.50000,6921.75000
2026-01-02T08:00:00+00:00,6921.75000,6932.50000,6921.50000,6931.25000
2026-01-02T09:00:00+00:00,6931.00000,6937.75000,6930.50000,6937.00000
2026-01-02T10:00:00+00:00,6937.25000,6938.50000,6930.75000,6935.75000
2026-01-02T11:00:00+00:00,6935.75000,6938.00000,6932.00000,6933.25000
2026-01-02T12:00:00+00:00,6933.00000,6933.75000,6928.00000,6931.25000
2026-01-02T13:00:00+00:00,6931.25000,6931.75000,6925.75000,6928.50000
2026-01-02T14:00:00+00:00,6928.25000,6939.25000,6911.75000,6932.75000
2026-01-02T15:00:00+00:00,6932.75000,6939.75000,6880.25000,6884.00000
2026-01-02T16:00:00+00:00,6884.00000,6895.75000,6871.50000,6880.50000
2026-01-02T17:00:00+00:00,6880.25000,6897.25000,6875.00000,6880.75000
2026-01-02T18:00:00+00:00,6880.50000,6886.75000,6866.75000,6873.75000
2026-01-02T19:00:00+00:00,6873.75000,6908.75000,6872.00000,6900.25000
2026-01-02T20:00:00+00:00,6900.50000,6906.00000,6889.50000,6900.25000
2026-01-02T21:00:00+00:00,6900.25000,6905.25000,6897.75000,6900.00000
2026-01-04T23:00:00+00:00,6904.50000,6910.00000,6899.50000,6907.00000
2026-01-05T00:00:00+00:00,6907.25000,6910.50000,6902.50000,6908.00000
2026-01-05T01:00:00+00:00,6908.00000,6912.25000,6906.00000,6908.75000
2026-01-05T02:00:00+00:00,6908.75000,6912.75000,6908.50000,6911.25000
2026-01-05T03:00:00+00:00,6911.00000,6912.25000,6906.75000,6907.50000
2026-01-05T04:00:00+00:00,6907.25000,6912.75000,6906.50000,6911.50000
2026-01-05T05:00:00+00:00,6911.75000,6912.50000,6907.50000,6912.25000
2026-01-05T06:00:00+00:00,6912.25000,6915.50000,6906.75000,6915.00000
2026-01-05T07:00:00+00:00,6915.25000,6915.75000,6906.00000,6909.75000
2026-01-05T08:00:00+00:00,6909.75000,6920.75000,6908.25000,6916.25000
2026-01-05T09:00:00+00:00,6916.00000,6920.00000,6911.50000,6914.00000
2026-01-05T10:00:00+00:00,6914.00000,6921.75000,6913.75000,6920.25000
2026-01-05T11:00:00+00:00,6920.25000,6924.50000,6918.50000,6922.25000
2026-01-05T12:00:00+00:00,6922.00000,6925.75000,6917.75000,6921.00000
2026-01-05T13:00:00+00:00,6921.00000,6925.75000,6912.25000,6923.00000
2026-01-05T14:00:00+00:00,6923.00000,6947.75000,6922.50000,6939.00000
2026-01-05T15:00:00+00:00,6939.75000,6957.50000,6935.00000,6952.25000
2026-01-05T16:00:00+00:00,6952.00000,6963.50000,6949.00000,6957.75000
2026-01-05T17:00:00+00:00,6958.00000,6960.25000,6950.75000,6954.50000
2026-01-05T18:00:00+00:00,6954.75000,6956.75000,6945.00000,6954.50000
2026-01-05T19:00:00+00:00,6954.50000,6956.25000,6941.25000,6944.75000
2026-01-05T20:00:00+00:00,6944.50000,6951.00000,6940.00000,6946.25000
2026-01-05T21:00:00+00:00,6946.00000,6946.75000,6942.50000,6943.50000
2026-01-05T23:00:00+00:00,6945.50000,6947.75000,6941.25000,6941.75000
2026-01-06T00:00:00+00:00,6941.75000,6944.75000,6939.50000,6941.25000
2026-01-06T01:00:00+00:00,6941.50000,6948.75000,6940.25000,6947.50000
2026-01-06T02:00:00+00:00,6947.75000,6951.50000,6946.25000,6951.25000
2026-01-06T03:00:00+00:00,6951.25000,6952.00000,6950.00000,6951.00000
2026-01-06T04:00:00+00:00,6950.75000,6954.75000,6950.75000,6954.00000
2026-01-06T05:00:00+00:00,6953.75000,6955.00000,6952.50000,6953.00000
2026-01-06T06:00:00+00:00,6952.75000,6958.75000,6952.75000,6957.00000
2026-01-06T07:00:00+00:00,6957.00000,6957.00000,6951.75000,6953.25000
2026-01-06T08:00:00+00:00,6953.25000,6953.50000,6931.00000,6936.75000
2026-01-06T09:00:00+00:00,6937.00000,6944.50000,6935.75000,6939.25000
2026-01-06T10:00:00+00:00,6939.25000,6942.00000,6938.25000,6940.50000
2026-01-06T11:00:00+00:00,6940.50000,6942.75000,6939.00000,6940.00000
2026-01-06T12:00:00+00:00,6939.75000,6949.25000,6939.25000,6948.00000
2026-01-06T13:00:00+00:00,6947.75000,6949.25000,6939.00000,6943.75000
2026-01-06T14:00:00+00:00,6943.75000,6970.00000,6939.75000,6969.00000
2026-01-06T15:00:00+00:00,6969.25000,6977.25000,6955.50000,6959.00000
2026-01-06T16:00:00+00:00,6958.75000,6962.75000,6951.75000,6962.00000
2026-01-06T17:00:00+00:00,6961.75000,6978.00000,6959.00000,6977.75000
2026-01-06T18:00:00+00:00,6977.75000,6985.00000,6973.75000,6984.75000
2026-01-06T19:00:00+00:00,6986.50000,6990.00000,6985.00000,6987.25000
2026-01-06T20:00:00+00:00,6988.50000,6991.50000,6987.25000,6989.25000
2026-01-06T21:00:00+00:00,6987.50000,6989.00000,6986.25000,6988.50000
2026-01-06T23:00:00+00:00,6988.50000,6991.50000,6986.25000,6987.00000
2026-01-07T00:00:00+00:00,6987.00000,6990.25000,6986.50000,6988.75000
2026-01-07T01:00:00+00:00,6988.75000,6989.50000,6986.25000,6988.25000
2026-01-07T02:00:00+00:00,6988.00000,6991.00000,6986.25000,6987.00000
2026-01-07T03:00:00+00:00,6987.25000,6989.25000,6986.00000,6986.25000
2026-01-07T04:00:00+00:00,6986.50000,6986.75000,6984.00000,6984.75000
2026-01-07T05:00:00+00:00,6984.25000,6986.75000,6983.50000,6984.25000
2026-01-07T06:00:00+00:00,6984.25000,6987.25000,6981.00000,6981.50000
2026-01-07T07:00:00+00:00,6981.25000,6983.50000,6980.50000,6980.75000
2026-01-07T08:00:00+00:00,6980.75000,6984.75000,6978.75000,6979.25000
2026-01-07T09:00:00+00:00,6979.00000,6979.75000,6975.75000,6978.75000
2026-01-07T10:00:00+00:00,6978.75000,6981.25000,6975.25000,6978.50000
2026-01-07T11:00:00+00:00,6978.50000,6982.50000,6977.25000,6982.25000
2026-01-07T12:00:00+00:00,6982.25000,6985.00000,6980.00000,6983.75000
2026-01-07T13:00:00+00:00,6983.50000,6990.00000,6980.50000,6989.50000
2026-01-07T14:00:00+00:00,6989.25000,6998.25000,6984.25000,6992.50000
2026-01-07T15:00:00+00:00,6993.00000,6994.50000,6976.25000,6991.75000
2026-01-07T16:00:00+00:00,6992.00000,7002.50000,6986.00000,7002.25000
2026-01-07T17:00:00+00:00,7002.25000,7006.75000,6994.75000,6997.00000
2026-01-07T18:00:00+00:00,6996.75000,6998.50000,6987.25000,6995.00000
2026-01-07T19:00:00+00:00,6995.25000,6995.75000,6981.25000,6984.25000
2026-01-07T20:00:00+00:00,6984.25000,6985.00000,6959.25000,6962.75000
2026-01-07T21:00:00+00:00,6963.00000,6967.25000,6958.00000,6967.00000
2026-01-07T23:00:00+00:00,6967.50000,6969.50000,6963.75000,6964.50000
2026-01-08T00:00:00+00:00,6964.50000,6968.75000,6962.25000,6968.50000
2026-01-08T01:00:00+00:00,6968.50000,6968.75000,6963.75000,6967.75000
2026-01-08T02:00:00+00:00,6968.00000,6968.75000,6955.00000,6957.75000
2026-01-08T03:00:00+00:00,6957.50000,6958.25000,6953.75000,6954.75000
2026-01-08T04:00:00+00:00,6954.75000,6957.00000,6953.25000,6954.75000
2026-01-08T05:00:00+00:00,6954.00000,6954.50000,6946.00000,6946.00000
2026-01-08T06:00:00+00:00,6946.25000,6946.75000,6935.25000,6941.50000
2026-01-08T07:00:00+00:00,6941.75000,6957.75000,6936.50000,6948.00000
2026-01-08T08:00:00+00:00,6948.00000,6957.00000,6947.75000,6951.75000
2026-01-08T09:00:00+00:00,6952.00000,6955.50000,6945.75000,6949.50000
2026-01-08T10:00:00+00:00,6949.50000,6950.50000,6944.50000,6950.25000
2026-01-08T11:00:00+00:00,6950.25000,6953.25000,6943.75000,6949.00000
2026-01-08T12:00:00+00:00,6948.75000,6951.75000,6944.75000,6949.25000
2026-01-08T13:00:00+00:00,6949.00000,6959.75000,6947.50000,6956.50000
2026-01-08T14:00:00+00:00,6956.25000,6958.75000,6940.00000,6948.25000
2026-01-08T15:00:00+00:00,6948.25000,6966.00000,6944.00000,6964.50000
2026-01-08T16:00:00+00:00,6964.50000,6967.25000,6950.50000,6965.50000
2026-01-08T17:00:00+00:00,6965.25000,6972.50000,6957.50000,6967.25000
2026-01-08T18:00:00+00:00,6967.25000,6968.25000,6953.75000,6955.00000
2026-01-08T19:00:00+00:00,6955.00000,6960.00000,6949.25000,6955.25000
2026-01-08T20:00:00+00:00,6955.00000,6967.00000,6953.75000,6960.75000
2026-01-08T21:00:00+00:00,6961.00000,6977.75000,6960.50000,6971.25000
2026-01-08T23:00:00+00:00,6973.25000,6974.00000,6963.00000,6964.00000
2026-01-09T00:00:00+00:00,6964.00000,6967.50000,6961.00000,6961.50000
2026-01-09T01:00:00+00:00,6961.50000,6963.25000,6954.25000,6957.75000
2026-01-09T02:00:00+00:00,6957.75000,6964.50000,6957.00000,6962.50000
2026-01-09T03:00:00+00:00,6962.50000,6963.50000,6959.75000,6960.75000
2026-01-09T04:00:00+00:00,6961.00000,6962.00000,6957.75000,6961.50000
2026-01-09T05:00:00+00:00,6962.50000,6963.50000,6958.50000,6963.00000
2026-01-09T06:00:00+00:00,6963.00000,6965.25000,6959.25000,6963.25000
2026-01-09T07:00:00+00:00,6963.50000,6963.75000,6956.25000,6960.75000
2026-01-09T08:00:00+00:00,6961.00000,6965.50000,6956.75000,6957.75000
2026-01-09T09:00:00+00:00,6957.75000,6968.00000,6956.75000,6967.50000
2026-01-09T10:00:00+00:00,6967.75000,6969.25000,6965.75000,6966.75000
2026-01-09T11:00:00+00:00,6966.75000,6973.25000,6965.50000,6968.00000
2026-01-09T12:00:00+00:00,6968.00000,6972.00000,6965.25000,6971.75000
2026-01-09T13:00:00+00:00,6971.75000,6988.50000,6969.50000,6987.00000
2026-01-09T14:00:00+00:00,6987.00000,6989.75000,6968.25000,6979.50000
2026-01-09T15:00:00+00:00,6979.50000,6999.75000,6955.75000,6983.75000
2026-01-09T16:00:00+00:00,6983.75000,7005.25000,6983.75000,7003.75000
2026-01-09T17:00:00+00:00,7004.00000,7010.00000,7002.00000,7004.50000
2026-01-09T18:00:00+00:00,7004.50000,7014.00000,6998.25000,7010.25000
2026-01-09T19:00:00+00:00,7010.00000,7017.00000,7008.25000,7013.75000
2026-01-09T20:00:00+00:00,7013.50000,7017.50000,7003.25000,7004.50000
2026-01-09T21:00:00+00:00,7004.50000,7005.75000,7001.75000,7005.00000
2026-01-11T23:00:00+00:00,7000.25000,7001.75000,6993.75000,6998.25000
2026-01-12T00:00:00+00:00,6998.00000,6999.25000,6975.25000,6979.25000
2026-01-12T01:00:00+00:00,6979.25000,6980.00000,6967.25000,6977.25000
2026-01-12T02:00:00+00:00,6977.50000,6977.50000,6968.25000,6970.00000
2026-01-12T03:00:00+00:00,6970.00000,6971.50000,6964.50000,6967.75000
2026-01-12T04:00:00+00:00,6968.00000,6969.00000,6964.00000,6966.75000
2026-01-12T05:00:00+00:00,6966.25000,6968.75000,6958.25000,6962.50000
2026-01-12T06:00:00+00:00,6962.50000,6967.00000,6961.50000,6964.75000
2026-01-12T07:00:00+00:00,6964.50000,6970.25000,6964.00000,6967.50000
2026-01-12T08:00:00+00:00,6967.50000,6970.75000,6950.00000,6953.00000
2026-01-12T09:00:00+00:00,6953.25000,6959.00000,6951.75000,6957.75000
2026-01-12T10:00:00+00:00,6958.00000,6961.75000,6955.50000,6958.75000
2026-01-12T11:00:00+00:00,6958.75000,6964.50000,6957.50000,6961.00000
2026-01-12T12:00:00+00:00,6960.75000,6970.50000,6960.50000,6968.50000
2026-01-12T13:00:00+00:00,6968.75000,6970.00000,6964.50000,6966.75000
2026-01-12T14:00:00+00:00,6966.75000,7002.75000,6964.50000,6999.75000
2026-01-12T15:00:00+00:00,7000.00000,7004.50000,6993.00000,7002.75000
2026-01-12T16:00:00+00:00,7002.75000,7012.50000,7000.25000,7009.50000
2026-01-12T17:00:00+00:00,7009.75000,7012.25000,7004.75000,7010.50000
2026-01-12T18:00:00+00:00,7010.75000,7018.00000,7009.75000,7016.25000
2026-01-12T19:00:00+00:00,7016.25000,7024.50000,7013.50000,7024.00000
2026-01-12T20:00:00+00:00,7024.00000,7025.25000,7015.75000,7016.00000
2026-01-12T21:00:00+00:00,7016.00000,7018.75000,7009.75000,7011.50000
2026-01-12T23:00:00+00:00,7014.00000,7014.00000,7005.50000,7006.00000
2026-01-13T00:00:00+00:00,7005.75000,7007.00000,7002.00000,7002.25000
2026-01-13T01:00:00+00:00,7002.25000,7008.50000,6998.75000,7005.75000
2026-01-13T02:00:00+00:00,7006.00000,7009.50000,7005.00000,7007.25000
2026-01-13T03:00:00+00:00,7007.25000,7009.50000,7004.75000,7007.00000
2026-01-13T04:00:00+00:00,7007.25000,7009.50000,7006.00000,7008.75000
2026-01-13T05:00:00+00:00,7007.25000,7010.75000,7006.50000,7009.75000
2026-01-13T06:00:00+00:00,7009.75000,7014.00000,7009.50000,7011.00000
2026-01-13T07:00:00+00:00,7011.25000,7013.00000,7009.00000,7011.00000
2026-01-13T08:00:00+00:00,7011.00000,7011.00000,7005.75000,7008.50000
2026-01-13T09:00:00+00:00,7008.75000,7012.25000,7005.75000,7008.50000
2026-01-13T10:00:00+00:00,7008.25000,7008.75000,7002.50000,7005.25000
2026-01-13T11:00:00+00:00,7005.25000,7010.25000,7003.75000,7010.25000
2026-01-13T12:00:00+00:00,7010.25000,7011.25000,7005.50000,7006.50000
2026-01-13T13:00:00+00:00,7006.50000,7036.25000,7004.75000,7020.00000
2026-01-13T14:00:00+00:00,7019.75000,7027.50000,7005.00000,7005.25000
2026-01-13T15:00:00+00:00,7005.25000,7008.25000,6983.50000,7000.50000
2026-01-13T16:00:00+00:00,7000.25000,7015.25000,6986.75000,7012.25000
2026-01-13T17:00:00+00:00,7012.50000,7014.50000,6988.00000,6992.25000
2026-01-13T18:00:00+00:00,6992.00000,6999.50000,6987.00000,6990.75000
2026-01-13T19:00:00+00:00,6991.00000,6995.25000,6985.00000,6992.50000
2026-01-13T20:00:00+00:00,6992.25000,7003.25000,6976.75000,7000.75000
2026-01-13T21:00:00+00:00,7000.75000,7004.25000,6998.25000,6999.25000
2026-01-13T23:00:00+00:00,6998.50000,7001.75000,6996.75000,6997.75000
2026-01-14T00:00:00+00:00,6997.75000,7002.50000,6996.00000,6999.50000
2026-01-14T01:00:00+00:00,6999.25000,7000.50000,6992.25000,6992.75000
2026-01-14T02:00:00+00:00,6992.75000,6995.25000,6991.00000,6994.75000
2026-01-14T03:00:00+00:00,6994.75000,7000.00000,6994.50000,6998.50000
2026-01-14T04:00:00+00:00,6998.25000,6999.00000,6989.00000,6990.50000
2026-01-14T05:00:00+00:00,6990.25000,6991.50000,6985.50000,6986.25000
2026-01-14T06:00:00+00:00,6986.25000,6989.00000,6983.25000,6989.00000
2026-01-14T07:00:00+00:00,6989.25000,6990.25000,6986.25000,6989.00000
2026-01-14T08:00:00+00:00,6989.00000,6992.25000,6985.75000,6989.75000
2026-01-14T09:00:00+00:00,6989.75000,6994.00000,6986.75000,6990.00000
2026-01-14T10:00:00+00:00,6990.00000,6990.25000,6967.25000,6971.50000
2026-01-14T11:00:00+00:00,6971.25000,6977.50000,6966.25000,6972.25000
2026-01-14T12:00:00+00:00,6972.25000,6981.25000,6963.50000,6976.00000
2026-01-14T13:00:00+00:00,6976.00000,6980.75000,6967.00000,6970.75000
2026-01-14T14:00:00+00:00,6970.75000,6979.75000,6948.25000,6949.25000
2026-01-14T15:00:00+00:00,6949.25000,6971.25000,6926.50000,6933.50000
2026-01-14T16:00:00+00:00,6933.50000,6957.00000,6923.25000,6928.00000
2026-01-14T17:00:00+00:00,6927.75000,6936.75000,6923.75000,6928.25000
2026-01-14T18:00:00+00:00,6928.25000,6944.50000,6924.75000,6943.50000
2026-01-14T19:00:00+00:00,6943.25000,6948.50000,6938.25000,6943.25000
2026-01-14T20:00:00+00:00,6943.00000,6970.25000,6935.50000,6968.00000
2026-01-14T21:00:00+00:00,6968.00000,6970.75000,6945.00000,6960.00000
2026-01-14T23:00:00+00:00,6955.75000,6961.25000,6949.50000,6959.75000
2026-01-15T00:00:00+00:00,6959.75000,6960.00000,6955.50000,6958.25000
2026-01-15T01:00:00+00:00,6958.25000,6965.25000,6952.50000,6964.00000
2026-01-15T02:00:00+00:00,6964.25000,6964.75000,6958.00000,6960.25000
2026-01-15T03:00:00+00:00,6960.25000,6963.25000,6956.25000,6956.75000
2026-01-15T04:00:00+00:00,6956.75000,6960.25000,6955.50000,6957.25000
2026-01-15T05:00:00+00:00,6960.75000,6968.25000,6960.25000,6963.25000
2026-01-15T06:00:00+00:00,6963.25000,6977.75000,6961.25000,6973.75000
2026-01-15T07:00:00+00:00,6973.75000,6975.25000,6969.25000,6971.75000
2026-01-15T08:00:00+00:00,6971.75000,6979.75000,6968.25000,6978.00000
2026-01-15T09:00:00+00:00,6978.25000,6992.75000,6977.25000,6988.25000
2026-01-15T10:00:00+00:00,6988.25000,6991.50000,6986.75000,6989.50000
2026-01-15T11:00:00+00:00,6989.50000,6993.50000,6989.25000,6990.75000
2026-01-15T12:00:00+00:00,6990.75000,6994.00000,6987.50000,6992.75000
2026-01-15T13:00:00+00:00,6992.50000,7002.00000,6989.25000,6998.25000
2026-01-15T14:00:00+00:00,6998.25000,7011.25000,6994.50000,6998.75000
2026-01-15T15:00:00+00:00,6999.00000,7012.00000,6992.50000,7007.25000
2026-01-15T16:00:00+00:00,7007.25000,7016.50000,7006.00000,7013.25000
2026-01-15T17:00:00+00:00,7013.25000,7017.25000,7001.50000,7002.25000
2026-01-15T18:00:00+00:00,7002.25000,7015.25000,7001.25000,7009.75000
2026-01-15T19:00:00+00:00,7009.50000,7009.50000,6988.00000,6989.75000
2026-01-15T20:00:00+00:00,6989.75000,6992.75000,6974.75000,6984.75000
2026-01-15T21:00:00+00:00,6984.75000,6986.50000,6981.00000,6983.50000
2026-01-15T23:00:00+00:00,6986.75000,6991.00000,6982.75000,6989.75000
2026-01-16T00:00:00+00:00,6989.50000,6992.50000,6987.50000,6992.00000
2026-01-16T01:00:00+00:00,6991.75000,6995.25000,6988.50000,6993.50000
2026-01-16T02:00:00+00:00,6993.25000,6998.25000,6991.75000,6997.25000
2026-01-16T03:00:00+00:00,6997.25000,7000.00000,6996.75000,6998.25000
2026-01-16T04:00:00+00:00,6998.50000,7003.25000,6998.00000,7002.50000
2026-01-16T05:00:00+00:00,7003.25000,7003.75000,7000.75000,7001.25000
2026-01-16T06:00:00+00:00,7001.50000,7004.00000,7000.25000,7003.75000
2026-01-16T07:00:00+00:00,7003.75000,7005.50000,7000.50000,7003.00000
2026-01-16T08:00:00+00:00,7003.00000,7007.00000,6996.75000,7000.00000
2026-01-16T09:00:00+00:00,7000.00000,7004.00000,6998.00000,6998.00000
2026-01-16T10:00:00+00:00,6998.00000,7003.75000,6997.50000,7001.75000
2026-01-16T11:00:00+00:00,7001.75000,7004.25000,6991.50000,6993.25000
2026-01-16T12:00:00+00:00,6993.00000,6997.50000,6987.25000,6992.00000
2026-01-16T13:00:00+00:00,6991.75000,6995.50000,6988.75000,6990.75000
2026-01-16T14:00:00+00:00,6990.75000,7002.25000,6978.75000,6979.00000
2026-01-16T15:00:00+00:00,6979.00000,6987.75000,6960.50000,6978.25000
2026-01-16T16:00:00+00:00,6978.00000,6995.00000,6975.25000,6987.00000
2026-01-16T17:00:00+00:00,6986.75000,6990.00000,6978.75000,6979.25000
2026-01-16T18:00:00+00:00,6979.50000,6992.75000,6978.00000,6986.75000
2026-01-16T19:00:00+00:00,6986.75000,6997.50000,6980.00000,6987.25000
2026-01-16T20:00:00+00:00,6987.25000,6989.25000,6975.00000,6976.50000
2026-01-16T21:00:00+00:00,6976.50000,6980.25000,6973.50000,6976.75000
2026-01-19T04:00:00+00:00,6976.75000,6976.75000,6914.25000,6914.50000
2026-01-20T05:00:00+00:00,6903.25000,6909.50000,6901.75000,6904.75000
2026-01-20T06:00:00+00:00,6904.75000,6905.50000,6878.75000,6887.75000
2026-01-20T07:00:00+00:00,6888.00000,6889.50000,6877.25000,6882.50000
2026-01-20T08:00:00+00:00,6882.50000,6883.75000,6857.00000,6864.50000
2026-01-20T09:00:00+00:00,6864.50000,6868.50000,6846.75000,6852.25000
2026-01-20T10:00:00+00:00,6852.25000,6868.00000,6847.50000,6862.50000
2026-01-20T11:00:00+00:00,6862.50000,6874.50000,6861.75000,6870.00000
2026-01-20T12:00:00+00:00,6869.75000,6887.25000,6866.50000,6881.00000
2026-01-20T13:00:00+00:00,6881.25000,6885.25000,6860.50000,6867.50000
2026-01-20T14:00:00+00:00,6867.25000,6890.25000,6865.25000,6878.75000
2026-01-20T15:00:00+00:00,6878.50000,6904.75000,6865.75000,6895.00000
2026-01-20T16:00:00+00:00,6895.00000,6902.75000,6880.25000,6894.00000
2026-01-20T17:00:00+00:00,6894.00000,6896.25000,6861.25000,6867.25000
2026-01-20T18:00:00+00:00,6867.25000,6871.50000,6836.50000,6843.50000
2026-01-20T19:00:00+00:00,6843.75000,6849.75000,6829.00000,6834.75000
2026-01-20T20:00:00+00:00,6834.75000,6838.00000,6822.25000,6833.25000
2026-01-20T21:00:00+00:00,6833.50000,6840.50000,6828.75000,6837.50000
2026-01-20T23:00:00+00:00,6839.00000,6843.50000,6829.25000,6832.25000
2026-01-21T00:00:00+00:00,6832.25000,6845.00000,6832.25000,6843.75000
2026-01-21T01:00:00+00:00,6844.00000,6851.50000,6843.50000,6849.00000
2026-01-21T02:00:00+00:00,6849.25000,6849.75000,6842.75000,6844.75000
2026-01-21T03:00:00+00:00,6844.75000,6854.75000,6844.50000,6848.75000
2026-01-21T04:00:00+00:00,6848.75000,6852.25000,6846.00000,6849.75000
2026-01-21T05:00:00+00:00,6850.75000,6853.75000,6849.00000,6852.75000
2026-01-21T06:00:00+00:00,6852.75000,6855.50000,6847.25000,6847.25000
2026-01-21T07:00:00+00:00,6847.25000,6857.50000,6846.50000,6852.75000
2026-01-21T08:00:00+00:00,6852.75000,6856.75000,6848.75000,6852.50000
2026-01-21T09:00:00+00:00,6852.50000,6855.25000,6836.75000,6836.75000
2026-01-21T10:00:00+00:00,6837.00000,6849.25000,6835.00000,6842.25000
2026-01-21T11:00:00+00:00,6842.00000,6842.50000,6818.75000,6819.50000
2026-01-21T12:00:00+00:00,6819.50000,6828.75000,6814.50000,6825.75000
2026-01-21T13:00:00+00:00,6825.75000,6832.25000,6815.75000,6824.75000
2026-01-21T14:00:00+00:00,6824.75000,6883.25000,6821.75000,6881.25000
2026-01-21T15:00:00+00:00,6881.50000,6908.75000,6873.00000,6904.75000
2026-01-21T16:00:00+00:00,6904.50000,6905.75000,6855.50000,6856.75000
2026-01-21T17:00:00+00:00,6857.00000,6866.25000,6837.25000,6862.75000
2026-01-21T18:00:00+00:00,6862.50000,6871.75000,6842.50000,6866.50000
2026-01-21T19:00:00+00:00,6866.50000,6945.00000,6855.25000,6942.25000
2026-01-21T20:00:00+00:00,6942.50000,6945.25000,6903.25000,6911.00000
2026-01-21T21:00:00+00:00,6911.00000,6919.50000,6910.00000,6915.75000
2026-01-21T23:00:00+00:00,6920.00000,6928.25000,6919.00000,6924.25000
2026-01-22T00:00:00+00:00,6924.25000,6929.75000,6922.00000,6927.00000
2026-01-22T01:00:00+00:00,6927.00000,6934.25000,6925.50000,6933.25000
2026-01-22T02:00:00+00:00,6933.00000,6934.75000,6928.25000,6929.50000
2026-01-22T03:00:00+00:00,6929.50000,6933.75000,6929.50000,6932.25000
2026-01-22T04:00:00+00:00,6932.25000,6932.25000,6927.50000,6929.50000
2026-01-22T05:00:00+00:00,6929.50000,6929.50000,6919.50000,6921.00000
2026-01-22T06:00:00+00:00,6920.50000,6925.75000,6911.25000,6922.00000
2026-01-22T07:00:00+00:00,6922.00000,6932.00000,6914.75000,6930.00000
2026-01-22T08:00:00+00:00,6929.75000,6952.25000,6928.75000,6947.25000
2026-01-22T09:00:00+00:00,6947.00000,6956.00000,6946.50000,6953.00000
2026-01-22T10:00:00+00:00,6953.25000,6954.25000,6946.25000,6951.25000
2026-01-22T11:00:00+00:00,6951.00000,6954.75000,6944.00000,6945.25000
2026-01-22T12:00:00+00:00,6945.00000,6948.75000,6941.75000,6947.50000
2026-01-22T13:00:00+00:00,6947.50000,6958.50000,6945.00000,6957.50000
2026-01-22T14:00:00+00:00,6957.50000,6964.50000,6930.50000,6936.00000
2026-01-22T15:00:00+00:00,6935.50000,6951.75000,6925.50000,6943.00000
2026-01-22T16:00:00+00:00,6943.00000,6962.00000,6942.50000,6954.25000
2026-01-22T17:00:00+00:00,6954.25000,6968.25000,6951.00000,6967.00000
2026-01-22T18:00:00+00:00,6966.75000,6969.00000,6955.25000,6957.25000
2026-01-22T19:00:00+00:00,6957.25000,6966.75000,6944.50000,6944.50000
2026-01-22T20:00:00+00:00,6944.50000,6952.25000,6932.50000,6946.00000
2026-01-22T21:00:00+00:00,6945.75000,6948.50000,6935.75000,6940.25000
2026-01-22T23:00:00+00:00,6938.00000,6944.25000,6933.50000,6941.25000
2026-01-23T00:00:00+00:00,6941.00000,6950.00000,6937.50000,6949.50000
2026-01-23T01:00:00+00:00,6949.50000,6957.00000,6949.00000,6956.50000
2026-01-23T02:00:00+00:00,6956.75000,6957.00000,6951.50000,6951.75000
2026-01-23T03:00:00+00:00,6951.75000,6958.50000,6951.75000,6956.50000
2026-01-23T04:00:00+00:00,6956.50000,6959.00000,6954.75000,6958.50000
2026-01-23T05:00:00+00:00,6958.75000,6960.75000,6958.00000,6960.50000
2026-01-23T06:00:00+00:00,6960.50000,6963.25000,6957.25000,6957.50000
2026-01-23T07:00:00+00:00,6957.50000,6960.75000,6953.25000,6955.00000
2026-01-23T08:00:00+00:00,6954.75000,6955.00000,6935.25000,6938.25000
2026-01-23T09:00:00+00:00,6938.25000,6942.75000,6925.50000,6929.50000
2026-01-23T10:00:00+00:00,6929.25000,6931.25000,6925.75000,6929.75000
2026-01-23T11:00:00+00:00,6929.75000,6943.75000,6929.25000,6933.50000
2026-01-23T12:00:00+00:00,6933.25000,6942.50000,6931.00000,6940.50000
2026-01-23T13:00:00+00:00,6940.50000,6940.50000,6925.75000,6928.00000
2026-01-23T14:00:00+00:00,6927.75000,6942.00000,6924.75000,6941.50000
2026-01-23T15:00:00+00:00,6941.75000,6961.25000,6936.50000,6958.75000
2026-01-23T16:00:00+00:00,6958.75000,6964.00000,6948.25000,6951.75000
2026-01-23T17:00:00+00:00,6951.75000,6958.00000,6931.00000,6933.50000
2026-01-23T18:00:00+00:00,6933.50000,6947.00000,6932.25000,6943.50000
2026-01-23T19:00:00+00:00,6943.75000,6956.25000,6943.25000,6949.50000
2026-01-23T20:00:00+00:00,6949.50000,6950.25000,6939.25000,6945.50000
2026-01-23T21:00:00+00:00,6945.75000,6946.00000,6932.25000,6933.75000
2026-01-25T23:00:00+00:00,6894.00000,6916.50000,6893.50000,6914.25000
2026-01-26T00:00:00+00:00,6914.50000,6925.00000,6911.50000,6919.50000
2026-01-26T01:00:00+00:00,6919.50000,6933.25000,6917.25000,6930.00000
2026-01-26T02:00:00+00:00,6930.00000,6933.00000,6920.25000,6923.00000
2026-01-26T03:00:00+00:00,6923.00000,6931.75000,6923.00000,6927.00000
2026-01-26T04:00:00+00:00,6927.00000,6931.50000,6924.25000,6927.50000
2026-01-26T05:00:00+00:00,6926.75000,6934.00000,6925.50000,6933.25000
2026-01-26T06:00:00+00:00,6933.50000,6939.00000,6932.75000,6934.00000
2026-01-26T07:00:00+00:00,6934.00000,6943.00000,6933.25000,6940.75000
2026-01-26T08:00:00+00:00,6941.00000,6949.25000,6940.75000,6948.00000
2026-01-26T09:00:00+00:00,6948.00000,6950.25000,6921.75000,6928.25000
2026-01-26T10:00:00+00:00,6928.25000,6938.75000,6927.25000,6934.25000
2026-01-26T11:00:00+00:00,6934.50000,6937.50000,6932.25000,6936.75000
2026-01-26T12:00:00+00:00,6936.50000,6944.75000,6936.25000,6940.75000
2026-01-26T13:00:00+00:00,6940.75000,6952.50000,6937.50000,6951.75000
2026-01-26T14:00:00+00:00,6951.75000,6980.00000,6951.00000,6976.50000
2026-01-26T15:00:00+00:00,6976.25000,6988.00000,6971.00000,6983.75000
2026-01-26T16:00:00+00:00,6983.75000,6987.50000,6975.75000,6984.75000
2026-01-26T17:00:00+00:00,6985.00000,6991.00000,6984.00000,6986.00000
2026-01-26T18:00:00+00:00,6986.00000,6995.50000,6982.75000,6989.75000
2026-01-26T19:00:00+00:00,6989.50000,6993.75000,6988.25000,6989.50000
2026-01-26T20:00:00+00:00,6989.50000,6991.50000,6979.50000,6980.75000
2026-01-26T21:00:00+00:00,6980.50000,6983.00000,6976.25000,6977.00000
2026-01-26T23:00:00+00:00,6977.00000,6983.50000,6972.00000,6981.25000
2026-01-27T00:00:00+00:00,6981.25000,6984.00000,6977.50000,6983.50000
2026-01-27T01:00:00+00:00,6983.25000,6988.25000,6981.75000,6987.50000
2026-01-27T02:00:00+00:00,6987.25000,6997.50000,6987.25000,6997.00000
2026-01-27T03:00:00+00:00,6996.75000,6999.00000,6996.00000,6998.25000
2026-01-27T04:00:00+00:00,6998.50000,7003.50000,6998.00000,7000.75000
2026-01-27T05:00:00+00:00,6998.75000,7003.25000,6997.00000,7002.75000
2026-01-27T06:00:00+00:00,7002.75000,7006.50000,7000.25000,7000.75000
2026-01-27T07:00:00+00:00,7000.75000,7004.00000,6999.00000,7002.00000
2026-01-27T08:00:00+00:00,7002.00000,7003.00000,6994.25000,6997.25000
2026-01-27T09:00:00+00:00,6997.25000,6999.25000,6994.75000,6995.50000
2026-01-27T10:00:00+00:00,6995.25000,7000.50000,6995.00000,6999.00000
2026-01-27T11:00:00+00:00,6999.00000,7003.50000,6997.00000,7002.25000
2026-01-27T12:00:00+00:00,7002.00000,7002.25000,6994.50000,6997.25000
2026-01-27T13:00:00+00:00,6997.00000,6999.75000,6994.00000,6995.00000
2026-01-27T14:00:00+00:00,6995.00000,7007.75000,6988.25000,7005.00000
2026-01-27T15:00:00+00:00,7005.25000,7014.75000,6998.00000,7013.25000
2026-01-27T16:00:00+00:00,7013.25000,7018.50000,7013.00000,7013.00000
2026-01-27T17:00:00+00:00,7013.00000,7014.50000,7006.50000,7007.00000
2026-01-27T18:00:00+00:00,7007.00000,7015.25000,7001.50000,7013.25000
2026-01-27T19:00:00+00:00,7013.50000,7017.00000,7010.50000,7013.75000
2026-01-27T20:00:00+00:00,7014.00000,7017.25000,7007.00000,7008.75000
2026-01-27T21:00:00+00:00,7008.75000,7012.00000,7005.50000,7009.50000
2026-01-27T23:00:00+00:00,7010.25000,7015.00000,7009.25000,7012.75000
2026-01-28T00:00:00+00:00,7012.75000,7026.50000,7012.50000,7024.50000
2026-01-28T01:00:00+00:00,7024.75000,7027.50000,7022.50000,7023.50000
2026-01-28T02:00:00+00:00,7023.50000,7027.25000,7023.00000,7026.00000
2026-01-28T03:00:00+00:00,7025.75000,7027.25000,7023.75000,7024.25000
2026-01-28T04:00:00+00:00,7024.25000,7027.75000,7024.25000,7027.00000
2026-01-28T05:00:00+00:00,7028.00000,7032.25000,7028.00000,7031.75000
2026-01-28T06:00:00+00:00,7031.75000,7043.00000,7031.75000,7034.50000
2026-01-28T07:00:00+00:00,7034.75000,7037.50000,7030.75000,7036.75000
2026-01-28T08:00:00+00:00,7036.75000,7039.00000,7026.00000,7027.25000
2026-01-28T09:00:00+00:00,7027.50000,7033.00000,7026.00000,7031.50000
2026-01-28T10:00:00+00:00,7031.75000,7036.50000,7029.50000,7035.50000
2026-01-28T11:00:00+00:00,7035.50000,7035.50000,7028.75000,7033.00000
2026-01-28T12:00:00+00:00,7033.25000,7033.50000,7022.25000,7022.75000
2026-01-28T13:00:00+00:00,7023.00000,7027.00000,7017.50000,7022.25000
2026-01-28T14:00:00+00:00,7022.25000,7031.00000,7018.00000,7023.75000
2026-01-28T15:00:00+00:00,7023.50000,7025.75000,7007.25000,7007.50000
2026-01-28T16:00:00+00:00,7007.50000,7015.50000,6997.00000,6999.25000
2026-01-28T17:00:00+00:00,6999.25000,7008.75000,6997.00000,7000.50000
2026-01-28T18:00:00+00:00,7000.50000,7006.50000,6997.50000,7002.50000
2026-01-28T19:00:00+00:00,7003.00000,7012.75000,6991.25000,7001.25000
2026-01-28T20:00:00+00:00,7001.25000,7015.00000,6999.25000,7006.75000
2026-01-28T21:00:00+00:00,7006.75000,7023.00000,6977.25000,7016.75000
2026-01-28T23:00:00+00:00,7021.50000,7022.00000,6994.50000,6996.00000
2026-01-29T00:00:00+00:00,6996.00000,6999.25000,6985.75000,6999.00000
2026-01-29T01:00:00+00:00,6999.25000,6999.75000,6987.00000,6994.75000
2026-01-29T02:00:00+00:00,6994.75000,7006.25000,6993.50000,7003.00000
2026-01-29T03:00:00+00:00,7003.00000,7009.75000,7003.00000,7008.25000
2026-01-29T04:00:00+00:00,7008.75000,7016.00000,7008.00000,7015.50000
2026-01-29T05:00:00+00:00,7014.00000,7019.75000,7012.25000,7017.75000
2026-01-29T06:00:00+00:00,7017.75000,7023.75000,7017.25000,7020.00000
2026-01-29T07:00:00+00:00,7019.75000,7029.50000,7017.50000,7026.50000
2026-01-29T08:00:00+00:00,7026.50000,7029.50000,7019.00000,7024.75000
2026-01-29T09:00:00+00:00,7024.75000,7029.25000,7018.75000,7019.25000
2026-01-29T10:00:00+00:00,7019.00000,7023.50000,7012.75000,7013.75000
2026-01-29T11:00:00+00:00,7014.00000,7022.00000,7010.00000,7019.50000
2026-01-29T12:00:00+00:00,7019.50000,7024.00000,7013.25000,7019.00000
2026-01-29T13:00:00+00:00,7018.75000,7026.75000,7015.00000,7023.50000
2026-01-29T14:00:00+00:00,7023.50000,7023.75000,6965.50000,6966.50000
2026-01-29T15:00:00+00:00,6966.50000,6967.25000,6902.25000,6910.75000
2026-01-29T16:00:00+00:00,6911.00000,6940.75000,6898.25000,6937.50000
2026-01-29T17:00:00+00:00,6937.25000,6967.75000,6936.75000,6939.50000
2026-01-29T18:00:00+00:00,6939.50000,6968.75000,6937.50000,6956.50000
2026-01-29T19:00:00+00:00,6956.25000,6973.25000,6952.75000,6962.00000
2026-01-29T20:00:00+00:00,6962.00000,6999.00000,6961.25000,6990.00000
2026-01-29T21:00:00+00:00,6990.00000,7002.50000,6985.25000,6989.75000
2026-01-29T23:00:00+00:00,6992.75000,6995.00000,6968.50000,6986.50000
2026-01-30T00:00:00+00:00,6986.50000,6991.00000,6974.50000,6977.00000
2026-01-30T01:00:00+00:00,6977.25000,6977.75000,6952.00000,6962.75000
2026-01-30T02:00:00+00:00,6962.75000,6964.50000,6943.25000,6961.00000
2026-01-30T03:00:00+00:00,6961.00000,6971.75000,6960.75000,6966.25000
2026-01-30T04:00:00+00:00,6966.25000,6973.50000,6964.25000,6964.75000
2026-01-30T05:00:00+00:00,6970.00000,6970.00000,6956.50000,6956.50000
2026-01-30T06:00:00+00:00,6956.75000,6958.00000,6935.00000,6937.50000
2026-01-30T07:00:00+00:00,6937.50000,6949.75000,6928.25000,6930.25000
2026-01-30T08:00:00+00:00,6930.25000,6945.75000,6926.00000,6941.00000
2026-01-30T09:00:00+00:00,6941.00000,6945.00000,6917.50000,6926.50000
2026-01-30T10:00:00+00:00,6926.25000,6943.75000,6926.00000,6938.75000
2026-01-30T11:00:00+00:00,6939.00000,6970.75000,6938.00000,6968.50000
2026-01-30T12:00:00+00:00,6968.75000,6975.75000,6956.00000,6961.50000
2026-01-30T13:00:00+00:00,6961.25000,6970.25000,6947.25000,6957.00000
2026-01-30T14:00:00+00:00,6957.00000,6985.50000,6955.00000,6965.25000
2026-01-30T15:00:00+00:00,6965.00000,6991.25000,6957.00000,6969.50000
2026-01-30T16:00:00+00:00,6969.50000,6975.25000,6950.50000,6954.50000
2026-01-30T17:00:00+00:00,6954.50000,6963.50000,6935.00000,6939.25000
2026-01-30T18:00:00+00:00,6939.25000,6969.00000,6918.75000,6962.00000
2026-01-30T19:00:00+00:00,6961.75000,6975.25000,6952.00000,6953.50000
2026-01-30T20:00:00+00:00,6953.50000,6976.75000,6940.75000,6968.25000
2026-01-30T21:00:00+00:00,6968.00000,6973.25000,6957.50000,6960.75000
2026-02-01T23:00:00+00:00,6925.00000,6952.50000,6918.25000,6946.50000
2026-02-02T00:00:00+00:00,6946.50000,6965.75000,6938.00000,6958.75000
2026-02-02T01:00:00+00:00,6958.50000,6963.00000,6915.00000,6917.25000
2026-02-02T02:00:00+00:00,6917.25000,6924.50000,6905.25000,6906.50000
2026-02-02T03:00:00+00:00,6906.50000,6910.00000,6883.00000,6886.00000
2026-02-02T04:00:00+00:00,6886.25000,6902.25000,6873.50000,6898.50000
2026-02-02T05:00:00+00:00,6897.00000,6898.00000,6877.50000,6880.75000
2026-02-02T06:00:00+00:00,6880.50000,6885.00000,6864.50000,6875.25000
2026-02-02T07:00:00+00:00,6875.25000,6897.25000,6874.75000,6896.75000
2026-02-02T08:00:00+00:00,6896.50000,6921.00000,6895.25000,6917.50000
2026-02-02T09:00:00+00:00,6917.50000,6928.50000,6907.00000,6925.25000
2026-02-02T10:00:00+00:00,6925.25000,6929.50000,6914.50000,6917.25000
2026-02-02T11:00:00+00:00,6917.50000,6937.00000,6916.00000,6931.75000
2026-02-02T12:00:00+00:00,6931.50000,6945.00000,6931.00000,6936.25000
2026-02-02T13:00:00+00:00,6936.25000,6945.00000,6929.50000,6942.50000
2026-02-02T14:00:00+00:00,6942.25000,6986.50000,6941.25000,6974.75000
2026-02-02T15:00:00+00:00,6973.75000,7005.50000,6970.75000,6995.25000
2026-02-02T16:00:00+00:00,6995.00000,7006.50000,6986.75000,7005.50000
2026-02-02T17:00:00+00:00,7005.50000,7017.25000,7004.25000,7011.75000
2026-02-02T18:00:00+00:00,7012.00000,7015.75000,7004.25000,7013.00000
2026-02-02T19:00:00+00:00,7012.75000,7016.75000,7001.25000,7003.00000
2026-02-02T20:00:00+00:00,7003.00000,7012.50000,6998.25000,7003.00000
2026-02-02T21:00:00+00:00,7003.00000,7007.25000,6997.50000,7003.25000
2026-02-02T23:00:00+00:00,7004.25000,7022.25000,7002.50000,7015.25000
2026-02-03T00:00:00+00:00,7015.25000,7023.25000,7009.25000,7018.25000
2026-02-03T01:00:00+00:00,7018.25000,7023.50000,7015.00000,7017.25000
2026-02-03T02:00:00+00:00,7017.25000,7017.25000,7008.00000,7012.75000
2026-02-03T03:00:00+00:00,7012.50000,7018.75000,7010.50000,7017.25000
2026-02-03T04:00:00+00:00,7017.50000,7023.00000,7016.50000,7021.75000
2026-02-03T05:00:00+00:00,7017.25000,7023.50000,7015.75000,7021.25000
2026-02-03T06:00:00+00:00,7021.50000,7024.50000,7019.00000,7021.75000
2026-02-03T07:00:00+00:00,7021.75000,7025.75000,7019.00000,7023.50000
2026-02-03T08:00:00+00:00,7023.50000,7027.25000,7016.00000,7017.50000
2026-02-03T09:00:00+00:00,7017.50000,7023.25000,7012.00000,7014.25000
2026-02-03T10:00:00+00:00,7014.50000,7018.25000,7010.25000,7011.25000
2026-02-03T11:00:00+00:00,7011.25000,7013.50000,7006.75000,7010.75000
2026-02-03T12:00:00+00:00,7010.75000,7023.25000,7008.00000,7020.00000
2026-02-03T13:00:00+00:00,7020.25000,7021.50000,7015.00000,7015.25000
2026-02-03T14:00:00+00:00,7015.25000,7017.00000,6980.00000,6981.50000
2026-02-03T15:00:00+00:00,6981.75000,6984.25000,6954.25000,6978.00000
2026-02-03T16:00:00+00:00,6978.00000,6978.75000,6949.00000,6952.75000
2026-02-03T17:00:00+00:00,6953.00000,6953.75000,6920.00000,6923.00000
2026-02-03T18:00:00+00:00,6923.00000,6931.50000,6894.00000,6894.50000
2026-02-03T19:00:00+00:00,6894.50000,6918.50000,6886.25000,6914.50000
2026-02-03T20:00:00+00:00,6914.25000,6944.25000,6908.75000,6941.00000
2026-02-03T21:00:00+00:00,6941.00000,6946.00000,6931.75000,6938.75000
2026-02-03T23:00:00+00:00,6934.00000,6944.50000,6931.25000,6942.50000
2026-02-04T00:00:00+00:00,6942.75000,6943.75000,6933.50000,6934.00000
2026-02-04T01:00:00+00:00,6934.25000,6947.00000,6934.25000,6944.50000
2026-02-04T02:00:00+00:00,6944.50000,6951.25000,6939.75000,6942.50000
2026-02-04T03:00:00+00:00,6942.75000,6949.50000,6940.50000,6946.75000
2026-02-04T04:00:00+00:00,6946.75000,6948.50000,6944.00000,6945.00000
2026-02-04T05:00:00+00:00,6944.50000,6948.75000,6942.00000,6948.75000
2026-02-04T06:00:00+00:00,6948.75000,6959.25000,6947.00000,6955.25000
2026-02-04T07:00:00+00:00,6955.25000,6961.00000,6954.25000,6959.00000
2026-02-04T08:00:00+00:00,6958.75000,6960.00000,6941.00000,6946.25000
2026-02-04T09:00:00+00:00,6946.25000,6950.25000,6932.50000,6940.75000
2026-02-04T10:00:00+00:00,6941.00000,6954.25000,6938.75000,6950.25000
2026-02-04T11:00:00+00:00,6950.25000,6965.75000,6947.50000,6961.00000
2026-02-04T12:00:00+00:00,6961.25000,6965.00000,6950.25000,6952.25000
2026-02-04T13:00:00+00:00,6952.25000,6959.00000,6944.75000,6946.50000
2026-02-04T14:00:00+00:00,6946.25000,6960.75000,6924.00000,6928.00000
2026-02-04T15:00:00+00:00,6928.00000,6955.00000,6910.50000,6931.50000
2026-02-04T16:00:00+00:00,6931.50000,6934.75000,6888.50000,6911.25000
2026-02-04T17:00:00+00:00,6911.00000,6916.50000,6862.50000,6882.00000
2026-02-04T18:00:00+00:00,6882.00000,6900.50000,6868.25000,6891.50000
2026-02-04T19:00:00+00:00,6891.75000,6930.25000,6878.75000,6928.25000
2026-02-04T20:00:00+00:00,6928.25000,6930.50000,6903.25000,6906.50000
2026-02-04T21:00:00+00:00,6906.50000,6941.50000,6892.25000,6928.50000
2026-02-04T23:00:00+00:00,6915.50000,6928.75000,6913.50000,6918.50000
2026-02-05T00:00:00+00:00,6918.25000,6930.25000,6911.50000,6924.50000
2026-02-05T01:00:00+00:00,6924.75000,6935.25000,6923.50000,6931.00000
2026-02-05T02:00:00+00:00,6931.00000,6932.75000,6895.50000,6896.75000
2026-02-05T03:00:00+00:00,6897.00000,6909.25000,6889.00000,6891.00000
2026-02-05T04:00:00+00:00,6891.50000,6906.75000,6888.00000,6903.50000
2026-02-05T05:00:00+00:00,6899.25000,6909.00000,6893.75000,6900.25000
2026-02-05T06:00:00+00:00,6900.50000,6913.75000,6900.00000,6913.00000
2026-02-05T07:00:00+00:00,6913.00000,6917.00000,6907.25000,6908.25000
2026-02-05T08:00:00+00:00,6908.00000,6923.75000,6900.75000,6901.00000
2026-02-05T09:00:00+00:00,6901.25000,6918.50000,6895.50000,6905.25000
2026-02-05T10:00:00+00:00,6905.50000,6918.25000,6903.25000,6908.00000
2026-02-05T11:00:00+00:00,6908.00000,6916.50000,6904.50000,6915.00000
2026-02-05T12:00:00+00:00,6914.75000,6920.75000,6856.25000,6870.50000
2026-02-05T13:00:00+00:00,6870.25000,6880.50000,6855.25000,6857.25000
2026-02-05T14:00:00+00:00,6857.25000,6881.25000,6831.50000,6850.00000
2026-02-05T15:00:00+00:00,6850.25000,6858.50000,6802.75000,6817.25000
2026-02-05T16:00:00+00:00,6817.00000,6859.50000,6801.50000,6856.00000
2026-02-05T17:00:00+00:00,6856.00000,6870.25000,6833.50000,6848.50000
2026-02-05T18:00:00+00:00,6848.50000,6857.00000,6820.50000,6826.75000
2026-02-05T19:00:00+00:00,6826.75000,6859.00000,6823.75000,6834.50000
2026-02-05T20:00:00+00:00,6834.50000,6852.75000,6805.50000,6818.00000
2026-02-05T21:00:00+00:00,6817.75000,6829.00000,6785.00000,6788.75000
2026-02-05T23:00:00+00:00,6785.50000,6794.50000,6763.75000,6771.25000
2026-02-06T00:00:00+00:00,6771.25000,6784.25000,6751.50000,6782.50000
2026-02-06T01:00:00+00:00,6782.50000,6804.75000,6768.75000,6803.25000
2026-02-06T02:00:00+00:00,6803.50000,6810.75000,6798.25000,6804.50000
2026-02-06T03:00:00+00:00,6804.25000,6808.50000,6790.00000,6801.25000
2026-02-06T04:00:00+00:00,6801.25000,6801.25000,6782.25000,6786.00000
2026-02-06T05:00:00+00:00,6784.50000,6813.50000,6782.25000,6810.25000
2026-02-06T06:00:00+00:00,6810.25000,6816.25000,6803.75000,6805.25000
2026-02-06T07:00:00+00:00,6805.00000,6811.25000,6797.50000,6809.50000
2026-02-06T08:00:00+00:00,6809.50000,6820.75000,6796.75000,6816.25000
2026-02-06T09:00:00+00:00,6816.25000,6848.75000,6811.50000,6843.25000
2026-02-06T10:00:00+00:00,6843.00000,6850.00000,6835.00000,6849.25000
2026-02-06T11:00:00+00:00,6849.00000,6870.00000,6848.50000,6865.75000
2026-02-06T12:00:00+00:00,6865.50000,6867.50000,6845.50000,6850.00000
2026-02-06T13:00:00+00:00,6850.25000,6864.50000,6846.75000,6857.00000
2026-02-06T14:00:00+00:00,6856.75000,6907.25000,6850.25000,6890.25000
2026-02-06T15:00:00+00:00,6890.00000,6912.75000,6872.75000,6899.75000
2026-02-06T16:00:00+00:00,6899.75000,6922.25000,6896.00000,6916.50000
2026-02-06T17:00:00+00:00,6916.50000,6937.50000,6913.50000,6931.50000
2026-02-06T18:00:00+00:00,6931.50000,6938.75000,6928.00000,6932.25000
2026-02-06T19:00:00+00:00,6932.50000,6940.00000,6929.50000,6935.50000
2026-02-06T20:00:00+00:00,6935.50000,6965.50000,6933.00000,6949.00000
2026-02-06T21:00:00+00:00,6949.00000,6952.75000,6942.00000,6952.75000
2026-02-08T23:00:00+00:00,6971.00000,6978.00000,6966.00000,6973.00000
2026-02-09T00:00:00+00:00,6972.75000,6979.75000,6968.00000,6969.75000
2026-02-09T01:00:00+00:00,6969.75000,6970.00000,6958.00000,6961.50000
2026-02-09T02:00:00+00:00,6961.25000,6967.50000,6958.00000,6961.75000
2026-02-09T03:00:00+00:00,6962.00000,6964.00000,6956.75000,6957.25000
2026-02-09T04:00:00+00:00,6957.25000,6962.75000,6957.00000,6958.75000
2026-02-09T05:00:00+00:00,6958.75000,6964.25000,6957.00000,6963.00000
2026-02-09T06:00:00+00:00,6963.25000,6963.75000,6953.25000,6955.00000
2026-02-09T07:00:00+00:00,6955.00000,6957.00000,6947.00000,6953.25000
2026-02-09T08:00:00+00:00,6953.50000,6968.00000,6952.25000,6956.25000
2026-02-09T09:00:00+00:00,6956.25000,6960.00000,6941.25000,6943.75000
2026-02-09T10:00:00+00:00,6944.00000,6944.75000,6921.00000,6935.75000
2026-02-09T11:00:00+00:00,6935.75000,6939.50000,6930.75000,6934.75000
2026-02-09T12:00:00+00:00,6935.00000,6946.00000,6928.25000,6946.00000
2026-02-09T13:00:00+00:00,6945.75000,6954.25000,6937.25000,6938.00000
2026-02-09T14:00:00+00:00,6938.25000,6957.50000,6924.25000,6945.25000
2026-02-09T15:00:00+00:00,6945.00000,6986.00000,6943.00000,6983.75000
2026-02-09T16:00:00+00:00,6983.75000,6997.50000,6982.00000,6995.50000
2026-02-09T17:00:00+00:00,6995.50000,6998.00000,6986.25000,6987.00000
2026-02-09T18:00:00+00:00,6987.25000,6993.75000,6977.00000,6988.25000
2026-02-09T19:00:00+00:00,6988.25000,7000.50000,6986.50000,6995.50000
2026-02-09T20:00:00+00:00,6995.75000,6998.75000,6980.00000,6980.25000
2026-02-09T21:00:00+00:00,6980.50000,6986.75000,6980.00000,6984.00000
2026-02-09T23:00:00+00:00,6985.00000,6989.50000,6976.00000,6978.75000
2026-02-10T00:00:00+00:00,6978.75000,6981.75000,6974.00000,6978.25000
2026-02-10T01:00:00+00:00,6978.25000,6983.25000,6973.50000,6980.50000
2026-02-10T02:00:00+00:00,6980.75000,6981.00000,6973.00000,6976.50000
2026-02-10T03:00:00+00:00,6976.50000,6978.75000,6972.25000,6976.75000
2026-02-10T04:00:00+00:00,6976.50000,6984.25000,6976.50000,6984.00000
2026-02-10T05:00:00+00:00,6983.00000,6986.25000,6978.25000,6984.75000
2026-02-10T06:00:00+00:00,6985.00000,6985.00000,6974.50000,6977.75000
2026-02-10T07:00:00+00:00,6978.00000,6985.00000,6977.00000,6984.75000
2026-02-10T08:00:00+00:00,6985.00000,6987.75000,6979.25000,6985.50000
2026-02-10T09:00:00+00:00,6985.25000,6997.50000,6985.25000,6989.00000
2026-02-10T10:00:00+00:00,6988.75000,6992.50000,6985.00000,6989.25000
2026-02-10T11:00:00+00:00,6989.00000,6992.50000,6984.50000,6991.75000
2026-02-10T12:00:00+00:00,6991.75000,6996.50000,6977.50000,6977.75000
2026-02-10T13:00:00+00:00,6978.00000,6984.25000,6970.50000,6984.00000
2026-02-10T14:00:00+00:00,6984.00000,7002.25000,6975.00000,6998.00000
2026-02-10T15:00:00+00:00,6998.25000,7006.50000,6987.25000,6994.50000
2026-02-10T16:00:00+00:00,6994.50000,6997.25000,6981.50000,6988.50000
2026-02-10T17:00:00+00:00,6988.50000,6998.75000,6982.75000,6995.25000
2026-02-10T18:00:00+00:00,6995.50000,6995.50000,6969.00000,6977.00000
2026-02-10T19:00:00+00:00,6977.00000,6982.25000,6971.75000,6978.50000
2026-02-10T20:00:00+00:00,6978.50000,6980.50000,6957.00000,6961.25000
2026-02-10T21:00:00+00:00,6961.25000,6970.75000,6959.25000,6970.50000
2026-02-10T23:00:00+00:00,6971.50000,6976.25000,6969.75000,6974.75000
2026-02-11T00:00:00+00:00,6974.75000,6978.75000,6974.00000,6977.75000
2026-02-11T01:00:00+00:00,6977.50000,6983.75000,6977.50000,6981.50000
2026-02-11T02:00:00+00:00,6981.25000,6983.00000,6979.25000,6982.00000
2026-02-11T03:00:00+00:00,6981.75000,6986.00000,6979.00000,6985.25000
2026-02-11T04:00:00+00:00,6985.00000,6985.75000,6977.25000,6979.50000
2026-02-11T05:00:00+00:00,6981.25000,6983.00000,6975.00000,6976.25000
2026-02-11T06:00:00+00:00,6976.25000,6980.75000,6973.50000,6974.00000
2026-02-11T07:00:00+00:00,6974.00000,6977.50000,6971.00000,6974.25000
2026-02-11T08:00:00+00:00,6974.25000,6975.75000,6963.75000,6972.75000
2026-02-11T09:00:00+00:00,6972.50000,6978.00000,6965.75000,6965.75000
2026-02-11T10:00:00+00:00,6966.00000,6966.00000,6953.00000,6964.25000
2026-02-11T11:00:00+00:00,6964.25000,6973.25000,6963.25000,6963.75000
2026-02-11T12:00:00+00:00,6963.50000,6971.25000,6963.00000,6967.50000
2026-02-11T13:00:00+00:00,6967.50000,7006.25000,6966.50000,7004.75000
2026-02-11T14:00:00+00:00,7004.75000,7011.50000,6977.25000,6981.00000
2026-02-11T15:00:00+00:00,6981.25000,6987.50000,6931.00000,6963.00000
2026-02-11T16:00:00+00:00,6962.75000,6974.00000,6953.25000,6960.25000
2026-02-11T17:00:00+00:00,6960.00000,6979.75000,6953.25000,6967.25000
2026-02-11T18:00:00+00:00,6967.25000,6969.75000,6953.50000,6967.00000
2026-02-11T19:00:00+00:00,6967.00000,6979.25000,6960.75000,6968.75000
2026-02-11T20:00:00+00:00,6968.50000,6970.50000,6955.75000,6958.75000
2026-02-11T21:00:00+00:00,6958.75000,6967.75000,6958.25000,6963.00000
2026-02-11T23:00:00+00:00,6964.50000,6968.50000,6952.25000,6957.50000
2026-02-12T00:00:00+00:00,6957.25000,6964.50000,6953.25000,6963.50000
2026-02-12T01:00:00+00:00,6963.75000,6974.25000,6960.00000,6970.75000
2026-02-12T02:00:00+00:00,6970.75000,6973.25000,6965.50000,6971.75000
2026-02-12T03:00:00+00:00,6971.75000,6978.00000,6970.25000,6977.25000
2026-02-12T04:00:00+00:00,6977.25000,6983.25000,6976.00000,6980.25000
2026-02-12T05:00:00+00:00,6982.00000,6984.25000,6980.50000,6982.25000
2026-02-12T06:00:00+00:00,6982.25000,6983.00000,6972.50000,6976.50000
2026-02-12T07:00:00+00:00,6976.50000,6983.00000,6975.50000,6981.75000
2026-02-12T08:00:00+00:00,6981.75000,6985.00000,6974.75000,6981.75000
2026-02-12T09:00:00+00:00,6981.50000,6985.75000,6979.00000,6983.50000
2026-02-12T10:00:00+00:00,6983.50000,6986.25000,6976.25000,6979.50000
2026-02-12T11:00:00+00:00,6979.50000,6984.25000,6978.75000,6983.50000
2026-02-12T12:00:00+00:00,6983.25000,6986.75000,6978.75000,6980.00000
2026-02-12T13:00:00+00:00,6980.00000,6991.50000,6973.50000,6986.50000
2026-02-12T14:00:00+00:00,6986.50000,6992.75000,6962.00000,6967.25000
2026-02-12T15:00:00+00:00,6967.00000,6976.00000,6924.25000,6925.00000
2026-02-12T16:00:00+00:00,6925.00000,6926.25000,6873.00000,6884.50000
2026-02-12T17:00:00+00:00,6884.50000,6894.00000,6867.00000,6867.75000
2026-02-12T18:00:00+00:00,6867.75000,6891.50000,6860.00000,6885.00000
2026-02-12T19:00:00+00:00,6885.25000,6898.00000,6874.00000,6889.75000
2026-02-12T20:00:00+00:00,6890.00000,6893.75000,6842.00000,6850.75000
2026-02-12T21:00:00+00:00,6850.75000,6865.00000,6846.75000,6861.75000
2026-02-12T23:00:00+00:00,6865.50000,6867.00000,6847.25000,6860.75000
2026-02-13T00:00:00+00:00,6860.50000,6868.75000,6840.25000,6844.75000
2026-02-13T01:00:00+00:00,6844.75000,6861.50000,6844.75000,6854.50000
2026-02-13T02:00:00+00:00,6854.50000,6862.50000,6854.50000,6857.50000
2026-02-13T03:00:00+00:00,6857.75000,6861.00000,6846.50000,6847.00000
2026-02-13T04:00:00+00:00,6847.25000,6858.00000,6845.75000,6849.75000
2026-02-13T05:00:00+00:00,6848.25000,6850.00000,6835.00000,6838.00000
2026-02-13T06:00:00+00:00,6838.00000,6841.75000,6824.25000,6838.00000
2026-02-13T07:00:00+00:00,6838.00000,6847.50000,6836.75000,6843.25000
2026-02-13T08:00:00+00:00,6843.50000,6849.75000,6827.50000,6845.75000
2026-02-13T09:00:00+00:00,6845.75000,6854.50000,6837.00000,6846.75000
2026-02-13T10:00:00+00:00,6846.50000,6853.75000,6837.75000,6838.00000
2026-02-13T11:00:00+00:00,6838.25000,6839.75000,6820.00000,6837.00000
2026-02-13T12:00:00+00:00,6837.00000,6843.50000,6827.75000,6835.50000
2026-02-13T13:00:00+00:00,6835.25000,6865.00000,6821.25000,6855.00000
2026-02-13T14:00:00+00:00,6854.75000,6862.75000,6808.75000,6833.50000
2026-02-13T15:00:00+00:00,6833.25000,6880.75000,6832.75000,6860.00000
2026-02-13T16:00:00+00:00,6860.25000,6890.25000,6852.75000,6882.50000
2026-02-13T17:00:00+00:00,6882.50000,6897.75000,6879.75000,6886.25000
2026-02-13T18:00:00+00:00,6886.25000,6897.75000,6875.50000,6881.25000
2026-02-13T19:00:00+00:00,6881.75000,6888.50000,6856.75000,6858.75000
2026-02-13T20:00:00+00:00,6858.75000,6867.75000,6832.75000,6850.25000
2026-02-13T21:00:00+00:00,6850.25000,6856.50000,6845.25000,6845.25000
2026-02-15T23:00:00+00:00,6850.50000,6861.50000,6850.50000,6860.50000
2026-02-16T00:00:00+00:00,6860.50000,6865.00000,6855.75000,6862.75000
2026-02-16T01:00:00+00:00,6862.75000,6870.75000,6861.25000,6869.00000
2026-02-16T02:00:00+00:00,6869.00000,6871.50000,6862.00000,6863.00000
2026-02-16T03:00:00+00:00,6863.00000,6864.25000,6858.25000,6862.00000
2026-02-16T04:00:00+00:00,6862.00000,6865.25000,6860.75000,6861.75000
2026-02-17T05:00:00+00:00,6819.50000,6822.00000,6810.00000,6813.50000
2026-02-17T06:00:00+00:00,6813.50000,6825.75000,6813.25000,6824.25000
2026-02-17T07:00:00+00:00,6824.25000,6831.50000,6814.00000,6830.75000
2026-02-17T08:00:00+00:00,6830.75000,6848.00000,6829.25000,6832.50000
2026-02-17T09:00:00+00:00,6832.50000,6843.00000,6830.25000,6841.25000
2026-02-17T10:00:00+00:00,6841.00000,6843.75000,6823.75000,6825.75000
2026-02-17T11:00:00+00:00,6825.75000,6835.25000,6821.00000,6832.25000
2026-02-17T12:00:00+00:00,6832.25000,6838.75000,6818.00000,6819.50000
2026-02-17T13:00:00+00:00,6819.50000,6844.50000,6805.75000,6826.00000
2026-02-17T14:00:00+00:00,6825.75000,6862.00000,6797.75000,6799.75000
2026-02-17T15:00:00+00:00,6799.75000,6831.25000,6791.00000,6819.75000
2026-02-17T16:00:00+00:00,6819.50000,6866.75000,6818.00000,6858.75000
2026-02-17T17:00:00+00:00,6858.50000,6859.75000,6825.25000,6844.25000
2026-02-17T18:00:00+00:00,6844.25000,6881.50000,6832.25000,6875.25000
2026-02-17T19:00:00+00:00,6875.25000,6883.75000,6868.50000,6870.00000
2026-02-17T20:00:00+00:00,6870.00000,6875.50000,6853.50000,6862.25000
2026-02-17T21:00:00+00:00,6862.25000,6869.75000,6857.75000,6862.25000
2026-02-17T23:00:00+00:00,6862.75000,6864.75000,6848.75000,6850.25000
2026-02-18T00:00:00+00:00,6850.25000,6859.50000,6849.75000,6852.50000
2026-02-18T01:00:00+00:00,6852.25000,6857.25000,6849.50000,6857.00000
2026-02-18T02:00:00+00:00,6857.00000,6861.75000,6855.00000,6859.00000
2026-02-18T03:00:00+00:00,6859.00000,6867.50000,6854.75000,6866.25000
2026-02-18T04:00:00+00:00,6866.25000,6875.00000,6864.75000,6874.75000
2026-02-18T05:00:00+00:00,6873.50000,6877.25000,6872.50000,6873.50000
2026-02-18T06:00:00+00:00,6873.50000,6878.50000,6870.50000,6874.00000
2026-02-18T07:00:00+00:00,6873.75000,6878.75000,6870.25000,6877.25000
2026-02-18T08:00:00+00:00,6877.25000,6895.75000,6877.25000,6894.25000
2026-02-18T09:00:00+00:00,6894.25000,6904.00000,6893.75000,6896.00000
2026-02-18T10:00:00+00:00,6896.00000,6902.75000,6895.25000,6898.25000
2026-02-18T11:00:00+00:00,6898.25000,6899.25000,6888.50000,6889.50000
2026-02-18T12:00:00+00:00,6889.50000,6899.50000,6874.75000,6885.75000
2026-02-18T13:00:00+00:00,6885.75000,6894.00000,6871.00000,6873.75000
2026-02-18T14:00:00+00:00,6873.75000,6897.75000,6861.50000,6895.50000
2026-02-18T15:00:00+00:00,6895.50000,6921.50000,6894.75000,6919.50000
2026-02-18T16:00:00+00:00,6919.25000,6923.75000,6908.75000,6909.00000
2026-02-18T17:00:00+00:00,6909.25000,6923.00000,6907.50000,6919.25000
2026-02-18T18:00:00+00:00,6919.00000,6925.75000,6894.25000,6903.50000
2026-02-18T19:00:00+00:00,6903.25000,6907.50000,6873.75000,6879.25000
2026-02-18T20:00:00+00:00,6879.50000,6905.75000,6872.50000,6895.25000
2026-02-18T21:00:00+00:00,6895.25000,6897.00000,6889.50000,6892.00000
2026-02-18T23:00:00+00:00,6891.75000,6902.25000,6890.50000,6894.75000
2026-02-19T00:00:00+00:00,6894.75000,6896.25000,6886.75000,6891.75000
2026-02-19T01:00:00+00:00,6891.50000,6901.75000,6890.25000,6897.00000
2026-02-19T02:00:00+00:00,6896.75000,6900.00000,6893.25000,6897.75000
2026-02-19T03:00:00+00:00,6897.75000,6901.25000,6894.50000,6898.00000
2026-02-19T04:00:00+00:00,6898.00000,6900.50000,6893.00000,6893.75000
2026-02-19T05:00:00+00:00,6891.50000,6903.75000,6890.75000,6902.00000
2026-02-19T06:00:00+00:00,6902.00000,6906.50000,6900.00000,6906.25000
2026-02-19T07:00:00+00:00,6906.25000,6911.50000,6903.75000,6905.50000
2026-02-19T08:00:00+00:00,6905.50000,6912.50000,6889.50000,6891.75000
2026-02-19T09:00:00+00:00,6891.75000,6895.50000,6872.25000,6881.25000
2026-02-19T10:00:00+00:00,6881.25000,6882.25000,6866.25000,6873.00000
2026-02-19T11:00:00+00:00,6873.00000,6879.75000,6869.00000,6878.75000
2026-02-19T12:00:00+00:00,6878.50000,6886.25000,6868.00000,6879.75000
2026-02-19T13:00:00+00:00,6879.75000,6881.50000,6862.00000,6872.00000
2026-02-19T14:00:00+00:00,6871.75000,6890.75000,6857.00000,6882.50000
2026-02-19T15:00:00+00:00,6882.75000,6894.50000,6869.75000,6886.00000
2026-02-19T16:00:00+00:00,6886.00000,6891.00000,6859.50000,6867.75000
2026-02-19T17:00:00+00:00,6867.75000,6880.50000,6853.50000,6856.50000
2026-02-19T18:00:00+00:00,6856.50000,6871.00000,6847.75000,6869.75000
2026-02-19T19:00:00+00:00,6869.75000,6873.00000,6851.00000,6857.75000
2026-02-19T20:00:00+00:00,6857.50000,6878.75000,6857.50000,6878.25000
2026-02-19T21:00:00+00:00,6878.25000,6883.50000,6871.25000,6872.25000
2026-02-19T23:00:00+00:00,6874.25000,6882.50000,6871.25000,6880.00000
2026-02-20T00:00:00+00:00,6880.25000,6887.50000,6876.00000,6886.50000
2026-02-20T01:00:00+00:00,6886.75000,6892.75000,6886.00000,6888.50000
2026-02-20T02:00:00+00:00,6888.50000,6893.50000,6883.75000,6888.00000
2026-02-20T03:00:00+00:00,6887.75000,6890.00000,6886.25000,6886.50000
2026-02-20T04:00:00+00:00,6886.50000,6891.25000,6885.50000,6888.75000
2026-02-20T05:00:00+00:00,6890.50000,6898.25000,6890.50000,6897.50000
2026-02-20T06:00:00+00:00,6897.50000,6900.00000,6894.75000,6897.00000
2026-02-20T07:00:00+00:00,6896.75000,6899.00000,6890.25000,6893.00000
2026-02-20T08:00:00+00:00,6893.00000,6896.75000,6887.25000,6895.75000
2026-02-20T09:00:00+00:00,6895.50000,6904.75000,6891.50000,6892.50000
2026-02-20T10:00:00+00:00,6892.75000,6894.25000,6882.75000,6882.75000
2026-02-20T11:00:00+00:00,6883.00000,6883.00000,6866.00000,6869.00000
2026-02-20T12:00:00+00:00,6868.75000,6874.25000,6860.50000,6869.75000
2026-02-20T13:00:00+00:00,6869.75000,6877.50000,6851.25000,6861.50000
2026-02-20T14:00:00+00:00,6861.50000,6884.00000,6847.25000,6878.75000
2026-02-20T15:00:00+00:00,6880.00000,6925.00000,6872.25000,6919.00000
2026-02-20T16:00:00+00:00,6919.00000,6923.25000,6889.25000,6916.75000
2026-02-20T17:00:00+00:00,6916.50000,6919.75000,6871.00000,6905.25000
2026-02-20T18:00:00+00:00,6905.00000,6931.50000,6887.75000,6924.00000
2026-02-20T19:00:00+00:00,6924.25000,6929.00000,6908.75000,6911.25000
2026-02-20T20:00:00+00:00,6911.50000,6926.25000,6911.00000,6924.75000
2026-02-20T21:00:00+00:00,6924.75000,6929.00000,6922.50000,6923.25000
2026-02-22T23:00:00+00:00,6916.50000,6920.75000,6900.25000,6906.25000
2026-02-23T00:00:00+00:00,6906.00000,6906.00000,6878.25000,6879.25000
2026-02-23T01:00:00+00:00,6879.25000,6885.25000,6874.75000,6875.50000
2026-02-23T02:00:00+00:00,6875.25000,6878.50000,6870.25000,6874.50000
2026-02-23T03:00:00+00:00,6874.50000,6878.00000,6869.00000,6872.75000
2026-02-23T04:00:00+00:00,6873.00000,6875.25000,6867.50000,6870.75000
2026-02-23T05:00:00+00:00,6871.50000,6875.00000,6867.50000,6874.00000
2026-02-23T06:00:00+00:00,6874.25000,6879.75000,6873.00000,6879.25000
2026-02-23T07:00:00+00:00,6879.25000,6887.75000,6878.50000,6885.50000
2026-02-23T08:00:00+00:00,6885.75000,6891.75000,6881.75000,6891.00000
2026-02-23T09:00:00+00:00,6891.25000,6910.00000,6891.25000,6907.50000
2026-02-23T10:00:00+00:00,6908.00000,6913.25000,6899.75000,6906.50000
2026-02-23T11:00:00+00:00,6906.75000,6911.25000,6892.75000,6897.50000
2026-02-23T12:00:00+00:00,6897.25000,6900.75000,6886.25000,6889.50000
2026-02-23T13:00:00+00:00,6889.50000,6903.50000,6886.00000,6899.75000
2026-02-23T14:00:00+00:00,6899.75000,6930.25000,6892.50000,6895.00000
2026-02-23T15:00:00+00:00,6894.75000,6902.00000,6851.00000,6852.00000
2026-02-23T16:00:00+00:00,6851.75000,6860.25000,6832.75000,6849.00000
2026-02-23T17:00:00+00:00,6849.00000,6854.25000,6835.00000,6850.00000
2026-02-23T18:00:00+00:00,6849.75000,6869.25000,6847.75000,6849.50000
2026-02-23T19:00:00+00:00,6849.50000,6852.25000,6834.75000,6840.00000
2026-02-23T20:00:00+00:00,6840.00000,6854.50000,6835.75000,6854.25000
2026-02-23T21:00:00+00:00,6854.00000,6859.00000,6851.00000,6858.25000
2026-02-23T23:00:00+00:00,6858.25000,6864.00000,6854.75000,6857.25000
2026-02-24T00:00:00+00:00,6857.25000,6863.25000,6853.00000,6861.25000
2026-02-24T01:00:00+00:00,6861.25000,6863.75000,6856.75000,6862.00000
2026-02-24T02:00:00+00:00,6862.00000,6872.25000,6860.50000,6870.25000
2026-02-24T03:00:00+00:00,6870.25000,6872.50000,6869.50000,6870.50000
2026-02-24T04:00:00+00:00,6870.25000,6873.00000,6868.75000,6872.50000
2026-02-24T05:00:00+00:00,6874.25000,6875.00000,6862.75000,6865.25000
2026-02-24T06:00:00+00:00,6865.25000,6867.75000,6861.75000,6866.75000
2026-02-24T07:00:00+00:00,6866.50000,6873.00000,6865.50000,6866.25000
2026-02-24T08:00:00+00:00,6866.25000,6866.50000,6850.25000,6855.75000
2026-02-24T09:00:00+00:00,6855.75000,6868.25000,6855.50000,6868.00000
2026-02-24T10:00:00+00:00,6868.00000,6871.25000,6862.50000,6866.00000
2026-02-24T11:00:00+00:00,6866.25000,6869.25000,6859.75000,6864.50000
2026-02-24T12:00:00+00:00,6864.50000,6871.50000,6845.75000,6850.00000
2026-02-24T13:00:00+00:00,6850.25000,6866.25000,6849.25000,6863.25000
2026-02-24T14:00:00+00:00,6863.25000,6883.75000,6828.50000,6861.00000
2026-02-24T15:00:00+00:00,6861.00000,6895.00000,6848.75000,6883.00000
2026-02-24T16:00:00+00:00,6882.75000,6898.25000,6880.75000,6894.00000
2026-02-24T17:00:00+00:00,6893.75000,6907.50000,6893.25000,6903.25000
2026-02-24T18:00:00+00:00,6903.25000,6910.50000,6898.00000,6903.75000
2026-02-24T19:00:00+00:00,6903.75000,6906.00000,6895.75000,6900.75000
2026-02-24T20:00:00+00:00,6900.50000,6912.75000,6894.00000,6903.00000
2026-02-24T21:00:00+00:00,6903.25000,6905.00000,6899.00000,6900.00000
2026-02-24T23:00:00+00:00,6900.25000,6906.00000,6895.75000,6904.25000
2026-02-25T00:00:00+00:00,6904.25000,6909.75000,6899.25000,6908.50000
2026-02-25T01:00:00+00:00,6908.50000,6916.25000,6907.00000,6914.50000
2026-02-25T02:00:00+00:00,6914.50000,6917.50000,6912.25000,6916.75000
2026-02-25T03:00:00+00:00,6916.75000,6916.75000,6892.25000,6910.00000
2026-02-25T04:00:00+00:00,6910.00000,6910.25000,6903.25000,6906.00000
2026-02-25T05:00:00+00:00,6908.25000,6910.25000,6902.75000,6904.25000
2026-02-25T06:00:00+00:00,6904.00000,6909.50000,6902.50000,6905.50000
2026-02-25T07:00:00+00:00,6905.75000,6908.25000,6901.00000,6903.75000
2026-02-25T08:00:00+00:00,6903.50000,6914.50000,6903.50000,6912.25000
2026-02-25T09:00:00+00:00,6912.00000,6915.75000,6909.00000,6914.75000
2026-02-25T10:00:00+00:00,6915.00000,6917.50000,6911.00000,6912.25000
2026-02-25T11:00:00+00:00,6912.25000,6924.25000,6911.25000,6924.00000
2026-02-25T12:00:00+00:00,6923.75000,6928.75000,6920.00000,6926.25000
2026-02-25T13:00:00+00:00,6926.25000,6929.50000,6922.00000,6927.00000
2026-02-25T14:00:00+00:00,6927.25000,6949.00000,6926.75000,6942.00000
2026-02-25T15:00:00+00:00,6942.00000,6944.75000,6930.25000,6937.00000
2026-02-25T16:00:00+00:00,6937.00000,6953.00000,6935.75000,6949.25000
2026-02-25T17:00:00+00:00,6949.50000,6954.75000,6946.75000,6954.50000
2026-02-25T18:00:00+00:00,6954.50000,6956.00000,6950.75000,6953.75000
2026-02-25T19:00:00+00:00,6954.00000,6962.00000,6953.75000,6959.50000
2026-02-25T20:00:00+00:00,6959.50000,6965.75000,6956.00000,6959.50000
2026-02-25T21:00:00+00:00,6959.50000,6983.75000,6958.25000,6975.50000
2026-02-25T23:00:00+00:00,6965.00000,6969.25000,6941.75000,6948.50000
2026-02-26T00:00:00+00:00,6948.50000,6954.75000,6946.00000,6950.00000
2026-02-26T01:00:00+00:00,6950.00000,6952.50000,6941.25000,6951.50000
2026-02-26T02:00:00+00:00,6951.50000,6952.75000,6946.25000,6949.50000
2026-02-26T03:00:00+00:00,6949.50000,6953.25000,6947.50000,6949.00000
2026-02-26T04:00:00+00:00,6949.00000,6950.50000,6947.25000,6948.50000
2026-02-26T05:00:00+00:00,6945.25000,6948.00000,6943.75000,6947.00000
2026-02-26T06:00:00+00:00,6947.25000,6954.00000,6947.00000,6949.75000
2026-02-26T07:00:00+00:00,6949.75000,6955.75000,6949.50000,6951.25000
2026-02-26T08:00:00+00:00,6951.25000,6960.25000,6950.50000,6952.75000
2026-02-26T09:00:00+00:00,6952.75000,6963.50000,6951.75000,6958.75000
2026-02-26T10:00:00+00:00,6958.75000,6960.75000,6951.50000,6953.50000
2026-02-26T11:00:00+00:00,6953.75000,6958.75000,6952.25000,6957.25000
2026-02-26T12:00:00+00:00,6957.00000,6965.25000,6956.75000,6962.00000
2026-02-26T13:00:00+00:00,6962.00000,6970.75000,6960.75000,6966.50000
2026-02-26T14:00:00+00:00,6966.50000,6968.25000,6931.75000,6934.50000
2026-02-26T15:00:00+00:00,6934.50000,6938.25000,6870.75000,6905.00000
2026-02-26T16:00:00+00:00,6904.75000,6918.75000,6887.75000,6889.75000
2026-02-26T17:00:00+00:00,6889.75000,6898.50000,6877.50000,6881.75000
2026-02-26T18:00:00+00:00,6882.00000,6909.75000,6874.25000,6901.50000
2026-02-26T19:00:00+00:00,6901.75000,6924.75000,6899.25000,6918.25000
2026-02-26T20:00:00+00:00,6918.25000,6926.25000,6914.00000,6921.25000
2026-02-26T21:00:00+00:00,6921.25000,6922.50000,6902.75000,6903.75000
2026-02-26T23:00:00+00:00,6899.00000,6900.75000,6882.50000,6892.50000
2026-02-27T00:00:00+00:00,6892.50000,6899.25000,6883.00000,6890.75000
2026-02-27T01:00:00+00:00,6891.00000,6897.25000,6887.75000,6892.75000
2026-02-27T02:00:00+00:00,6893.00000,6899.75000,6892.75000,6899.50000
2026-02-27T03:00:00+00:00,6899.50000,6900.25000,6894.00000,6898.25000
2026-02-27T04:00:00+00:00,6898.50000,6901.50000,6896.25000,6898.75000
2026-02-27T05:00:00+00:00,6902.00000,6907.00000,6900.50000,6901.25000
2026-02-27T06:00:00+00:00,6901.50000,6903.25000,6892.50000,6900.50000
2026-02-27T07:00:00+00:00,6900.50000,6908.25000,6900.50000,6907.00000
2026-02-27T08:00:00+00:00,6907.00000,6911.25000,6899.75000,6907.50000
2026-02-27T09:00:00+00:00,6907.50000,6915.50000,6900.25000,6901.50000
2026-02-27T10:00:00+00:00,6901.50000,6902.50000,6887.00000,6894.50000
2026-02-27T11:00:00+00:00,6894.75000,6896.50000,6878.50000,6885.00000
2026-02-27T12:00:00+00:00,6885.00000,6893.75000,6873.75000,6877.75000
2026-02-27T13:00:00+00:00,6877.75000,6882.50000,6851.00000,6865.50000
2026-02-27T14:00:00+00:00,6865.75000,6867.50000,6841.50000,6853.50000
2026-02-27T15:00:00+00:00,6853.50000,6885.75000,6851.50000,6877.25000
2026-02-27T16:00:00+00:00,6877.50000,6888.25000,6870.75000,6873.75000
2026-02-27T17:00:00+00:00,6873.75000,6888.25000,6858.00000,6869.25000
2026-02-27T18:00:00+00:00,6869.00000,6872.25000,6855.75000,6865.00000
2026-02-27T19:00:00+00:00,6864.75000,6875.25000,6855.00000,6858.50000
2026-02-27T20:00:00+00:00,6858.50000,6894.00000,6858.50000,6888.00000
2026-02-27T21:00:00+00:00,6888.00000,6889.00000,6873.00000,6876.00000
2026-03-01T23:00:00+00:00,6830.25000,6838.50000,6814.50000,6816.75000
2026-03-02T00:00:00+00:00,6817.00000,6831.50000,6809.25000,6829.75000
2026-03-02T01:00:00+00:00,6829.50000,6857.00000,6829.00000,6849.75000
2026-03-02T02:00:00+00:00,6849.75000,6853.00000,6835.00000,6840.00000
2026-03-02T03:00:00+00:00,6840.25000,6843.25000,6835.00000,6836.75000
2026-03-02T04:00:00+00:00,6837.00000,6844.25000,6827.25000,6831.00000
2026-03-02T05:00:00+00:00,6830.50000,6833.00000,6814.50000,6815.25000
2026-03-02T06:00:00+00:00,6815.25000,6820.25000,6787.00000,6798.50000
2026-03-02T07:00:00+00:00,6798.50000,6801.75000,6782.25000,6784.50000
2026-03-02T08:00:00+00:00,6784.75000,6800.25000,6768.50000,6792.25000
2026-03-02T09:00:00+00:00,6792.00000,6817.75000,6789.25000,6812.50000
2026-03-02T10:00:00+00:00,6812.25000,6826.50000,6812.00000,6818.75000
2026-03-02T11:00:00+00:00,6819.00000,6831.50000,6812.50000,6820.00000
2026-03-02T12:00:00+00:00,6819.50000,6824.25000,6805.00000,6811.25000
2026-03-02T13:00:00+00:00,6811.25000,6833.25000,6804.25000,6807.50000
2026-03-02T14:00:00+00:00,6807.75000,6858.00000,6802.25000,6853.75000
2026-03-02T15:00:00+00:00,6853.75000,6877.75000,6843.75000,6866.00000
2026-03-02T16:00:00+00:00,6866.00000,6894.50000,6853.25000,6887.00000
2026-03-02T17:00:00+00:00,6887.00000,6897.75000,6881.50000,6896.75000
2026-03-02T18:00:00+00:00,6896.75000,6898.75000,6876.25000,6877.00000
2026-03-02T19:00:00+00:00,6876.75000,6911.25000,6876.00000,6906.50000
2026-03-02T20:00:00+00:00,6906.75000,6908.00000,6872.75000,6887.00000
2026-03-02T21:00:00+00:00,6887.25000,6888.25000,6878.50000,6884.50000
2026-03-02T23:00:00+00:00,6883.50000,6886.00000,6870.75000,6877.00000
2026-03-03T00:00:00+00:00,6877.00000,6879.75000,6866.00000,6867.25000
2026-03-03T01:00:00+00:00,6867.25000,6875.50000,6853.25000,6854.25000
2026-03-03T02:00:00+00:00,6854.25000,6855.75000,6840.00000,6850.50000
2026-03-03T03:00:00+00:00,6850.50000,6855.75000,6841.75000,6848.75000
2026-03-03T04:00:00+00:00,6848.75000,6852.00000,6834.50000,6836.25000
2026-03-03T05:00:00+00:00,6840.00000,6841.75000,6828.75000,6831.00000
2026-03-03T06:00:00+00:00,6831.25000,6836.75000,6824.50000,6827.75000
2026-03-03T07:00:00+00:00,6827.75000,6830.75000,6812.25000,6814.00000
2026-03-03T08:00:00+00:00,6813.75000,6816.25000,6775.75000,6777.75000
2026-03-03T09:00:00+00:00,6777.75000,6794.50000,6766.25000,6767.75000
2026-03-03T10:00:00+00:00,6767.75000,6773.75000,6751.00000,6764.25000
2026-03-03T11:00:00+00:00,6763.75000,6780.00000,6742.75000,6773.75000
2026-03-03T12:00:00+00:00,6773.75000,6801.00000,6771.50000,6793.00000
2026-03-03T13:00:00+00:00,6793.50000,6795.50000,6759.25000,6768.75000
2026-03-03T14:00:00+00:00,6768.75000,6794.00000,6741.50000,6746.25000
2026-03-03T15:00:00+00:00,6746.25000,6762.00000,6718.75000,6741.75000
2026-03-03T16:00:00+00:00,6742.00000,6807.75000,6739.75000,6798.75000
2026-03-03T17:00:00+00:00,6798.75000,6808.00000,6783.75000,6797.25000
2026-03-03T18:00:00+00:00,6797.00000,6842.75000,6797.00000,6836.25000
2026-03-03T19:00:00+00:00,6836.25000,6849.75000,6816.00000,6836.00000
2026-03-03T20:00:00+00:00,6836.00000,6843.25000,6815.25000,6825.75000
2026-03-03T21:00:00+00:00,6825.75000,6826.50000,6809.75000,6814.00000
2026-03-03T23:00:00+00:00,6813.25000,6824.75000,6805.50000,6810.50000
2026-03-04T00:00:00+00:00,6811.00000,6833.00000,6806.00000,6821.00000
2026-03-04T01:00:00+00:00,6821.00000,6826.25000,6795.25000,6806.75000
2026-03-04T02:00:00+00:00,6807.00000,6812.50000,6787.75000,6799.75000
2026-03-04T03:00:00+00:00,6799.75000,6800.00000,6777.50000,6793.50000
2026-03-04T04:00:00+00:00,6793.25000,6802.00000,6786.75000,6793.50000
2026-03-04T05:00:00+00:00,6790.75000,6798.25000,6780.25000,6788.50000
2026-03-04T06:00:00+00:00,6788.50000,6795.00000,6773.50000,6790.75000
2026-03-04T07:00:00+00:00,6790.50000,6812.25000,6782.50000,6807.25000
2026-03-04T08:00:00+00:00,6807.50000,6813.00000,6795.25000,6803.50000
2026-03-04T09:00:00+00:00,6803.75000,6826.50000,6797.00000,6825.00000
2026-03-04T10:00:00+00:00,6825.00000,6848.50000,6821.75000,6842.75000
2026-03-04T11:00:00+00:00,6843.00000,6855.00000,6832.25000,6832.50000
2026-03-04T12:00:00+00:00,6832.75000,6843.00000,6813.00000,6827.75000
2026-03-04T13:00:00+00:00,6827.75000,6856.75000,6827.00000,6848.25000
2026-03-04T14:00:00+00:00,6847.75000,6857.75000,6817.75000,6836.25000
2026-03-04T15:00:00+00:00,6836.25000,6886.25000,6831.00000,6881.00000
2026-03-04T16:00:00+00:00,6881.25000,6889.75000,6864.25000,6880.50000
2026-03-04T17:00:00+00:00,6880.75000,6887.25000,6868.50000,6885.00000
2026-03-04T18:00:00+00:00,6885.00000,6891.75000,6876.50000,6888.50000
2026-03-04T19:00:00+00:00,6888.50000,6894.00000,6886.75000,6891.25000
2026-03-04T20:00:00+00:00,6891.00000,6893.00000,6873.50000,6873.50000
2026-03-04T21:00:00+00:00,6873.50000,6882.25000,6866.00000,6879.00000
2026-03-04T23:00:00+00:00,6883.25000,6889.25000,6878.25000,6885.50000
2026-03-05T00:00:00+00:00,6885.25000,6900.75000,6883.75000,6892.50000
2026-03-05T01:00:00+00:00,6892.50000,6893.25000,6857.25000,6863.50000
2026-03-05T02:00:00+00:00,6863.50000,6873.00000,6857.25000,6865.50000
2026-03-05T03:00:00+00:00,6865.50000,6868.25000,6850.25000,6856.75000
2026-03-05T04:00:00+00:00,6856.25000,6869.50000,6853.25000,6867.50000
2026-03-05T05:00:00+00:00,6867.75000,6869.00000,6854.00000,6854.50000
2026-03-05T06:00:00+00:00,6854.50000,6867.00000,6844.50000,6866.75000
2026-03-05T07:00:00+00:00,6866.75000,6868.25000,6855.50000,6863.25000
2026-03-05T08:00:00+00:00,6863.25000,6864.25000,6840.50000,6858.00000
2026-03-05T09:00:00+00:00,6857.75000,6894.00000,6856.25000,6871.50000
2026-03-05T10:00:00+00:00,6871.75000,6878.00000,6865.00000,6869.75000
2026-03-05T11:00:00+00:00,6870.00000,6880.50000,6865.50000,6867.00000
2026-03-05T12:00:00+00:00,6867.25000,6880.75000,6856.50000,6862.75000
2026-03-05T13:00:00+00:00,6863.00000,6864.50000,6842.75000,6844.50000
2026-03-05T14:00:00+00:00,6844.75000,6873.00000,6835.75000,6872.75000
2026-03-05T15:00:00+00:00,6872.50000,6877.50000,6814.25000,6842.75000
2026-03-05T16:00:00+00:00,6842.75000,6845.25000,6811.00000,6831.75000
2026-03-05T17:00:00+00:00,6832.00000,6845.75000,6781.00000,6785.75000
2026-03-05T18:00:00+00:00,6785.50000,6803.75000,6779.25000,6787.25000
2026-03-05T19:00:00+00:00,6787.25000,6799.25000,6777.00000,6791.75000
2026-03-05T20:00:00+00:00,6791.75000,6839.00000,6784.75000,6835.00000
2026-03-05T21:00:00+00:00,6835.00000,6835.50000,6821.50000,6824.75000
2026-03-05T23:00:00+00:00,6826.00000,6843.00000,6822.25000,6841.00000
2026-03-06T00:00:00+00:00,6841.00000,6850.25000,6840.75000,6842.75000
2026-03-06T01:00:00+00:00,6842.25000,6845.75000,6833.25000,6839.00000
2026-03-06T02:00:00+00:00,6839.00000,6847.50000,6836.50000,6836.75000
2026-03-06T03:00:00+00:00,6836.75000,6848.00000,6836.75000,6847.25000
2026-03-06T04:00:00+00:00,6847.25000,6853.00000,6843.50000,6846.50000
2026-03-06T05:00:00+00:00,6848.75000,6854.00000,6845.50000,6847.25000
2026-03-06T06:00:00+00:00,6847.50000,6850.75000,6842.25000,6843.75000
2026-03-06T07:00:00+00:00,6843.75000,6850.50000,6840.25000,6847.50000
2026-03-06T08:00:00+00:00,6847.50000,6848.00000,6829.25000,6837.75000
2026-03-06T09:00:00+00:00,6838.00000,6840.25000,6798.50000,6805.50000
2026-03-06T10:00:00+00:00,6805.75000,6822.25000,6805.00000,6814.75000
2026-03-06T11:00:00+00:00,6814.75000,6817.75000,6789.25000,6793.75000
2026-03-06T12:00:00+00:00,6793.75000,6802.25000,6783.75000,6789.75000
2026-03-06T13:00:00+00:00,6789.50000,6805.50000,6738.25000,6745.00000
2026-03-06T14:00:00+00:00,6745.00000,6759.25000,6715.75000,6727.00000
2026-03-06T15:00:00+00:00,6727.25000,6778.00000,6726.00000,6768.00000
2026-03-06T16:00:00+00:00,6768.00000,6779.00000,6752.75000,6768.50000
2026-03-06T17:00:00+00:00,6768.75000,6777.50000,6739.00000,6749.50000
2026-03-06T18:00:00+00:00,6749.75000,6780.50000,6748.25000,6759.00000
2026-03-06T19:00:00+00:00,6759.25000,6775.25000,6756.50000,6768.75000
2026-03-06T20:00:00+00:00,6768.50000,6778.75000,6729.25000,6742.50000
2026-03-06T21:00:00+00:00,6742.50000,6745.25000,6730.00000,6740.00000
2026-03-08T22:00:00+00:00,6617.75000,6642.00000,6617.75000,6641.00000
2026-03-08T23:00:00+00:00,6641.00000,6646.75000,6620.25000,6628.25000
2026-03-09T00:00:00+00:00,6628.50000,6637.75000,6613.00000,6619.00000
2026-03-09T01:00:00+00:00,6619.50000,6623.00000,6589.75000,6590.75000
2026-03-09T02:00:00+00:00,6591.00000,6608.75000,6584.50000,6603.50000
2026-03-09T03:00:00+00:00,6603.50000,6614.50000,6602.75000,6610.00000
2026-03-09T04:00:00+00:00,6609.50000,6621.00000,6609.50000,6611.25000
2026-03-09T05:00:00+00:00,6611.75000,6643.75000,6608.25000,6642.25000
2026-03-09T06:00:00+00:00,6642.50000,6651.75000,6629.00000,6632.75000
2026-03-09T07:00:00+00:00,6632.50000,6648.50000,6624.25000,6642.75000
2026-03-09T08:00:00+00:00,6643.00000,6660.50000,6633.75000,6656.50000
2026-03-09T09:00:00+00:00,6656.75000,6701.50000,6649.25000,6683.25000
2026-03-09T10:00:00+00:00,6683.25000,6686.25000,6661.50000,6667.00000
2026-03-09T11:00:00+00:00,6667.25000,6677.50000,6660.75000,6668.25000
2026-03-09T12:00:00+00:00,6668.25000,6690.75000,6661.75000,6670.25000
2026-03-09T13:00:00+00:00,6670.50000,6693.75000,6644.25000,6658.00000
2026-03-09T14:00:00+00:00,6658.25000,6701.50000,6641.00000,6693.50000
2026-03-09T15:00:00+00:00,6693.50000,6717.25000,6693.50000,6712.50000
2026-03-09T16:00:00+00:00,6712.75000,6741.00000,6709.50000,6730.75000
2026-03-09T17:00:00+00:00,6730.75000,6731.75000,6698.75000,6705.75000
2026-03-09T18:00:00+00:00,6705.75000,6731.25000,6705.50000,6719.25000
2026-03-09T19:00:00+00:00,6719.25000,6818.50000,6717.00000,6801.75000
2026-03-09T20:00:00+00:00,6801.75000,6808.50000,6781.25000,6793.75000
2026-03-09T22:00:00+00:00,6800.75000,6800.75000,6774.00000,6778.25000
2026-03-09T23:00:00+00:00,6778.50000,6782.75000,6766.00000,6771.75000
2026-03-10T00:00:00+00:00,6771.75000,6791.50000,6762.50000,6782.50000
2026-03-10T01:00:00+00:00,6782.50000,6796.00000,6780.50000,6792.25000
2026-03-10T02:00:00+00:00,6792.25000,6794.75000,6775.25000,6778.50000
2026-03-10T03:00:00+00:00,6778.50000,6787.25000,6764.50000,6772.50000
2026-03-10T04:00:00+00:00,6772.25000,6780.00000,6770.00000,6777.50000
2026-03-10T05:00:00+00:00,6777.50000,6791.00000,6777.25000,6789.75000
2026-03-10T06:00:00+00:00,6790.00000,6795.50000,6786.25000,6790.25000
2026-03-10T07:00:00+00:00,6790.00000,6820.50000,6786.50000,6819.25000
2026-03-10T08:00:00+00:00,6819.50000,6833.50000,6815.75000,6820.00000
2026-03-10T09:00:00+00:00,6820.25000,6832.50000,6818.50000,6820.25000
2026-03-10T10:00:00+00:00,6820.25000,6821.25000,6802.75000,6814.00000
2026-03-10T11:00:00+00:00,6814.00000,6824.00000,6787.00000,6790.00000
2026-03-10T12:00:00+00:00,6790.00000,6792.75000,6768.75000,6785.50000
2026-03-10T13:00:00+00:00,6785.75000,6806.00000,6772.00000,6776.00000
2026-03-10T14:00:00+00:00,6775.50000,6829.75000,6765.00000,6829.25000
2026-03-10T15:00:00+00:00,6829.25000,6837.50000,6820.25000,6831.50000
2026-03-10T16:00:00+00:00,6831.75000,6836.25000,6814.50000,6832.50000
2026-03-10T17:00:00+00:00,6832.50000,6852.00000,6824.50000,6838.50000
2026-03-10T18:00:00+00:00,6838.25000,6840.00000,6791.00000,6802.50000
2026-03-10T19:00:00+00:00,6802.75000,6813.00000,6779.75000,6788.00000
2026-03-10T20:00:00+00:00,6788.00000,6801.25000,6786.75000,6797.25000
2026-03-10T22:00:00+00:00,6796.75000,6797.25000,6782.50000,6787.00000
2026-03-10T23:00:00+00:00,6787.25000,6799.50000,6786.00000,6797.00000
2026-03-11T00:00:00+00:00,6797.25000,6813.50000,6795.75000,6808.50000
2026-03-11T01:00:00+00:00,6808.75000,6819.25000,6806.75000,6816.50000
2026-03-11T02:00:00+00:00,6816.50000,6819.50000,6812.75000,6816.25000
2026-03-11T03:00:00+00:00,6816.25000,6822.50000,6814.00000,6821.50000
2026-03-11T04:00:00+00:00,6820.25000,6821.25000,6814.25000,6815.25000
2026-03-11T05:00:00+00:00,6815.50000,6816.25000,6802.00000,6803.00000
2026-03-11T06:00:00+00:00,6803.00000,6808.50000,6798.50000,6806.00000
2026-03-11T07:00:00+00:00,6806.00000,6807.50000,6783.75000,6794.75000
2026-03-11T08:00:00+00:00,6795.00000,6800.00000,6775.50000,6782.00000
2026-03-11T09:00:00+00:00,6782.00000,6783.00000,6768.25000,6769.50000
2026-03-11T10:00:00+00:00,6769.75000,6800.50000,6769.00000,6800.00000
2026-03-11T11:00:00+00:00,6800.00000,6806.00000,6773.75000,6779.50000
2026-03-11T12:00:00+00:00,6779.25000,6804.50000,6764.00000,6771.75000
2026-03-11T13:00:00+00:00,6771.75000,6802.00000,6771.00000,6795.75000
2026-03-11T14:00:00+00:00,6796.00000,6818.00000,6768.50000,6797.50000
2026-03-11T15:00:00+00:00,6797.50000,6803.50000,6753.00000,6758.75000
2026-03-11T16:00:00+00:00,6758.50000,6779.75000,6751.50000,6779.25000
2026-03-11T17:00:00+00:00,6779.00000,6784.50000,6749.75000,6766.25000
2026-03-11T18:00:00+00:00,6766.50000,6774.50000,6753.50000,6769.25000
2026-03-11T19:00:00+00:00,6769.25000,6782.50000,6759.75000,6779.75000
2026-03-11T20:00:00+00:00,6779.75000,6782.00000,6768.00000,6769.75000
2026-03-11T22:00:00+00:00,6766.00000,6769.50000,6735.25000,6742.00000
2026-03-11T23:00:00+00:00,6741.75000,6743.00000,6715.25000,6729.25000
2026-03-12T00:00:00+00:00,6729.00000,6731.50000,6715.25000,6728.00000
2026-03-12T01:00:00+00:00,6728.00000,6738.50000,6721.50000,6726.75000
2026-03-12T02:00:00+00:00,6727.00000,6729.50000,6705.75000,6712.25000
2026-03-12T03:00:00+00:00,6712.25000,6718.25000,6706.25000,6712.50000
2026-03-12T04:00:00+00:00,6717.25000,6720.00000,6709.25000,6710.25000
2026-03-12T05:00:00+00:00,6710.50000,6723.25000,6710.25000,6720.75000
2026-03-12T06:00:00+00:00,6720.75000,6731.75000,6715.75000,6730.25000
2026-03-12T07:00:00+00:00,6730.75000,6746.50000,6730.25000,6746.25000
2026-03-12T08:00:00+00:00,6746.00000,6756.50000,6740.25000,6750.00000
2026-03-12T09:00:00+00:00,6750.25000,6758.50000,6733.75000,6757.25000
2026-03-12T10:00:00+00:00,6757.25000,6760.50000,6746.50000,6749.00000
2026-03-12T11:00:00+00:00,6748.25000,6760.75000,6741.50000,6742.75000
2026-03-12T12:00:00+00:00,6743.00000,6744.25000,6728.75000,6737.75000
2026-03-12T13:00:00+00:00,6737.50000,6741.50000,6697.00000,6704.00000
2026-03-12T14:00:00+00:00,6704.00000,6727.75000,6688.25000,6700.50000
2026-03-12T15:00:00+00:00,6700.75000,6719.00000,6684.50000,6708.75000
2026-03-12T16:00:00+00:00,6709.00000,6729.25000,6693.00000,6704.25000
2026-03-12T17:00:00+00:00,6704.25000,6719.25000,6688.75000,6697.50000
2026-03-12T18:00:00+00:00,6697.75000,6708.25000,6688.00000,6689.50000
2026-03-12T19:00:00+00:00,6689.25000,6702.75000,6675.25000,6676.25000
2026-03-12T20:00:00+00:00,6676.25000,6687.50000,6671.75000,6685.25000
2026-03-12T22:00:00+00:00,6684.25000,6693.25000,6677.50000,6690.75000
2026-03-12T23:00:00+00:00,6691.00000,6695.75000,6679.50000,6680.25000
2026-03-13T00:00:00+00:00,6680.00000,6707.75000,6671.00000,6702.50000
2026-03-13T01:00:00+00:00,6702.50000,6711.75000,6700.50000,6702.75000
2026-03-13T02:00:00+00:00,6702.75000,6707.25000,6696.00000,6697.25000
2026-03-13T03:00:00+00:00,6697.25000,6702.75000,6693.25000,6701.75000
2026-03-13T04:00:00+00:00,6701.25000,6701.25000,6688.25000,6691.75000
2026-03-13T05:00:00+00:00,6691.75000,6697.00000,6687.00000,6693.75000
2026-03-13T06:00:00+00:00,6693.50000,6695.00000,6667.50000,6668.25000
2026-03-13T07:00:00+00:00,6668.00000,6669.75000,6650.50000,6656.00000
2026-03-13T08:00:00+00:00,6656.25000,6672.25000,6640.00000,6669.50000
2026-03-13T09:00:00+00:00,6669.50000,6683.75000,6669.25000,6674.50000
2026-03-13T10:00:00+00:00,6674.50000,6694.50000,6673.25000,6694.00000
2026-03-13T11:00:00+00:00,6693.75000,6707.00000,6690.50000,6706.50000
2026-03-13T12:00:00+00:00,6706.50000,6725.25000,6697.75000,6710.25000
2026-03-13T13:00:00+00:00,6710.25000,6737.50000,6702.50000,6719.75000
2026-03-13T14:00:00+00:00,6719.25000,6726.75000,6663.50000,6667.00000
2026-03-13T15:00:00+00:00,6667.00000,6683.25000,6644.50000,6647.50000
2026-03-13T16:00:00+00:00,6647.25000,6666.25000,6645.25000,6647.25000
2026-03-13T17:00:00+00:00,6647.25000,6665.00000,6634.50000,6639.75000
2026-03-13T18:00:00+00:00,6640.00000,6662.00000,6638.25000,6655.75000
2026-03-13T19:00:00+00:00,6655.75000,6655.75000,6627.00000,6637.00000
2026-03-13T20:00:00+00:00,6637.00000,6638.00000,6625.25000,6636.00000
2026-03-15T22:00:00+00:00,6623.50000,6658.25000,6616.00000,6655.50000
2026-03-15T23:00:00+00:00,6656.00000,6663.00000,6641.25000,6649.00000
2026-03-16T00:00:00+00:00,6649.25000,6670.00000,6648.50000,6664.75000
2026-03-16T01:00:00+00:00,6665.00000,6671.75000,6656.00000,6669.75000
2026-03-16T02:00:00+00:00,6669.50000,6670.50000,6658.75000,6661.50000
2026-03-16T03:00:00+00:00,6662.00000,6674.25000,6661.50000,6673.00000
2026-03-16T04:00:00+00:00,6672.50000,6675.50000,6665.25000,6665.25000
2026-03-16T05:00:00+00:00,6665.75000,6678.50000,6665.50000,6677.50000
2026-03-16T06:00:00+00:00,6677.50000,6680.00000,6671.50000,6679.25000
2026-03-16T07:00:00+00:00,6679.25000,6684.00000,6661.50000,6664.75000
2026-03-16T08:00:00+00:00,6664.75000,6679.75000,6659.75000,6666.50000
2026-03-16T09:00:00+00:00,6666.50000,6668.25000,6652.00000,6656.50000
2026-03-16T10:00:00+00:00,6656.25000,6686.75000,6655.25000,6685.25000
2026-03-16T11:00:00+00:00,6685.25000,6691.00000,6676.00000,6688.25000
2026-03-16T12:00:00+00:00,6688.25000,6704.50000,6688.25000,6694.75000
2026-03-16T13:00:00+00:00,6695.00000,6723.00000,6690.50000,6722.00000
2026-03-16T14:00:00+00:00,6721.75000,6728.00000,6689.25000,6711.75000
2026-03-16T15:00:00+00:00,6712.00000,6770.75000,6699.50000,6748.50000
2026-03-16T16:00:00+00:00,6748.75000,6755.50000,6734.50000,6748.00000
2026-03-16T17:00:00+00:00,6748.25000,6762.50000,6743.50000,6751.00000
2026-03-16T18:00:00+00:00,6751.25000,6767.00000,6750.25000,6760.00000
2026-03-16T19:00:00+00:00,6759.75000,6784.75000,6747.50000,6753.75000
2026-03-16T20:00:00+00:00,6753.75000,6758.25000,6746.50000,6749.75000
2026-03-16T22:00:00+00:00,6751.75000,6752.00000,6743.00000,6744.25000
2026-03-16T23:00:00+00:00,6744.25000,6752.50000,6743.75000,6752.25000
2026-03-17T00:00:00+00:00,6752.25000,6752.25000,6734.25000,6735.75000
2026-03-17T01:00:00+00:00,6736.00000,6743.75000,6735.50000,6742.00000
2026-03-17T02:00:00+00:00,6741.75000,6742.25000,6732.50000,6732.75000
2026-03-17T03:00:00+00:00,6732.75000,6738.00000,6730.50000,6732.00000
2026-03-17T04:00:00+00:00,6732.75000,6744.50000,6732.75000,6741.75000
2026-03-17T05:00:00+00:00,6741.75000,6744.75000,6722.75000,6723.50000
2026-03-17T06:00:00+00:00,6723.25000,6725.50000,6715.75000,6721.50000
2026-03-17T07:00:00+00:00,6721.25000,6735.50000,6717.50000,6726.25000
2026-03-17T08:00:00+00:00,6726.00000,6734.00000,6719.50000,6728.25000
2026-03-17T09:00:00+00:00,6728.00000,6748.00000,6728.00000,6747.25000
2026-03-17T10:00:00+00:00,6747.25000,6747.50000,6734.75000,6746.25000
2026-03-17T11:00:00+00:00,6746.00000,6751.25000,6741.75000,6742.50000
2026-03-17T12:00:00+00:00,6742.75000,6774.00000,6742.25000,6771.50000
2026-03-17T13:00:00+00:00,6771.75000,6808.50000,6771.50000,6803.00000
2026-03-17T14:00:00+00:00,6803.00000,6803.25000,6779.25000,6794.25000
2026-03-17T15:00:00+00:00,6794.50000,6797.00000,6766.75000,6773.75000
2026-03-17T16:00:00+00:00,6773.75000,6780.50000,6764.25000,6773.50000
2026-03-17T17:00:00+00:00,6773.50000,6784.00000,6773.25000,6781.00000
2026-03-17T18:00:00+00:00,6781.25000,6787.50000,6771.25000,6775.25000
2026-03-17T19:00:00+00:00,6775.25000,6780.50000,6769.00000,6772.00000
2026-03-17T20:00:00+00:00,6772.00000,6776.25000,6769.75000,6774.25000
2026-03-17T22:00:00+00:00,6774.00000,6775.00000,6764.75000,6768.00000
2026-03-17T23:00:00+00:00,6768.25000,6771.50000,6765.00000,6766.50000
2026-03-18T00:00:00+00:00,6766.25000,6781.50000,6765.25000,6780.75000
2026-03-18T01:00:00+00:00,6781.00000,6786.75000,6781.00000,6786.00000
2026-03-18T02:00:00+00:00,6785.75000,6794.25000,6785.75000,6792.00000
2026-03-18T03:00:00+00:00,6792.00000,6799.00000,6790.50000,6797.00000
2026-03-18T04:00:00+00:00,6798.50000,6801.00000,6796.50000,6799.25000
2026-03-18T05:00:00+00:00,6799.25000,6804.75000,6798.00000,6804.50000
2026-03-18T06:00:00+00:00,6804.50000,6814.00000,6803.50000,6808.00000
2026-03-18T07:00:00+00:00,6808.00000,6810.50000,6803.00000,6803.50000
2026-03-18T08:00:00+00:00,6803.25000,6810.75000,6802.00000,6806.25000
2026-03-18T09:00:00+00:00,6806.25000,6810.00000,6802.75000,6806.00000
2026-03-18T10:00:00+00:00,6806.00000,6811.75000,6802.75000,6803.25000
2026-03-18T11:00:00+00:00,6803.00000,6807.25000,6787.50000,6793.00000
2026-03-18T12:00:00+00:00,6792.50000,6794.50000,6733.75000,6737.00000
2026-03-18T13:00:00+00:00,6737.00000,6759.75000,6732.00000,6756.00000
2026-03-18T14:00:00+00:00,6755.75000,6757.25000,6719.00000,6733.75000
2026-03-18T15:00:00+00:00,6733.75000,6743.00000,6726.25000,6733.00000
2026-03-18T16:00:00+00:00,6733.00000,6738.75000,6720.75000,6728.00000
2026-03-18T17:00:00+00:00,6727.75000,6731.50000,6715.00000,6729.75000
2026-03-18T18:00:00+00:00,6730.50000,6737.50000,6695.00000,6695.75000
2026-03-18T19:00:00+00:00,6695.50000,6709.50000,6673.75000,6677.25000
2026-03-18T20:00:00+00:00,6677.00000,6680.25000,6654.50000,6664.00000
2026-03-18T22:00:00+00:00,6673.00000,6673.00000,6656.75000,6663.75000
2026-03-18T23:00:00+00:00,6663.75000,6675.75000,6662.75000,6670.25000
2026-03-19T00:00:00+00:00,6670.25000,6675.50000,6662.00000,6670.00000
2026-03-19T01:00:00+00:00,6670.00000,6681.00000,6666.00000,6673.75000
2026-03-19T02:00:00+00:00,6674.00000,6695.00000,6666.25000,6687.50000
2026-03-19T03:00:00+00:00,6687.25000,6692.00000,6683.50000,6683.75000
2026-03-19T04:00:00+00:00,6677.25000,6679.00000,6671.25000,6675.75000
2026-03-19T05:00:00+00:00,6676.00000,6679.25000,6663.25000,6667.50000
2026-03-19T06:00:00+00:00,6667.25000,6679.25000,6665.00000,6671.75000
2026-03-19T07:00:00+00:00,6671.50000,6676.00000,6655.00000,6659.25000
2026-03-19T08:00:00+00:00,6659.25000,6668.25000,6647.50000,6657.50000
2026-03-19T09:00:00+00:00,6657.75000,6682.00000,6645.50000,6676.75000
2026-03-19T10:00:00+00:00,6676.75000,6677.25000,6663.75000,6667.50000
2026-03-19T11:00:00+00:00,6667.75000,6673.25000,6649.50000,6660.00000
2026-03-19T12:00:00+00:00,6659.75000,6661.75000,6623.75000,6629.50000
2026-03-19T13:00:00+00:00,6629.50000,6650.25000,6611.75000,6647.25000
2026-03-19T14:00:00+00:00,6647.00000,6655.50000,6620.75000,6638.75000
2026-03-19T15:00:00+00:00,6638.75000,6658.25000,6622.00000,6640.00000
2026-03-19T16:00:00+00:00,6639.75000,6652.00000,6626.50000,6632.25000
2026-03-19T17:00:00+00:00,6632.25000,6639.50000,6616.25000,6633.25000
2026-03-19T18:00:00+00:00,6633.25000,6649.75000,6624.00000,6645.75000
2026-03-19T19:00:00+00:00,6645.75000,6692.00000,6645.25000,6658.75000
2026-03-19T20:00:00+00:00,6659.00000,6675.25000,6654.75000,6670.50000
2026-03-19T22:00:00+00:00,6675.50000,6680.00000,6667.75000,6676.75000
2026-03-19T23:00:00+00:00,6676.75000,6682.25000,6671.00000,6673.25000
2026-03-20T00:00:00+00:00,6673.25000,6679.50000,6666.25000,6669.00000
2026-03-20T01:00:00+00:00,6669.50000,6685.50000,6667.50000,6675.00000
2026-03-20T02:00:00+00:00,6675.50000,6679.25000,6672.75000,6674.50000
2026-03-20T03:00:00+00:00,6674.50000,6675.50000,6669.00000,6670.00000
2026-03-20T04:00:00+00:00,6671.75000,6672.25000,6665.75000,6666.25000
2026-03-20T05:00:00+00:00,6665.75000,6670.00000,6660.75000,6667.50000
2026-03-20T06:00:00+00:00,6667.25000,6669.75000,6651.50000,6653.75000
2026-03-20T07:00:00+00:00,6653.50000,6672.75000,6643.25000,6670.00000
2026-03-20T08:00:00+00:00,6670.25000,6675.25000,6660.75000,6662.00000
2026-03-20T09:00:00+00:00,6662.25000,6668.00000,6627.00000,6632.50000
2026-03-20T10:00:00+00:00,6632.00000,6634.00000,6607.75000,6624.25000
2026-03-20T11:00:00+00:00,6624.25000,6640.00000,6622.25000,6634.75000
2026-03-20T12:00:00+00:00,6634.25000,6646.50000,6629.00000,6643.50000
2026-03-20T13:00:00+00:00,6643.50000,6648.00000,6605.50000,6607.00000
2026-03-20T14:00:00+00:00,6607.25000,6613.75000,6587.50000,6596.75000
2026-03-20T15:00:00+00:00,6596.75000,6617.75000,6590.50000,6605.75000
2026-03-20T16:00:00+00:00,6605.75000,6616.00000,6595.25000,6603.75000
2026-03-20T17:00:00+00:00,6603.75000,6608.75000,6581.50000,6590.00000
2026-03-20T18:00:00+00:00,6590.00000,6593.00000,6552.25000,6556.75000
2026-03-20T19:00:00+00:00,6556.75000,6562.75000,6523.75000,6562.50000
2026-03-20T20:00:00+00:00,6562.25000,6592.50000,6559.00000,6559.00000
2026-03-22T22:00:00+00:00,6537.00000,6562.00000,6527.00000,6546.50000
2026-03-22T23:00:00+00:00,6546.75000,6557.50000,6533.00000,6539.50000
2026-03-23T00:00:00+00:00,6539.75000,6555.50000,6523.75000,6525.75000
2026-03-23T01:00:00+00:00,6525.75000,6554.00000,6522.25000,6549.25000
2026-03-23T02:00:00+00:00,6549.50000,6554.25000,6535.50000,6540.25000
2026-03-23T03:00:00+00:00,6540.25000,6544.50000,6524.00000,6524.75000
2026-03-23T04:00:00+00:00,6524.75000,6536.75000,6523.25000,6534.75000
2026-03-23T05:00:00+00:00,6534.75000,6542.50000,6520.25000,6530.00000
2026-03-23T06:00:00+00:00,6529.75000,6530.75000,6496.75000,6503.75000
2026-03-23T07:00:00+00:00,6504.00000,6517.75000,6483.50000,6497.75000
2026-03-23T08:00:00+00:00,6497.50000,6524.75000,6497.25000,6518.75000
2026-03-23T09:00:00+00:00,6519.00000,6527.25000,6498.75000,6506.25000
2026-03-23T10:00:00+00:00,6506.00000,6518.00000,6490.00000,6506.75000
2026-03-23T11:00:00+00:00,6506.75000,6748.00000,6506.00000,6638.75000
2026-03-23T12:00:00+00:00,6639.00000,6696.50000,6625.00000,6690.75000
2026-03-23T13:00:00+00:00,6691.00000,6698.00000,6638.00000,6680.25000
2026-03-23T14:00:00+00:00,6680.00000,6701.50000,6663.50000,6688.75000
2026-03-23T15:00:00+00:00,6689.00000,6704.75000,6635.50000,6637.25000
2026-03-23T16:00:00+00:00,6637.25000,6653.75000,6616.00000,6632.75000
2026-03-23T17:00:00+00:00,6632.75000,6660.25000,6620.00000,6658.00000
2026-03-23T18:00:00+00:00,6658.00000,6674.25000,6642.50000,6667.00000
2026-03-23T19:00:00+00:00,6667.25000,6667.75000,6631.25000,6631.50000
2026-03-23T20:00:00+00:00,6631.50000,6639.25000,6621.00000,6632.75000
2026-03-23T22:00:00+00:00,6635.00000,6652.50000,6624.50000,6650.75000
2026-03-23T23:00:00+00:00,6651.00000,6651.00000,6637.75000,6645.00000
2026-03-24T00:00:00+00:00,6645.00000,6645.25000,6598.25000,6612.50000
2026-03-24T01:00:00+00:00,6613.25000,6613.75000,6591.00000,6599.00000
2026-03-24T02:00:00+00:00,6598.75000,6607.00000,6590.00000,6596.25000
2026-03-24T03:00:00+00:00,6596.75000,6603.00000,6592.25000,6602.50000
2026-03-24T04:00:00+00:00,6606.00000,6608.75000,6594.50000,6598.00000
2026-03-24T05:00:00+00:00,6598.00000,6609.50000,6582.50000,6597.25000
2026-03-24T06:00:00+00:00,6598.00000,6630.00000,6597.25000,6624.50000
2026-03-24T07:00:00+00:00,6624.50000,6653.50000,6623.00000,6644.75000
2026-03-24T08:00:00+00:00,6645.25000,6651.75000,6619.25000,6622.50000
2026-03-24T09:00:00+00:00,6623.00000,6635.25000,6604.25000,6631.75000
2026-03-24T10:00:00+00:00,6631.75000,6635.25000,6620.00000,6630.00000
2026-03-24T11:00:00+00:00,6630.00000,6633.75000,6604.25000,6627.00000
2026-03-24T12:00:00+00:00,6626.75000,6630.50000,6596.25000,6599.75000
2026-03-24T13:00:00+00:00,6599.75000,6606.00000,6573.50000,6589.75000
2026-03-24T14:00:00+00:00,6590.00000,6635.25000,6587.25000,6615.00000
2026-03-24T15:00:00+00:00,6615.25000,6646.00000,6614.50000,6625.75000
2026-03-24T16:00:00+00:00,6626.00000,6638.00000,6615.25000,6626.50000
2026-03-24T17:00:00+00:00,6626.50000,6629.25000,6598.50000,6618.25000
2026-03-24T18:00:00+00:00,6618.25000,6641.75000,6607.25000,6623.75000
2026-03-24T19:00:00+00:00,6623.75000,6632.25000,6600.25000,6607.00000
2026-03-24T20:00:00+00:00,6607.00000,6680.50000,6605.75000,6646.25000
2026-03-24T22:00:00+00:00,6646.50000,6660.75000,6641.50000,6655.25000
2026-03-24T23:00:00+00:00,6655.00000,6659.00000,6648.50000,6651.00000
2026-03-25T00:00:00+00:00,6651.25000,6671.50000,6645.00000,6661.00000
2026-03-25T01:00:00+00:00,6660.75000,6665.00000,6651.25000,6652.50000
2026-03-25T02:00:00+00:00,6652.50000,6653.25000,6638.25000,6639.00000
2026-03-25T03:00:00+00:00,6638.75000,6649.50000,6634.75000,6647.50000
2026-03-25T04:00:00+00:00,6650.75000,6659.25000,6649.75000,6657.75000
2026-03-25T05:00:00+00:00,6657.75000,6659.25000,6646.00000,6648.00000
2026-03-25T06:00:00+00:00,6648.00000,6652.50000,6637.25000,6648.25000
2026-03-25T07:00:00+00:00,6648.25000,6658.75000,6642.50000,6654.75000
2026-03-25T08:00:00+00:00,6654.75000,6681.50000,6654.00000,6657.00000
2026-03-25T09:00:00+00:00,6657.25000,6667.50000,6649.50000,6659.25000
2026-03-25T10:00:00+00:00,6659.25000,6668.25000,6653.25000,6658.50000
2026-03-25T11:00:00+00:00,6658.75000,6676.00000,6656.25000,6671.25000
2026-03-25T12:00:00+00:00,6670.75000,6681.00000,6639.25000,6660.75000
2026-03-25T13:00:00+00:00,6661.00000,6684.75000,6638.75000,6639.25000
2026-03-25T14:00:00+00:00,6639.50000,6667.50000,6631.25000,6662.25000
2026-03-25T15:00:00+00:00,6662.00000,6665.50000,6616.50000,6644.50000
2026-03-25T16:00:00+00:00,6644.75000,6658.25000,6634.50000,6652.75000
2026-03-25T17:00:00+00:00,6652.75000,6669.50000,6644.00000,6654.25000
2026-03-25T18:00:00+00:00,6654.00000,6660.50000,6631.00000,6640.00000
2026-03-25T19:00:00+00:00,6639.75000,6648.50000,6630.50000,6642.00000
2026-03-25T20:00:00+00:00,6642.00000,6647.25000,6635.50000,6641.00000
2026-03-25T22:00:00+00:00,6641.50000,6641.50000,6628.25000,6629.50000
2026-03-25T23:00:00+00:00,6629.75000,6633.25000,6621.50000,6629.75000
2026-03-26T00:00:00+00:00,6630.00000,6647.00000,6628.50000,6633.75000
2026-03-26T01:00:00+00:00,6633.75000,6639.75000,6629.50000,6636.25000
2026-03-26T02:00:00+00:00,6635.25000,6639.25000,6608.50000,6620.00000
2026-03-26T03:00:00+00:00,6619.75000,6647.00000,6619.25000,6639.25000
2026-03-26T04:00:00+00:00,6636.75000,6638.75000,6625.25000,6626.50000
2026-03-26T05:00:00+00:00,6626.50000,6630.50000,6612.00000,6613.00000
2026-03-26T06:00:00+00:00,6613.00000,6620.75000,6608.00000,6620.00000
2026-03-26T07:00:00+00:00,6620.00000,6622.25000,6600.00000,6614.50000
2026-03-26T08:00:00+00:00,6614.50000,6622.75000,6593.25000,6602.00000
2026-03-26T09:00:00+00:00,6602.00000,6603.50000,6581.25000,6590.75000
2026-03-26T10:00:00+00:00,6590.75000,6602.00000,6586.00000,6594.50000
2026-03-26T11:00:00+00:00,6594.75000,6598.50000,6578.75000,6579.50000
2026-03-26T12:00:00+00:00,6579.50000,6593.50000,6574.25000,6586.25000
2026-03-26T13:00:00+00:00,6586.00000,6619.50000,6579.75000,6618.00000
2026-03-26T14:00:00+00:00,6617.75000,6622.00000,6580.75000,6594.50000
2026-03-26T15:00:00+00:00,6594.75000,6602.00000,6581.25000,6587.75000
2026-03-26T16:00:00+00:00,6587.50000,6589.50000,6560.75000,6568.50000
2026-03-26T17:00:00+00:00,6568.50000,6573.00000,6536.00000,6538.25000
2026-03-26T18:00:00+00:00,6538.25000,6548.50000,6536.25000,6546.25000
2026-03-26T19:00:00+00:00,6546.25000,6547.25000,6520.25000,6523.00000
2026-03-26T20:00:00+00:00,6523.00000,6597.25000,6517.00000,6535.50000
2026-03-26T22:00:00+00:00,6536.00000,6551.00000,6536.00000,6547.00000
2026-03-26T23:00:00+00:00,6546.75000,6554.00000,6542.00000,6551.25000
2026-03-27T00:00:00+00:00,6551.50000,6558.00000,6534.25000,6537.00000
2026-03-27T01:00:00+00:00,6537.00000,6549.50000,6534.25000,6547.50000
2026-03-27T02:00:00+00:00,6547.75000,6550.50000,6540.75000,6541.75000
2026-03-27T03:00:00+00:00,6541.75000,6552.25000,6538.25000,6552.00000
2026-03-27T04:00:00+00:00,6548.75000,6556.75000,6548.00000,6555.50000
2026-03-27T05:00:00+00:00,6555.50000,6568.50000,6555.50000,6559.50000
2026-03-27T06:00:00+00:00,6559.75000,6567.00000,6552.00000,6554.50000
2026-03-27T07:00:00+00:00,6554.50000,6554.75000,6541.75000,6546.75000
2026-03-27T08:00:00+00:00,6546.50000,6551.75000,6522.25000,6523.50000
2026-03-27T09:00:00+00:00,6523.50000,6532.00000,6508.75000,6515.25000
2026-03-27T10:00:00+00:00,6515.50000,6522.50000,6494.50000,6497.75000
2026-03-27T11:00:00+00:00,6498.00000,6508.50000,6489.25000,6502.00000
2026-03-27T12:00:00+00:00,6501.75000,6503.50000,6486.75000,6490.50000
2026-03-27T13:00:00+00:00,6490.75000,6496.75000,6454.00000,6458.50000
2026-03-27T14:00:00+00:00,6458.50000,6477.00000,6451.75000,6470.50000
2026-03-27T15:00:00+00:00,6470.50000,6490.25000,6457.75000,6471.25000
2026-03-27T16:00:00+00:00,6471.50000,6473.00000,6448.75000,6455.50000
2026-03-27T17:00:00+00:00,6455.50000,6468.00000,6427.50000,6429.50000
2026-03-27T18:00:00+00:00,6429.50000,6435.25000,6419.25000,6421.50000
2026-03-27T19:00:00+00:00,6421.50000,6424.75000,6398.25000,6407.50000
2026-03-27T20:00:00+00:00,6407.25000,6412.25000,6389.00000,6398.25000
2026-03-29T22:00:00+00:00,6369.75000,6387.50000,6367.75000,6382.50000
2026-03-29T23:00:00+00:00,6382.25000,6387.00000,6363.00000,6367.75000
2026-03-30T00:00:00+00:00,6367.75000,6395.00000,6360.25000,6370.75000
2026-03-30T01:00:00+00:00,6370.50000,6385.75000,6368.25000,6384.25000
2026-03-30T02:00:00+00:00,6384.50000,6402.00000,6380.25000,6397.00000
2026-03-30T03:00:00+00:00,6396.75000,6410.75000,6396.50000,6409.25000
2026-03-30T04:00:00+00:00,6408.25000,6419.00000,6406.25000,6411.50000
2026-03-30T05:00:00+00:00,6411.25000,6420.75000,6411.25000,6416.75000
2026-03-30T06:00:00+00:00,6416.75000,6435.50000,6415.25000,6429.25000
2026-03-30T07:00:00+00:00,6429.00000,6438.00000,6422.75000,6435.00000
2026-03-30T08:00:00+00:00,6434.75000,6447.25000,6429.25000,6446.00000
2026-03-30T09:00:00+00:00,6446.25000,6446.50000,6432.00000,6437.25000
2026-03-30T10:00:00+00:00,6437.50000,6442.75000,6432.75000,6442.50000
2026-03-30T11:00:00+00:00,6442.50000,6481.75000,6442.00000,6450.00000
2026-03-30T12:00:00+00:00,6450.00000,6466.50000,6442.75000,6464.00000
2026-03-30T13:00:00+00:00,6464.00000,6471.25000,6413.75000,6417.50000
2026-03-30T14:00:00+00:00,6417.50000,6443.50000,6414.50000,6442.75000
2026-03-30T15:00:00+00:00,6442.50000,6455.75000,6423.00000,6441.00000
2026-03-30T16:00:00+00:00,6441.00000,6442.25000,6417.00000,6420.00000
2026-03-30T17:00:00+00:00,6420.00000,6425.50000,6393.75000,6402.75000
2026-03-30T18:00:00+00:00,6402.50000,6404.75000,6381.75000,6384.75000
2026-03-30T19:00:00+00:00,6384.75000,6394.25000,6359.50000,6387.75000
2026-03-30T20:00:00+00:00,6387.75000,6388.50000,6377.00000,6383.25000
2026-03-30T22:00:00+00:00,6385.25000,6392.75000,6383.50000,6384.25000
2026-03-30T23:00:00+00:00,6384.00000,6384.00000,6367.00000,6373.00000
2026-03-31T00:00:00+00:00,6373.00000,6428.50000,6353.25000,6411.75000
2026-03-31T01:00:00+00:00,6411.75000,6454.00000,6399.25000,6441.50000
2026-03-31T02:00:00+00:00,6441.50000,6462.00000,6437.75000,6450.25000
2026-03-31T03:00:00+00:00,6450.25000,6459.00000,6442.75000,6444.00000
2026-03-31T04:00:00+00:00,6446.00000,6448.75000,6432.25000,6434.25000
2026-03-31T05:00:00+00:00,6434.00000,6444.50000,6422.00000,6438.50000
2026-03-31T06:00:00+00:00,6438.50000,6440.50000,6427.25000,6433.50000
2026-03-31T07:00:00+00:00,6433.50000,6455.50000,6421.50000,6454.75000
2026-03-31T08:00:00+00:00,6454.75000,6456.50000,6435.00000,6440.25000
2026-03-31T09:00:00+00:00,6440.50000,6449.75000,6435.25000,6438.25000
2026-03-31T10:00:00+00:00,6438.25000,6445.50000,6423.75000,6435.25000
2026-03-31T11:00:00+00:00,6435.50000,6467.00000,6431.25000,6453.50000
2026-03-31T12:00:00+00:00,6453.50000,6470.00000,6438.00000,6453.50000
2026-03-31T13:00:00+00:00,6453.75000,6495.00000,6450.25000,6494.00000
2026-03-31T14:00:00+00:00,6494.50000,6497.25000,6447.00000,6454.00000
2026-03-31T15:00:00+00:00,6454.25000,6490.50000,6453.50000,6465.25000
2026-03-31T16:00:00+00:00,6465.25000,6563.50000,6462.50000,6534.75000
2026-03-31T17:00:00+00:00,6534.75000,6554.00000,6529.25000,6532.00000
2026-03-31T18:00:00+00:00,6532.00000,6557.25000,6531.75000,6554.25000
2026-03-31T19:00:00+00:00,6554.50000,6583.25000,6548.00000,6569.25000
2026-03-31T20:00:00+00:00,6569.50000,6577.25000,6562.00000,6567.50000
2026-03-31T22:00:00+00:00,6562.00000,6577.25000,6561.00000,6572.75000
2026-03-31T23:00:00+00:00,6572.75000,6592.00000,6569.00000,6589.75000
2026-04-01T00:00:00+00:00,6589.25000,6592.75000,6580.25000,6592.50000
2026-04-01T01:00:00+00:00,6592.75000,6595.00000,6579.00000,6581.25000
2026-04-01T02:00:00+00:00,6581.50000,6585.50000,6575.50000,6578.50000
2026-04-01T03:00:00+00:00,6578.50000,6583.50000,6577.50000,6580.00000
2026-04-01T04:00:00+00:00,6581.25000,6588.00000,6579.50000,6585.75000
2026-04-01T05:00:00+00:00,6586.00000,6599.75000,6584.75000,6593.00000
2026-04-01T06:00:00+00:00,6593.00000,6622.00000,6592.00000,6620.25000
2026-04-01T07:00:00+00:00,6620.50000,6623.00000,6598.50000,6600.50000
2026-04-01T08:00:00+00:00,6600.50000,6608.50000,6590.00000,6601.25000
2026-04-01T09:00:00+00:00,6601.75000,6607.75000,6586.50000,6602.75000
2026-04-01T10:00:00+00:00,6603.00000,6618.50000,6598.50000,6616.00000
2026-04-01T11:00:00+00:00,6616.00000,6630.75000,6614.50000,6627.75000
2026-04-01T12:00:00+00:00,6628.00000,6643.75000,6593.25000,6596.25000
2026-04-01T13:00:00+00:00,6596.25000,6628.50000,6590.00000,6611.25000
2026-04-01T14:00:00+00:00,6611.25000,6637.00000,6604.75000,6633.50000
2026-04-01T15:00:00+00:00,6633.50000,6649.75000,6627.25000,6647.00000
2026-04-01T16:00:00+00:00,6647.00000,6649.50000,6636.25000,6646.00000
2026-04-01T17:00:00+00:00,6646.25000,6653.75000,6635.50000,6635.75000
2026-04-01T18:00:00+00:00,6635.75000,6637.25000,6604.00000,6611.50000
2026-04-01T19:00:00+00:00,6611.50000,6634.75000,6610.00000,6619.50000
2026-04-01T20:00:00+00:00,6619.50000,6623.75000,6616.00000,6617.25000
2026-04-01T22:00:00+00:00,6618.50000,6622.25000,6610.50000,6612.75000
2026-04-01T23:00:00+00:00,6612.75000,6619.25000,6610.00000,6614.75000
2026-04-02T00:00:00+00:00,6614.75000,6632.50000,6607.25000,6630.50000
2026-04-02T01:00:00+00:00,6630.50000,6631.50000,6553.25000,6559.50000
2026-04-02T02:00:00+00:00,6560.00000,6565.75000,6542.00000,6550.00000
2026-04-02T03:00:00+00:00,6550.00000,6551.50000,6535.75000,6537.25000
2026-04-02T04:00:00+00:00,6534.50000,6540.75000,6531.00000,6533.25000
2026-04-02T05:00:00+00:00,6533.50000,6540.75000,6522.00000,6522.50000
2026-04-02T06:00:00+00:00,6522.75000,6534.00000,6520.00000,6532.75000
2026-04-02T07:00:00+00:00,6532.75000,6550.00000,6527.75000,6549.00000
2026-04-02T08:00:00+00:00,6548.75000,6550.75000,6537.50000,6542.00000
2026-04-02T09:00:00+00:00,6542.25000,6547.50000,6537.25000,6541.00000
2026-04-02T10:00:00+00:00,6541.00000,6543.25000,6526.00000,6536.75000
2026-04-02T11:00:00+00:00,6536.25000,6538.25000,6508.00000,6508.25000
2026-04-02T12:00:00+00:00,6508.50000,6525.00000,6503.75000,6516.75000
2026-04-02T13:00:00+00:00,6517.00000,6563.00000,6514.25000,6560.25000
2026-04-02T14:00:00+00:00,6560.25000,6644.50000,6549.50000,6618.75000
2026-04-02T15:00:00+00:00,6619.00000,6624.50000,6595.25000,6605.25000
2026-04-02T16:00:00+00:00,6605.00000,6614.25000,6586.50000,6600.25000
2026-04-02T17:00:00+00:00,6600.25000,6615.25000,6590.25000,6597.25000
2026-04-02T18:00:00+00:00,6597.00000,6615.25000,6597.00000,6609.00000
2026-04-02T19:00:00+00:00,6609.25000,6625.25000,6605.00000,6623.25000
2026-04-02T20:00:00+00:00,6623.25000,6628.75000,6619.25000,6624.00000
2026-04-02T22:00:00+00:00,6622.50000,6626.00000,6619.00000,6623.75000
2026-04-02T23:00:00+00:00,6623.25000,6626.00000,6621.00000,6623.75000
2026-04-03T00:00:00+00:00,6624.00000,6632.25000,6622.25000,6624.00000
2026-04-03T01:00:00+00:00,6624.25000,6625.25000,6618.25000,6619.00000
2026-04-03T02:00:00+00:00,6618.75000,6620.50000,6608.75000,6613.25000
2026-04-03T03:00:00+00:00,6613.50000,6617.25000,6611.00000,6613.00000
2026-04-05T22:00:00+00:00,6590.00000,6590.00000,6567.00000,6587.50000
2026-04-05T23:00:00+00:00,6587.50000,6589.50000,6578.25000,6587.50000
2026-04-06T00:00:00+00:00,6587.50000,6610.75000,6586.50000,6609.25000
2026-04-06T01:00:00+00:00,6609.25000,6618.00000,6606.50000,6609.75000
2026-04-06T02:00:00+00:00,6609.75000,6635.75000,6608.75000,6615.75000
2026-04-06T03:00:00+00:00,6615.75000,6616.75000,6595.25000,6612.25000
2026-04-06T04:00:00+00:00,6612.25000,6622.50000,6611.25000,6621.00000
2026-04-06T05:00:00+00:00,6621.00000,6624.00000,6613.25000,6617.25000
2026-04-06T06:00:00+00:00,6617.00000,6632.50000,6614.50000,6624.50000
2026-04-06T07:00:00+00:00,6624.75000,6639.50000,6614.25000,6634.75000
2026-04-06T08:00:00+00:00,6634.75000,6650.00000,6634.75000,6645.00000
2026-04-06T09:00:00+00:00,6645.00000,6651.25000,6635.75000,6637.25000
2026-04-06T10:00:00+00:00,6637.50000,6643.00000,6619.00000,6631.00000
2026-04-06T11:00:00+00:00,6631.25000,6631.25000,6624.00000,6627.00000
2026-04-06T12:00:00+00:00,6627.00000,6635.50000,6622.50000,6629.25000
2026-04-06T13:00:00+00:00,6629.25000,6649.25000,6617.75000,6649.25000
2026-04-06T14:00:00+00:00,6649.00000,6661.00000,6624.00000,6638.50000
2026-04-06T15:00:00+00:00,6638.75000,6644.25000,6626.50000,6642.25000
2026-04-06T16:00:00+00:00,6642.50000,6649.00000,6635.75000,6643.00000
2026-04-06T17:00:00+00:00,6643.25000,6644.00000,6618.75000,6628.25000
2026-04-06T18:00:00+00:00,6628.50000,6650.25000,6626.00000,6647.00000
2026-04-06T19:00:00+00:00,6647.00000,6653.50000,6641.75000,6653.00000
2026-04-06T20:00:00+00:00,6652.75000,6654.25000,6646.50000,6650.75000
2026-04-06T22:00:00+00:00,6650.50000,6659.25000,6642.25000,6643.25000
2026-04-06T23:00:00+00:00,6643.25000,6650.00000,6641.50000,6641.75000
2026-04-07T00:00:00+00:00,6641.50000,6654.75000,6637.75000,6641.00000
2026-04-07T01:00:00+00:00,6641.00000,6643.75000,6611.75000,6614.25000
2026-04-07T02:00:00+00:00,6614.25000,6623.00000,6609.00000,6621.00000
2026-04-07T03:00:00+00:00,6621.25000,6624.75000,6616.25000,6622.75000
2026-04-07T04:00:00+00:00,6620.50000,6629.00000,6616.25000,6625.75000
2026-04-07T05:00:00+00:00,6626.25000,6629.00000,6617.25000,6623.00000
2026-04-07T06:00:00+00:00,6622.75000,6627.75000,6618.75000,6627.00000
2026-04-07T07:00:00+00:00,6627.00000,6630.50000,6621.25000,6628.00000
2026-04-07T08:00:00+00:00,6628.00000,6659.25000,6627.75000,6654.75000
2026-04-07T09:00:00+00:00,6654.75000,6667.00000,6653.00000,6661.00000
2026-04-07T10:00:00+00:00,6661.00000,6664.00000,6613.75000,6618.25000
2026-04-07T11:00:00+00:00,6618.00000,6631.50000,6611.00000,6619.75000
2026-04-07T12:00:00+00:00,6619.50000,6640.75000,6602.00000,6624.00000
2026-04-07T13:00:00+00:00,6624.25000,6639.00000,6602.25000,6602.75000
2026-04-07T14:00:00+00:00,6603.00000,6616.50000,6581.50000,6588.25000
2026-04-07T15:00:00+00:00,6588.25000,6606.25000,6572.75000,6600.75000
2026-04-07T16:00:00+00:00,6600.50000,6633.00000,6600.25000,6623.50000
2026-04-07T17:00:00+00:00,6623.25000,6646.50000,6617.25000,6630.00000
2026-04-07T18:00:00+00:00,6630.25000,6633.00000,6597.00000,6602.25000
2026-04-07T19:00:00+00:00,6602.50000,6659.50000,6596.75000,6655.50000
2026-04-07T20:00:00+00:00,6655.75000,6673.50000,6649.25000,6663.50000
2026-04-07T22:00:00+00:00,6689.00000,6793.50000,6652.25000,6791.75000
2026-04-07T23:00:00+00:00,6791.75000,6818.75000,6783.50000,6804.25000
2026-04-08T00:00:00+00:00,6804.25000,6810.00000,6788.00000,6803.50000
2026-04-08T01:00:00+00:00,6803.50000,6812.75000,6799.00000,6809.25000
2026-04-08T02:00:00+00:00,6809.00000,6818.00000,6809.00000,6817.50000
2026-04-08T03:00:00+00:00,6817.50000,6819.00000,6812.00000,6815.25000
2026-04-08T04:00:00+00:00,6818.75000,6824.75000,6818.00000,6819.75000
2026-04-08T05:00:00+00:00,6819.75000,6837.50000,6817.75000,6836.00000
2026-04-08T06:00:00+00:00,6836.25000,6838.00000,6828.50000,6829.75000
2026-04-08T07:00:00+00:00,6830.00000,6832.75000,6817.50000,6818.50000
2026-04-08T08:00:00+00:00,6818.75000,6834.50000,6817.00000,6834.00000
2026-04-08T09:00:00+00:00,6834.00000,6840.75000,6828.00000,6832.00000
2026-04-08T10:00:00+00:00,6831.75000,6837.75000,6827.25000,6833.75000
2026-04-08T11:00:00+00:00,6833.50000,6847.25000,6828.50000,6839.25000
2026-04-08T12:00:00+00:00,6839.50000,6845.25000,6820.75000,6831.75000
2026-04-08T13:00:00+00:00,6831.75000,6836.75000,6805.00000,6811.75000
2026-04-08T14:00:00+00:00,6811.75000,6818.50000,6780.00000,6794.00000
2026-04-08T15:00:00+00:00,6793.75000,6816.25000,6789.75000,6814.00000
2026-04-08T16:00:00+00:00,6814.00000,6827.50000,6809.75000,6825.75000
2026-04-08T17:00:00+00:00,6826.00000,6829.75000,6812.50000,6822.75000
2026-04-08T18:00:00+00:00,6823.00000,6831.25000,6793.00000,6794.00000
2026-04-08T19:00:00+00:00,6794.00000,6825.25000,6792.50000,6823.75000
2026-04-08T20:00:00+00:00,6823.75000,6827.00000,6814.25000,6816.25000
2026-04-08T22:00:00+00:00,6814.25000,6823.00000,6809.50000,6815.75000
2026-04-08T23:00:00+00:00,6815.75000,6820.75000,6812.00000,6812.75000
2026-04-09T00:00:00+00:00,6812.75000,6817.50000,6806.75000,6811.75000
2026-04-09T01:00:00+00:00,6811.75000,6814.00000,6803.50000,6811.00000
2026-04-09T02:00:00+00:00,6811.00000,6815.00000,6809.50000,6810.25000
2026-04-09T03:00:00+00:00,6810.25000,6812.00000,6806.25000,6809.75000
2026-04-09T04:00:00+00:00,6810.00000,6811.25000,6807.75000,6808.75000
2026-04-09T05:00:00+00:00,6808.75000,6816.25000,6805.00000,6811.50000
2026-04-09T06:00:00+00:00,6811.75000,6817.25000,6806.00000,6811.25000
2026-04-09T07:00:00+00:00,6811.25000,6813.25000,6794.00000,6798.75000
2026-04-09T08:00:00+00:00,6798.75000,6801.75000,6792.50000,6795.25000
2026-04-09T09:00:00+00:00,6795.25000,6802.50000,6792.50000,6802.00000
2026-04-09T10:00:00+00:00,6802.00000,6804.50000,6795.00000,6795.75000
2026-04-09T11:00:00+00:00,6795.25000,6807.75000,6794.00000,6805.25000
2026-04-09T12:00:00+00:00,6805.50000,6812.75000,6801.00000,6807.00000
2026-04-09T13:00:00+00:00,6807.25000,6821.75000,6804.25000,6816.75000
2026-04-09T14:00:00+00:00,6816.50000,6821.00000,6801.75000,6816.75000
2026-04-09T15:00:00+00:00,6816.75000,6853.25000,6809.50000,6852.25000
2026-04-09T16:00:00+00:00,6852.25000,6872.00000,6852.25000,6862.75000
2026-04-09T17:00:00+00:00,6863.00000,6876.00000,6860.50000,6869.75000
2026-04-09T18:00:00+00:00,6869.75000,6870.50000,6848.00000,6855.25000
2026-04-09T19:00:00+00:00,6855.25000,6871.25000,6853.50000,6862.00000
2026-04-09T20:00:00+00:00,6861.75000,6863.50000,6856.25000,6860.75000
2026-04-09T22:00:00+00:00,6858.00000,6862.50000,6852.75000,6853.75000
2026-04-09T23:00:00+00:00,6854.00000,6858.50000,6851.00000,6856.00000
2026-04-10T00:00:00+00:00,6856.00000,6865.50000,6852.00000,6864.25000
2026-04-10T01:00:00+00:00,6864.00000,6869.25000,6860.75000,6866.25000
2026-04-10T02:00:00+00:00,6866.25000,6867.00000,6860.00000,6863.25000
2026-04-10T03:00:00+00:00,6863.25000,6868.50000,6862.50000,6866.50000
2026-04-10T04:00:00+00:00,6864.75000,6865.75000,6861.50000,6862.75000
2026-04-10T05:00:00+00:00,6862.75000,6866.25000,6861.50000,6862.25000
2026-04-10T06:00:00+00:00,6862.00000,6862.75000,6854.25000,6856.50000
2026-04-10T07:00:00+00:00,6856.50000,6864.00000,6855.00000,6861.50000
2026-04-10T08:00:00+00:00,6861.75000,6862.00000,6850.50000,6851.50000
2026-04-10T09:00:00+00:00,6851.50000,6867.00000,6851.50000,6862.75000
2026-04-10T10:00:00+00:00,6862.75000,6866.75000,6857.75000,6864.25000
2026-04-10T11:00:00+00:00,6864.50000,6871.00000,6862.25000,6864.25000
2026-04-10T12:00:00+00:00,6864.50000,6888.00000,6862.50000,6871.50000
2026-04-10T13:00:00+00:00,6871.25000,6881.50000,6864.00000,6870.00000
2026-04-10T14:00:00+00:00,6869.75000,6882.00000,6862.50000,6875.75000
2026-04-10T15:00:00+00:00,6876.00000,6883.00000,6853.50000,6856.75000
2026-04-10T16:00:00+00:00,6856.75000,6863.25000,6847.00000,6856.75000
2026-04-10T17:00:00+00:00,6856.75000,6857.50000,6846.25000,6856.75000
2026-04-10T18:00:00+00:00,6856.75000,6859.50000,6850.75000,6855.50000
2026-04-10T19:00:00+00:00,6855.75000,6862.25000,6848.75000,6855.50000
2026-04-10T20:00:00+00:00,6855.50000,6864.25000,6851.00000,6855.25000
