timestamp,open,high,low,close
2025-04-10T04:00:00+00:00,19001.25000,19068.75000,18978.50000,19048.25000
2025-04-10T05:00:00+00:00,19046.25000,19153.00000,19018.00000,19152.00000
2025-04-10T06:00:00+00:00,19153.75000,19163.75000,19062.75000,19121.75000
2025-04-10T07:00:00+00:00,19124.50000,19185.75000,18866.00000,18897.50000
2025-04-10T08:00:00+00:00,18898.50000,18960.25000,18703.50000,18784.75000
2025-04-10T09:00:00+00:00,18784.50000,18892.50000,18750.50000,18853.00000
2025-04-10T10:00:00+00:00,18851.75000,19004.25000,18847.00000,18874.75000
2025-04-10T11:00:00+00:00,18917.50000,18958.25000,18867.25000,18926.00000
2025-04-10T12:00:00+00:00,18926.25000,18985.50000,18733.25000,18823.00000
2025-04-10T13:00:00+00:00,18822.50000,18902.25000,18658.00000,18661.75000
2025-04-10T14:00:00+00:00,18661.25000,18800.75000,18568.50000,18585.00000
2025-04-10T15:00:00+00:00,18586.50000,18677.75000,18257.50000,18277.25000
2025-04-10T16:00:00+00:00,18278.25000,18335.00000,17919.00000,18313.00000
2025-04-10T17:00:00+00:00,18309.00000,18515.75000,18030.25000,18458.75000
2025-04-10T18:00:00+00:00,18460.25000,18674.75000,18300.75000,18538.25000
2025-04-10T19:00:00+00:00,18537.25000,18657.75000,18241.25000,18482.00000
2025-04-10T20:00:00+00:00,18483.25000,18573.75000,18437.00000,18501.50000
2025-04-10T22:00:00+00:00,18464.75000,18597.75000,18464.75000,18525.00000
2025-04-10T23:00:00+00:00,18527.25000,18536.00000,18312.25000,18357.00000
2025-04-11T00:00:00+00:00,18352.75000,18362.75000,18067.25000,18183.00000
2025-04-11T01:00:00+00:00,18176.75000,18376.75000,18159.75000,18364.25000
2025-04-11T02:00:00+00:00,18365.00000,18449.50000,18260.00000,18354.75000
2025-04-11T03:00:00+00:00,18360.75000,18531.25000,18354.25000,18475.25000
2025-04-11T04:00:00+00:00,18540.75000,18546.75000,18449.00000,18486.75000
2025-04-11T05:00:00+00:00,18488.50000,18709.75000,18436.00000,18695.50000
2025-04-11T06:00:00+00:00,18697.25000,18795.00000,18669.00000,18682.00000
2025-04-11T07:00:00+00:00,18687.75000,18695.00000,18553.75000,18566.75000
2025-04-11T08:00:00+00:00,18564.50000,18615.50000,18314.25000,18398.75000
2025-04-11T09:00:00+00:00,18395.00000,18647.50000,18358.00000,18641.25000
2025-04-11T10:00:00+00:00,18640.50000,18702.75000,18577.00000,18629.50000
2025-04-11T11:00:00+00:00,18629.75000,18654.75000,18462.50000,18564.75000
2025-04-11T12:00:00+00:00,18562.00000,18672.25000,18478.00000,18490.75000
2025-04-11T13:00:00+00:00,18491.25000,18647.50000,18352.00000,18570.00000
2025-04-11T14:00:00+00:00,18562.00000,18623.00000,18270.00000,18415.00000
2025-04-11T15:00:00+00:00,18445.50000,18576.00000,18323.00000,18568.50000
2025-04-11T16:00:00+00:00,18568.75000,18790.00000,18532.00000,18736.25000
2025-04-11T17:00:00+00:00,18737.25000,18873.50000,18594.75000,18822.50000
2025-04-11T18:00:00+00:00,18821.50000,18838.25000,18713.25000,18739.50000
2025-04-11T19:00:00+00:00,18742.25000,18867.50000,18735.00000,18810.00000
2025-04-11T20:00:00+00:00,18810.25000,18837.50000,18783.00000,18820.50000
2025-04-13T22:00:00+00:00,19225.00000,19250.00000,18931.50000,18956.00000
2025-04-13T23:00:00+00:00,18957.75000,19053.25000,18932.75000,19013.25000
2025-04-14T00:00:00+00:00,19011.50000,19076.25000,18990.00000,19008.25000
2025-04-14T01:00:00+00:00,19008.75000,19027.25000,18957.25000,19006.00000
2025-04-14T02:00:00+00:00,19007.25000,19060.50000,19005.25000,19053.75000
2025-04-14T03:00:00+00:00,19054.00000,19083.25000,19005.50000,19052.50000
2025-04-14T04:00:00+00:00,19058.50000,19131.50000,19047.50000,19117.25000
2025-04-14T05:00:00+00:00,19117.50000,19127.00000,19075.25000,19086.75000
2025-04-14T06:00:00+00:00,19088.25000,19155.75000,19062.00000,19119.00000
2025-04-14T07:00:00+00:00,19121.00000,19163.25000,19070.75000,19157.50000
2025-04-14T08:00:00+00:00,19155.50000,19181.50000,19114.75000,19121.00000
2025-04-14T09:00:00+00:00,19121.00000,19146.25000,19025.75000,19065.75000
2025-04-14T10:00:00+00:00,19067.25000,19112.50000,19043.75000,19103.75000
2025-04-14T11:00:00+00:00,19101.75000,19175.50000,19066.00000,19072.25000
2025-04-14T12:00:00+00:00,19073.25000,19196.50000,19063.00000,19185.00000
2025-04-14T13:00:00+00:00,19185.50000,19256.00000,18988.25000,19046.00000
2025-04-14T14:00:00+00:00,19046.75000,19193.00000,19030.00000,19128.25000
2025-04-14T15:00:00+00:00,19128.25000,19151.00000,18803.50000,18828.75000
2025-04-14T16:00:00+00:00,18829.50000,18898.00000,18737.50000,18784.50000
2025-04-14T17:00:00+00:00,18784.75000,18951.75000,18772.00000,18941.00000
2025-04-14T18:00:00+00:00,18940.75000,19044.25000,18936.00000,19014.00000
2025-04-14T19:00:00+00:00,19015.00000,19095.00000,18921.25000,18940.25000
2025-04-14T20:00:00+00:00,18940.75000,18961.50000,18792.25000,18902.50000
2025-04-14T22:00:00+00:00,18902.50000,18909.00000,18809.00000,18817.00000
2025-04-14T23:00:00+00:00,18814.50000,18879.50000,18814.00000,18850.75000
2025-04-15T00:00:00+00:00,18849.50000,18923.75000,18848.50000,18913.50000
2025-04-15T01:00:00+00:00,18912.00000,18950.00000,18892.00000,18900.50000
2025-04-15T02:00:00+00:00,18900.75000,18937.00000,18869.00000,18874.00000
2025-04-15T03:00:00+00:00,18876.00000,18921.50000,18861.50000,18915.50000
2025-04-15T04:00:00+00:00,18915.75000,18932.50000,18892.50000,18913.50000
2025-04-15T05:00:00+00:00,18913.50000,18920.50000,18869.50000,18890.50000
2025-04-15T06:00:00+00:00,18890.25000,18924.25000,18876.25000,18921.00000
2025-04-15T07:00:00+00:00,18920.50000,19040.25000,18917.75000,19009.75000
2025-04-15T08:00:00+00:00,19012.00000,19020.75000,18964.25000,19000.25000
2025-04-15T09:00:00+00:00,18999.50000,19026.00000,18959.25000,18979.75000
2025-04-15T10:00:00+00:00,18980.25000,19007.75000,18948.25000,18984.50000
2025-04-15T11:00:00+00:00,18984.25000,18994.25000,18870.25000,18888.25000
2025-04-15T12:00:00+00:00,18889.50000,18942.25000,18835.75000,18936.00000
2025-04-15T13:00:00+00:00,18936.25000,19117.50000,18936.25000,19067.75000
2025-04-15T14:00:00+00:00,19068.25000,19144.50000,18924.50000,19019.50000
2025-04-15T15:00:00+00:00,19019.00000,19088.75000,18983.00000,19049.25000
2025-04-15T16:00:00+00:00,19050.00000,19090.50000,18943.50000,18964.00000
2025-04-15T17:00:00+00:00,18964.50000,19009.50000,18908.00000,18952.00000
2025-04-15T18:00:00+00:00,18951.25000,18994.25000,18884.25000,18975.00000
2025-04-15T19:00:00+00:00,18975.50000,19000.75000,18922.50000,18960.50000
2025-04-15T20:00:00+00:00,18959.50000,18979.00000,18930.25000,18938.00000
2025-04-15T22:00:00+00:00,18790.00000,18800.00000,18700.00000,18748.50000
2025-04-15T23:00:00+00:00,18747.00000,18761.75000,18692.75000,18729.00000
2025-04-16T00:00:00+00:00,18728.25000,18736.25000,18636.25000,18670.25000
2025-04-16T01:00:00+00:00,18671.50000,18730.25000,18670.00000,18707.00000
2025-04-16T02:00:00+00:00,18707.50000,18721.75000,18676.50000,18693.25000
2025-04-16T03:00:00+00:00,18693.25000,18721.50000,18672.00000,18676.00000
2025-04-16T04:00:00+00:00,18671.50000,18683.00000,18656.25000,18666.00000
2025-04-16T05:00:00+00:00,18667.00000,18668.25000,18504.50000,18524.50000
2025-04-16T06:00:00+00:00,18526.75000,18599.50000,18512.75000,18576.25000
2025-04-16T07:00:00+00:00,18575.25000,18615.50000,18511.50000,18519.50000
2025-04-16T08:00:00+00:00,18523.25000,18861.25000,18514.50000,18712.25000
2025-04-16T09:00:00+00:00,18715.00000,18763.00000,18676.50000,18679.25000
2025-04-16T10:00:00+00:00,18678.75000,18729.50000,18670.75000,18689.25000
2025-04-16T11:00:00+00:00,18689.00000,18724.00000,18651.25000,18695.50000
2025-04-16T12:00:00+00:00,18694.00000,18713.25000,18630.00000,18636.25000
2025-04-16T13:00:00+00:00,18636.50000,18679.50000,18523.25000,18524.00000
2025-04-16T14:00:00+00:00,18522.75000,18669.50000,18509.25000,18628.00000
2025-04-16T15:00:00+00:00,18628.00000,18728.25000,18576.25000,18587.75000
2025-04-16T16:00:00+00:00,18588.50000,18616.50000,18548.00000,18560.00000
2025-04-16T17:00:00+00:00,18561.00000,18595.75000,18288.00000,18293.00000
2025-04-16T18:00:00+00:00,18292.50000,18387.75000,18209.50000,18213.50000
2025-04-16T19:00:00+00:00,18213.25000,18400.00000,18116.25000,18388.25000
2025-04-16T20:00:00+00:00,18387.50000,18441.00000,18338.50000,18369.25000
2025-04-16T22:00:00+00:00,18391.25000,18426.75000,18370.00000,18408.50000
2025-04-16T23:00:00+00:00,18407.75000,18428.25000,18345.25000,18402.00000
2025-04-17T00:00:00+00:00,18403.50000,18498.00000,18375.50000,18487.50000
2025-04-17T01:00:00+00:00,18487.50000,18491.00000,18452.75000,18476.25000
2025-04-17T02:00:00+00:00,18474.50000,18512.50000,18453.75000,18497.50000
2025-04-17T03:00:00+00:00,18497.25000,18538.75000,18495.75000,18537.25000
2025-04-17T04:00:00+00:00,18532.25000,18543.50000,18526.25000,18535.50000
2025-04-17T05:00:00+00:00,18535.75000,18578.25000,18517.50000,18551.25000
2025-04-17T06:00:00+00:00,18551.50000,18602.50000,18530.75000,18555.50000
2025-04-17T07:00:00+00:00,18556.75000,18652.75000,18555.50000,18617.00000
2025-04-17T08:00:00+00:00,18617.00000,18620.25000,18533.50000,18537.75000
2025-04-17T09:00:00+00:00,18538.75000,18592.25000,18524.75000,18577.50000
2025-04-17T10:00:00+00:00,18576.25000,18583.50000,18496.50000,18509.25000
2025-04-17T11:00:00+00:00,18510.25000,18532.25000,18456.75000,18516.00000
2025-04-17T12:00:00+00:00,18514.75000,18624.25000,18514.50000,18530.50000
2025-04-17T13:00:00+00:00,18529.75000,18546.75000,18376.25000,18467.75000
2025-04-17T14:00:00+00:00,18466.25000,18488.00000,18261.50000,18304.00000
2025-04-17T15:00:00+00:00,18304.00000,18443.75000,18291.00000,18339.50000
2025-04-17T16:00:00+00:00,18340.25000,18478.75000,18317.00000,18454.00000
2025-04-17T17:00:00+00:00,18454.00000,18487.50000,18366.75000,18453.00000
2025-04-17T18:00:00+00:00,18453.75000,18526.00000,18418.00000,18420.00000
2025-04-17T19:00:00+00:00,18419.75000,18431.25000,18330.00000,18373.25000
2025-04-17T20:00:00+00:00,18373.75000,18455.75000,18364.25000,18427.75000
2025-04-20T22:00:00+00:00,18306.25000,18383.50000,18231.25000,18290.00000
2025-04-20T23:00:00+00:00,18286.50000,18327.50000,18279.00000,18314.75000
2025-04-21T00:00:00+00:00,18313.25000,18378.25000,18298.25000,18300.75000
2025-04-21T01:00:00+00:00,18303.00000,18315.00000,18257.25000,18286.00000
2025-04-21T02:00:00+00:00,18286.75000,18305.50000,18189.00000,18217.25000
2025-04-21T03:00:00+00:00,18219.25000,18235.00000,18209.50000,18218.50000
2025-04-21T04:00:00+00:00,18220.00000,18245.50000,18212.50000,18220.00000
2025-04-21T05:00:00+00:00,18221.25000,18254.00000,18216.25000,18246.25000
2025-04-21T06:00:00+00:00,18245.00000,18256.75000,18196.75000,18218.00000
2025-04-21T07:00:00+00:00,18219.00000,18226.75000,18150.50000,18152.75000
2025-04-21T08:00:00+00:00,18153.75000,18194.75000,18144.25000,18172.25000
2025-04-21T09:00:00+00:00,18172.75000,18181.75000,18135.00000,18171.75000
2025-04-21T10:00:00+00:00,18172.25000,18192.00000,18144.50000,18188.75000
2025-04-21T11:00:00+00:00,18187.75000,18213.75000,18080.00000,18106.25000
2025-04-21T12:00:00+00:00,18105.75000,18148.00000,18091.00000,18122.00000
2025-04-21T13:00:00+00:00,18121.25000,18165.00000,17994.00000,17994.50000
2025-04-21T14:00:00+00:00,17994.50000,17998.25000,17899.75000,17931.25000
2025-04-21T15:00:00+00:00,17931.75000,17949.50000,17786.50000,17796.75000
2025-04-21T16:00:00+00:00,17796.00000,17875.00000,17788.25000,17794.75000
2025-04-21T17:00:00+00:00,17794.50000,17812.75000,17703.00000,17712.25000
2025-04-21T18:00:00+00:00,17712.75000,17781.25000,17700.00000,17709.00000
2025-04-21T19:00:00+00:00,17708.00000,17952.00000,17705.25000,17923.00000
2025-04-21T20:00:00+00:00,17923.00000,17929.75000,17889.75000,17914.00000
2025-04-21T22:00:00+00:00,17914.00000,17934.25000,17863.75000,17893.25000
2025-04-21T23:00:00+00:00,17893.75000,18005.75000,17892.75000,18003.50000
2025-04-22T00:00:00+00:00,18003.50000,18021.25000,17976.00000,17996.25000
2025-04-22T01:00:00+00:00,17997.25000,18068.25000,17989.00000,18030.50000
2025-04-22T02:00:00+00:00,18030.00000,18049.00000,18012.00000,18028.50000
2025-04-22T03:00:00+00:00,18030.75000,18037.25000,17946.50000,17980.00000
2025-04-22T04:00:00+00:00,17979.75000,17995.00000,17972.25000,17986.25000
2025-04-22T05:00:00+00:00,17985.50000,18013.00000,17971.75000,17998.25000
2025-04-22T06:00:00+00:00,17997.25000,18163.00000,17985.25000,18146.50000
2025-04-22T07:00:00+00:00,18147.75000,18171.00000,18078.50000,18086.00000
2025-04-22T08:00:00+00:00,18085.50000,18123.50000,18055.25000,18114.50000
2025-04-22T09:00:00+00:00,18114.00000,18121.50000,18077.00000,18093.00000
2025-04-22T10:00:00+00:00,18091.00000,18105.50000,18072.75000,18094.75000
2025-04-22T11:00:00+00:00,18096.00000,18100.25000,18043.75000,18055.00000
2025-04-22T12:00:00+00:00,18054.25000,18140.50000,18046.25000,18138.25000
2025-04-22T13:00:00+00:00,18138.00000,18255.00000,18100.50000,18253.00000
2025-04-22T14:00:00+00:00,18253.75000,18354.75000,18241.00000,18340.25000
2025-04-22T15:00:00+00:00,18348.25000,18396.25000,18287.25000,18378.50000
2025-04-22T16:00:00+00:00,18378.75000,18513.75000,18378.75000,18450.50000
2025-04-22T17:00:00+00:00,18449.75000,18493.00000,18211.25000,18223.25000
2025-04-22T18:00:00+00:00,18223.50000,18399.75000,18218.00000,18382.75000
2025-04-22T19:00:00+00:00,18383.00000,18406.25000,18240.50000,18379.50000
2025-04-22T20:00:00+00:00,18380.00000,18437.25000,18345.00000,18359.00000
2025-04-22T22:00:00+00:00,18646.00000,18771.75000,18644.00000,18765.50000
2025-04-22T23:00:00+00:00,18764.25000,18802.75000,18727.00000,18760.75000
2025-04-23T00:00:00+00:00,18761.75000,18771.25000,18673.25000,18701.75000
2025-04-23T01:00:00+00:00,18700.75000,18725.00000,18623.75000,18640.25000
2025-04-23T02:00:00+00:00,18641.00000,18712.25000,18627.25000,18683.75000
2025-04-23T03:00:00+00:00,18684.75000,18706.50000,18661.50000,18704.25000
2025-04-23T04:00:00+00:00,18722.00000,18732.00000,18707.50000,18724.25000
2025-04-23T05:00:00+00:00,18723.50000,18751.25000,18681.75000,18739.00000
2025-04-23T06:00:00+00:00,18739.75000,18770.50000,18730.50000,18735.25000
2025-04-23T07:00:00+00:00,18735.00000,18790.50000,18713.50000,18782.75000
2025-04-23T08:00:00+00:00,18782.75000,18859.00000,18775.00000,18830.75000
2025-04-23T09:00:00+00:00,18832.50000,18851.50000,18814.00000,18844.75000
2025-04-23T10:00:00+00:00,18845.25000,18928.75000,18839.00000,18919.75000
2025-04-23T11:00:00+00:00,18919.00000,18945.00000,18859.75000,18859.75000
2025-04-23T12:00:00+00:00,18860.25000,18972.00000,18857.75000,18966.25000
2025-04-23T13:00:00+00:00,18966.75000,19122.25000,18889.00000,19072.00000
2025-04-23T14:00:00+00:00,19074.25000,19165.50000,18974.00000,19061.75000
2025-04-23T15:00:00+00:00,19062.25000,19104.75000,18797.25000,18876.75000
2025-04-23T16:00:00+00:00,18876.50000,18933.75000,18747.00000,18916.75000
2025-04-23T17:00:00+00:00,18915.75000,18966.25000,18832.00000,18925.75000
2025-04-23T18:00:00+00:00,18927.50000,18959.00000,18846.75000,18869.50000
2025-04-23T19:00:00+00:00,18869.25000,18894.25000,18729.75000,18788.00000
2025-04-23T20:00:00+00:00,18788.75000,18927.00000,18771.00000,18850.00000
2025-04-23T22:00:00+00:00,18826.50000,18842.25000,18740.50000,18819.25000
2025-04-23T23:00:00+00:00,18815.25000,18857.50000,18806.25000,18839.50000
2025-04-24T00:00:00+00:00,18840.00000,18875.75000,18826.25000,18841.25000
2025-04-24T01:00:00+00:00,18841.75000,18850.00000,18770.75000,18771.75000
2025-04-24T02:00:00+00:00,18771.00000,18807.00000,18747.00000,18748.00000
2025-04-24T03:00:00+00:00,18746.50000,18763.50000,18735.25000,18756.25000
2025-04-24T04:00:00+00:00,18752.75000,18769.25000,18710.75000,18763.50000
2025-04-24T05:00:00+00:00,18764.25000,18781.75000,18678.50000,18710.50000
2025-04-24T06:00:00+00:00,18711.50000,18779.00000,18706.00000,18743.75000
2025-04-24T07:00:00+00:00,18744.25000,18755.00000,18650.75000,18676.00000
2025-04-24T08:00:00+00:00,18675.25000,18704.50000,18594.75000,18629.75000
2025-04-24T09:00:00+00:00,18630.00000,18696.00000,18630.00000,18693.75000
2025-04-24T10:00:00+00:00,18695.25000,18839.50000,18693.50000,18817.00000
2025-04-24T11:00:00+00:00,18816.25000,18823.00000,18729.50000,18769.25000
2025-04-24T12:00:00+00:00,18769.50000,18865.75000,18769.00000,18851.00000
2025-04-24T13:00:00+00:00,18853.00000,19060.50000,18824.00000,19051.75000
2025-04-24T14:00:00+00:00,19052.50000,19180.00000,19044.75000,19141.25000
2025-04-24T15:00:00+00:00,19141.00000,19215.00000,19122.75000,19162.25000
2025-04-24T16:00:00+00:00,19163.00000,19278.00000,19140.25000,19262.50000
2025-04-24T17:00:00+00:00,19262.00000,19273.50000,19203.50000,19265.00000
2025-04-24T18:00:00+00:00,19265.75000,19325.00000,19258.50000,19293.25000
2025-04-24T19:00:00+00:00,19292.00000,19338.00000,19221.00000,19319.00000
2025-04-24T20:00:00+00:00,19319.25000,19418.00000,19312.75000,19347.50000
2025-04-24T22:00:00+00:00,19405.00000,19427.00000,19352.25000,19405.25000
2025-04-24T23:00:00+00:00,19406.75000,19435.50000,19396.50000,19412.50000
2025-04-25T00:00:00+00:00,19412.75000,19462.75000,19390.00000,19456.50000
2025-04-25T01:00:00+00:00,19456.00000,19469.75000,19401.25000,19411.50000
2025-04-25T02:00:00+00:00,19410.75000,19422.75000,19363.00000,19384.50000
2025-04-25T03:00:00+00:00,19382.50000,19454.00000,19367.00000,19450.50000
2025-04-25T04:00:00+00:00,19479.00000,19497.50000,19397.25000,19408.00000
2025-04-25T05:00:00+00:00,19408.25000,19434.00000,19391.50000,19410.75000
2025-04-25T06:00:00+00:00,19412.75000,19478.00000,19403.00000,19462.00000
2025-04-25T07:00:00+00:00,19462.00000,19465.75000,19373.25000,19418.00000
2025-04-25T08:00:00+00:00,19416.50000,19451.25000,19383.50000,19403.75000
2025-04-25T09:00:00+00:00,19403.75000,19404.00000,19344.25000,19396.75000
2025-04-25T10:00:00+00:00,19396.00000,19416.00000,19218.00000,19230.50000
2025-04-25T11:00:00+00:00,19230.75000,19322.00000,19229.75000,19255.25000
2025-04-25T12:00:00+00:00,19255.00000,19298.00000,19233.00000,19245.25000
2025-04-25T13:00:00+00:00,19245.00000,19363.75000,19216.25000,19263.75000
2025-04-25T14:00:00+00:00,19257.00000,19405.75000,19233.75000,19338.25000
2025-04-25T15:00:00+00:00,19338.00000,19393.00000,19309.25000,19362.75000
2025-04-25T16:00:00+00:00,19363.25000,19469.00000,19349.75000,19466.50000
2025-04-25T17:00:00+00:00,19467.00000,19554.25000,19374.25000,19428.25000
2025-04-25T18:00:00+00:00,19428.75000,19528.50000,19414.25000,19500.50000
2025-04-25T19:00:00+00:00,19500.50000,19546.75000,19447.25000,19531.00000
2025-04-25T20:00:00+00:00,19530.50000,19589.00000,19526.00000,19554.75000
2025-04-27T22:00:00+00:00,19524.50000,19524.50000,19450.00000,19460.50000
2025-04-27T23:00:00+00:00,19459.75000,19475.00000,19435.25000,19454.75000
2025-04-28T00:00:00+00:00,19457.00000,19471.50000,19402.50000,19413.50000
2025-04-28T01:00:00+00:00,19413.00000,19432.75000,19392.25000,19429.50000
2025-04-28T02:00:00+00:00,19430.00000,19452.00000,19406.50000,19417.50000
2025-04-28T03:00:00+00:00,19417.75000,19422.25000,19395.50000,19403.25000
2025-04-28T04:00:00+00:00,19403.25000,19427.75000,19403.25000,19411.25000
2025-04-28T05:00:00+00:00,19411.75000,19429.75000,19404.00000,19416.25000
2025-04-28T06:00:00+00:00,19416.75000,19505.50000,19416.75000,19502.75000
2025-04-28T07:00:00+00:00,19503.25000,19518.00000,19467.50000,19469.00000
2025-04-28T08:00:00+00:00,19468.25000,19502.75000,19440.75000,19500.00000
2025-04-28T09:00:00+00:00,19500.25000,19540.00000,19482.75000,19515.00000
2025-04-28T10:00:00+00:00,19516.25000,19523.00000,19466.25000,19477.00000
2025-04-28T11:00:00+00:00,19475.50000,19533.25000,19466.25000,19514.50000
2025-04-28T12:00:00+00:00,19514.75000,19550.00000,19470.25000,19540.00000
2025-04-28T13:00:00+00:00,19540.00000,19623.00000,19454.00000,19465.25000
2025-04-28T14:00:00+00:00,19464.50000,19539.25000,19433.25000,19471.75000
2025-04-28T15:00:00+00:00,19471.50000,19496.00000,19311.75000,19347.75000
2025-04-28T16:00:00+00:00,19347.00000,19356.25000,19267.50000,19318.00000
2025-04-28T17:00:00+00:00,19317.00000,19378.75000,19257.25000,19371.25000
2025-04-28T18:00:00+00:00,19372.00000,19438.75000,19356.75000,19428.50000
2025-04-28T19:00:00+00:00,19429.00000,19578.75000,19423.50000,19524.50000
2025-04-28T20:00:00+00:00,19524.75000,19526.50000,19475.25000,19483.75000
2025-04-28T22:00:00+00:00,19478.25000,19490.25000,19455.50000,19486.00000
2025-04-28T23:00:00+00:00,19485.75000,19532.25000,19478.25000,19528.50000
2025-04-29T00:00:00+00:00,19528.25000,19561.00000,19496.25000,19555.00000
2025-04-29T01:00:00+00:00,19554.00000,19600.00000,19544.50000,19594.25000
2025-04-29T02:00:00+00:00,19594.25000,19630.75000,19559.00000,19569.50000
2025-04-29T03:00:00+00:00,19570.50000,19591.00000,19561.00000,19573.50000
2025-04-29T04:00:00+00:00,19566.75000,19597.50000,19541.50000,19552.75000
2025-04-29T05:00:00+00:00,19552.50000,19570.50000,19530.00000,19532.75000
2025-04-29T06:00:00+00:00,19531.50000,19565.50000,19525.50000,19542.75000
2025-04-29T07:00:00+00:00,19543.50000,19621.75000,19532.75000,19609.75000
2025-04-29T08:00:00+00:00,19610.25000,19610.75000,19541.25000,19581.25000
2025-04-29T09:00:00+00:00,19582.00000,19589.50000,19545.75000,19567.00000
2025-04-29T10:00:00+00:00,19566.25000,19580.75000,19447.25000,19496.25000
2025-04-29T11:00:00+00:00,19496.00000,19531.50000,19488.25000,19504.25000
2025-04-29T12:00:00+00:00,19503.25000,19538.00000,19445.50000,19450.00000
2025-04-29T13:00:00+00:00,19450.50000,19546.00000,19378.00000,19506.25000
2025-04-29T14:00:00+00:00,19506.00000,19601.25000,19466.25000,19597.00000
2025-04-29T15:00:00+00:00,19598.00000,19615.25000,19500.00000,19539.00000
2025-04-29T16:00:00+00:00,19538.50000,19606.00000,19471.00000,19494.25000
2025-04-29T17:00:00+00:00,19494.00000,19667.50000,19483.00000,19656.00000
2025-04-29T18:00:00+00:00,19656.50000,19688.50000,19638.75000,19646.25000
2025-04-29T19:00:00+00:00,19646.50000,19683.25000,19615.00000,19645.00000
2025-04-29T20:00:00+00:00,19645.25000,19668.50000,19567.25000,19614.25000
2025-04-29T22:00:00+00:00,19599.75000,19611.75000,19563.25000,19564.50000
2025-04-29T23:00:00+00:00,19564.50000,19574.50000,19544.75000,19563.00000
2025-04-30T00:00:00+00:00,19562.50000,19584.50000,19518.75000,19531.25000
2025-04-30T01:00:00+00:00,19530.00000,19544.75000,19506.00000,19512.75000
2025-04-30T02:00:00+00:00,19513.25000,19528.50000,19500.00000,19509.25000
2025-04-30T03:00:00+00:00,19509.50000,19527.75000,19485.25000,19526.00000
2025-04-30T04:00:00+00:00,19514.25000,19540.25000,19511.75000,19519.75000
2025-04-30T05:00:00+00:00,19520.25000,19538.25000,19503.50000,19537.50000
2025-04-30T06:00:00+00:00,19536.75000,19572.75000,19534.00000,19564.25000
2025-04-30T07:00:00+00:00,19564.75000,19594.75000,19562.50000,19587.75000
2025-04-30T08:00:00+00:00,19585.25000,19622.75000,19557.75000,19575.25000
2025-04-30T09:00:00+00:00,19574.50000,19615.00000,19573.50000,19589.00000
2025-04-30T10:00:00+00:00,19589.75000,19593.00000,19543.50000,19570.75000
2025-04-30T11:00:00+00:00,19571.50000,19601.00000,19511.25000,19527.25000
2025-04-30T12:00:00+00:00,19527.00000,19535.50000,19257.50000,19286.25000
2025-04-30T13:00:00+00:00,19285.50000,19307.50000,19106.00000,19121.25000
2025-04-30T14:00:00+00:00,19120.25000,19355.00000,19103.75000,19333.00000
2025-04-30T15:00:00+00:00,19332.75000,19455.00000,19327.50000,19443.25000
2025-04-30T16:00:00+00:00,19442.75000,19473.50000,19356.75000,19438.25000
2025-04-30T17:00:00+00:00,19438.25000,19509.00000,19337.00000,19478.25000
2025-04-30T18:00:00+00:00,19478.50000,19582.00000,19447.50000,19474.25000
2025-04-30T19:00:00+00:00,19474.75000,19715.75000,19467.25000,19642.50000
2025-04-30T20:00:00+00:00,19643.00000,19880.00000,19591.25000,19848.50000
2025-04-30T22:00:00+00:00,19834.00000,19936.00000,19805.00000,19903.25000
2025-04-30T23:00:00+00:00,19903.25000,19934.00000,19868.00000,19917.25000
2025-05-01T00:00:00+00:00,19917.75000,19955.50000,19912.50000,19946.75000
2025-05-01T01:00:00+00:00,19947.00000,19951.75000,19910.75000,19929.00000
2025-05-01T02:00:00+00:00,19928.50000,19951.25000,19907.50000,19913.75000
2025-05-01T03:00:00+00:00,19913.50000,19963.00000,19907.00000,19958.50000
2025-05-01T04:00:00+00:00,19956.50000,19958.25000,19934.25000,19941.50000
2025-05-01T05:00:00+00:00,19941.75000,19974.00000,19918.25000,19921.50000
2025-05-01T06:00:00+00:00,19922.25000,19948.50000,19915.25000,19922.00000
2025-05-01T07:00:00+00:00,19922.50000,19976.50000,19901.25000,19956.25000
2025-05-01T08:00:00+00:00,19955.75000,19987.75000,19931.50000,19984.00000
2025-05-01T09:00:00+00:00,19984.50000,20023.50000,19973.00000,20017.75000
2025-05-01T10:00:00+00:00,20017.00000,20027.50000,19983.00000,20001.50000
2025-05-01T11:00:00+00:00,20001.75000,20027.00000,19980.50000,20010.00000
2025-05-01T12:00:00+00:00,20008.75000,20035.75000,19949.50000,19953.50000
2025-05-01T13:00:00+00:00,19954.00000,19996.25000,19860.00000,19860.00000
2025-05-01T14:00:00+00:00,19877.00000,20073.50000,19866.00000,20072.75000
2025-05-01T15:00:00+00:00,20073.25000,20125.75000,19933.00000,19962.00000
2025-05-01T16:00:00+00:00,19963.00000,19999.50000,19910.00000,19942.75000
2025-05-01T17:00:00+00:00,19942.25000,20029.00000,19939.00000,19982.00000
2025-05-01T18:00:00+00:00,19982.00000,20049.25000,19976.50000,20009.00000
2025-05-01T19:00:00+00:00,20009.00000,20022.50000,19857.75000,19878.00000
2025-05-01T20:00:00+00:00,19878.25000,19923.00000,19757.25000,19799.00000
2025-05-01T22:00:00+00:00,19782.50000,19797.25000,19749.50000,19788.50000
2025-05-01T23:00:00+00:00,19788.00000,19826.00000,19778.00000,19789.50000
2025-05-02T00:00:00+00:00,19790.00000,19968.75000,19755.00000,19943.25000
2025-05-02T01:00:00+00:00,19941.75000,19981.25000,19915.25000,19928.75000
2025-05-02T02:00:00+00:00,19928.50000,19972.75000,19906.75000,19959.00000
2025-05-02T03:00:00+00:00,19959.00000,19987.00000,19952.50000,19977.00000
2025-05-02T04:00:00+00:00,19993.50000,19997.25000,19965.75000,19985.00000
2025-05-02T05:00:00+00:00,19986.00000,19989.00000,19940.50000,19950.50000
2025-05-02T06:00:00+00:00,19948.75000,19948.75000,19883.25000,19930.25000
2025-05-02T07:00:00+00:00,19930.75000,19959.25000,19901.00000,19903.00000
2025-05-02T08:00:00+00:00,19902.00000,19949.50000,19867.00000,19870.25000
2025-05-02T09:00:00+00:00,19869.00000,19934.00000,19864.00000,19918.50000
2025-05-02T10:00:00+00:00,19919.50000,19956.00000,19909.50000,19932.00000
2025-05-02T11:00:00+00:00,19932.00000,19958.00000,19901.50000,19917.75000
2025-05-02T12:00:00+00:00,19918.25000,20105.50000,19911.00000,20095.25000
2025-05-02T13:00:00+00:00,20095.75000,20141.25000,20020.00000,20073.00000
2025-05-02T14:00:00+00:00,20073.25000,20180.50000,20062.00000,20166.00000
2025-05-02T15:00:00+00:00,20166.00000,20207.00000,20127.25000,20197.25000
2025-05-02T16:00:00+00:00,20197.00000,20266.00000,20192.00000,20241.75000
2025-05-02T17:00:00+00:00,20242.00000,20254.50000,20196.25000,20226.00000
2025-05-02T18:00:00+00:00,20225.75000,20276.75000,20198.75000,20221.25000
2025-05-02T19:00:00+00:00,20220.75000,20235.50000,20152.25000,20185.50000
2025-05-02T20:00:00+00:00,20186.00000,20225.00000,20177.50000,20204.50000
2025-05-04T22:00:00+00:00,20181.50000,20201.75000,20108.25000,20115.00000
2025-05-04T23:00:00+00:00,20113.75000,20122.25000,20052.50000,20085.00000
2025-05-05T00:00:00+00:00,20084.75000,20111.50000,20067.75000,20104.00000
2025-05-05T01:00:00+00:00,20102.50000,20103.00000,19991.50000,20004.00000
2025-05-05T02:00:00+00:00,20003.75000,20050.25000,19995.25000,20035.25000
2025-05-05T03:00:00+00:00,20035.25000,20073.75000,20021.75000,20056.50000
2025-05-05T04:00:00+00:00,20056.50000,20059.50000,20017.00000,20036.50000
2025-05-05T05:00:00+00:00,20037.75000,20072.75000,20037.75000,20062.75000
2025-05-05T06:00:00+00:00,20062.00000,20098.75000,20060.00000,20061.75000
2025-05-05T07:00:00+00:00,20062.25000,20070.00000,20037.00000,20057.25000
2025-05-05T08:00:00+00:00,20058.00000,20077.75000,19977.25000,20000.75000
2025-05-05T09:00:00+00:00,20000.50000,20028.25000,19982.75000,20011.50000
2025-05-05T10:00:00+00:00,20012.00000,20020.50000,19981.50000,20010.00000
2025-05-05T11:00:00+00:00,20011.00000,20019.75000,19966.00000,19980.50000
2025-05-05T12:00:00+00:00,19980.75000,20012.25000,19970.50000,20004.75000
2025-05-05T13:00:00+00:00,20004.25000,20070.75000,19985.25000,20051.25000
2025-05-05T14:00:00+00:00,20059.25000,20115.25000,20009.00000,20105.00000
2025-05-05T15:00:00+00:00,20103.75000,20124.00000,20065.50000,20102.00000
2025-05-05T16:00:00+00:00,20102.25000,20146.75000,20094.50000,20134.25000
2025-05-05T17:00:00+00:00,20134.00000,20156.25000,20106.25000,20143.75000
2025-05-05T18:00:00+00:00,20144.00000,20191.50000,20138.25000,20151.50000
2025-05-05T19:00:00+00:00,20152.00000,20155.00000,20044.75000,20065.50000
2025-05-05T20:00:00+00:00,20065.75000,20070.50000,20002.25000,20042.25000
2025-05-05T22:00:00+00:00,20014.25000,20036.75000,20007.00000,20017.75000
2025-05-05T23:00:00+00:00,20016.50000,20035.25000,20005.00000,20008.25000
2025-05-06T00:00:00+00:00,20008.75000,20030.50000,19975.25000,19992.75000
2025-05-06T01:00:00+00:00,19993.75000,20004.25000,19952.50000,19958.25000
2025-05-06T02:00:00+00:00,19959.00000,19971.25000,19937.00000,19955.00000
2025-05-06T03:00:00+00:00,19955.25000,19988.50000,19932.25000,19987.75000
2025-05-06T04:00:00+00:00,19985.50000,19986.50000,19953.25000,19973.25000
2025-05-06T05:00:00+00:00,19973.25000,19976.25000,19913.00000,19923.00000
2025-05-06T06:00:00+00:00,19922.50000,19965.25000,19919.25000,19961.25000
2025-05-06T07:00:00+00:00,19962.00000,19974.75000,19893.50000,19902.25000
2025-05-06T08:00:00+00:00,19902.50000,19910.00000,19832.00000,19873.75000
2025-05-06T09:00:00+00:00,19873.75000,19875.75000,19824.25000,19866.50000
2025-05-06T10:00:00+00:00,19866.00000,19893.25000,19852.25000,19891.75000
2025-05-06T11:00:00+00:00,19892.00000,19908.25000,19806.00000,19840.00000
2025-05-06T12:00:00+00:00,19840.25000,19854.75000,19803.00000,19840.50000
2025-05-06T13:00:00+00:00,19840.50000,19864.00000,19747.00000,19757.75000
2025-05-06T14:00:00+00:00,19757.50000,19937.75000,19739.25000,19909.50000
2025-05-06T15:00:00+00:00,19923.25000,19952.50000,19885.25000,19897.00000
2025-05-06T16:00:00+00:00,19895.75000,20026.25000,19860.25000,19864.25000
2025-05-06T17:00:00+00:00,19864.75000,19920.00000,19837.50000,19846.75000
2025-05-06T18:00:00+00:00,19847.00000,19955.00000,19845.50000,19954.25000
2025-05-06T19:00:00+00:00,19953.75000,19972.50000,19870.75000,19875.75000
2025-05-06T20:00:00+00:00,19876.25000,19905.50000,19809.00000,19846.75000
2025-05-06T22:00:00+00:00,19809.00000,20133.75000,19799.50000,20078.25000
2025-05-06T23:00:00+00:00,20079.75000,20086.25000,20030.00000,20068.00000
2025-05-07T00:00:00+00:00,20067.25000,20105.50000,20005.25000,20082.75000
2025-05-07T01:00:00+00:00,20082.00000,20108.00000,20033.75000,20052.00000
2025-05-07T02:00:00+00:00,20052.75000,20055.75000,19976.00000,19996.00000
2025-05-07T03:00:00+00:00,19997.00000,20021.75000,19992.75000,20005.00000
2025-05-07T04:00:00+00:00,20017.50000,20035.50000,20001.25000,20013.00000
2025-05-07T05:00:00+00:00,20014.00000,20015.25000,19971.25000,19978.50000
2025-05-07T06:00:00+00:00,19978.25000,20001.25000,19953.00000,19981.00000
2025-05-07T07:00:00+00:00,19981.00000,20020.75000,19973.50000,20013.50000
2025-05-07T08:00:00+00:00,20014.25000,20025.00000,19969.50000,20007.50000
2025-05-07T09:00:00+00:00,20007.00000,20018.25000,19971.00000,19990.50000
2025-05-07T10:00:00+00:00,19990.00000,20007.50000,19966.75000,19996.25000
2025-05-07T11:00:00+00:00,19997.50000,20030.25000,19980.25000,19995.75000
2025-05-07T12:00:00+00:00,19995.50000,19997.50000,19908.00000,19932.50000
2025-05-07T13:00:00+00:00,19932.25000,19944.75000,19857.50000,19937.50000
2025-05-07T14:00:00+00:00,19936.75000,19977.25000,19829.25000,19842.50000
2025-05-07T15:00:00+00:00,19843.00000,19857.25000,19787.00000,19850.00000
2025-05-07T16:00:00+00:00,19848.00000,19904.25000,19806.00000,19898.75000
2025-05-07T17:00:00+00:00,19898.50000,19925.75000,19802.50000,19818.75000
2025-05-07T18:00:00+00:00,19817.50000,19902.75000,19678.75000,19886.25000
2025-05-07T19:00:00+00:00,19886.75000,20053.50000,19764.00000,19949.50000
2025-05-07T20:00:00+00:00,19949.25000,19998.25000,19915.50000,19957.50000
2025-05-07T22:00:00+00:00,19934.50000,19957.25000,19910.75000,19943.50000
2025-05-07T23:00:00+00:00,19943.75000,19978.25000,19940.75000,19953.00000
2025-05-08T00:00:00+00:00,19952.75000,20039.50000,19925.50000,20027.75000
2025-05-08T01:00:00+00:00,20027.75000,20123.25000,20013.75000,20066.00000
2025-05-08T02:00:00+00:00,20068.00000,20116.00000,20068.00000,20098.25000
2025-05-08T03:00:00+00:00,20098.00000,20170.00000,20096.25000,20166.50000
2025-05-08T04:00:00+00:00,20173.75000,20197.75000,20168.00000,20183.50000
2025-05-08T05:00:00+00:00,20183.50000,20195.25000,20147.75000,20156.75000
2025-05-08T06:00:00+00:00,20155.50000,20160.00000,20124.00000,20145.75000
2025-05-08T07:00:00+00:00,20145.25000,20192.00000,20136.75000,20177.25000
2025-05-08T08:00:00+00:00,20178.00000,20231.25000,20153.75000,20225.75000
2025-05-08T09:00:00+00:00,20225.75000,20262.25000,20214.25000,20245.50000
2025-05-08T10:00:00+00:00,20246.25000,20257.25000,20226.50000,20253.75000
2025-05-08T11:00:00+00:00,20253.50000,20257.25000,20185.00000,20197.75000
2025-05-08T12:00:00+00:00,20198.00000,20226.50000,20134.50000,20174.75000
2025-05-08T13:00:00+00:00,20175.25000,20183.75000,20061.00000,20089.25000
2025-05-08T14:00:00+00:00,20090.50000,20124.25000,19979.00000,20017.25000
2025-05-08T15:00:00+00:00,20016.25000,20316.50000,19993.25000,20273.00000
2025-05-08T16:00:00+00:00,20273.00000,20337.25000,20268.75000,20331.75000
2025-05-08T17:00:00+00:00,20331.00000,20335.75000,20246.75000,20250.75000
2025-05-08T18:00:00+00:00,20250.00000,20317.75000,20234.25000,20283.75000
2025-05-08T19:00:00+00:00,20283.75000,20331.25000,20141.25000,20152.50000
2025-05-08T20:00:00+00:00,20153.00000,20179.50000,20143.50000,20156.25000
2025-05-08T22:00:00+00:00,20157.00000,20182.50000,20137.00000,20161.00000
2025-05-08T23:00:00+00:00,20160.75000,20172.00000,20124.00000,20139.25000
2025-05-09T00:00:00+00:00,20138.25000,20140.00000,20080.75000,20121.75000
2025-05-09T01:00:00+00:00,20121.75000,20160.75000,20112.25000,20158.75000
2025-05-09T02:00:00+00:00,20160.25000,20201.00000,20148.75000,20153.25000
2025-05-09T03:00:00+00:00,20152.00000,20189.50000,20124.25000,20187.75000
2025-05-09T04:00:00+00:00,20188.00000,20194.00000,20170.25000,20183.50000
2025-05-09T05:00:00+00:00,20182.50000,20203.00000,20156.25000,20192.50000
2025-05-09T06:00:00+00:00,20193.00000,20205.50000,20172.75000,20191.25000
2025-05-09T07:00:00+00:00,20191.25000,20232.25000,20167.75000,20193.00000
2025-05-09T08:00:00+00:00,20191.75000,20201.75000,20165.00000,20174.00000
2025-05-09T09:00:00+00:00,20173.25000,20199.75000,20172.00000,20198.00000
2025-05-09T10:00:00+00:00,20198.75000,20238.00000,20196.00000,20230.50000
2025-05-09T11:00:00+00:00,20230.75000,20288.75000,20140.00000,20206.50000
2025-05-09T12:00:00+00:00,20205.50000,20256.00000,20195.00000,20232.25000
2025-05-09T13:00:00+00:00,20232.75000,20279.75000,20205.00000,20254.25000
2025-05-09T14:00:00+00:00,20254.00000,20275.00000,20058.00000,20142.00000
2025-05-09T15:00:00+00:00,20143.00000,20176.25000,20103.00000,20169.75000
2025-05-09T16:00:00+00:00,20170.25000,20174.75000,20072.00000,20087.75000
2025-05-09T17:00:00+00:00,20088.25000,20161.00000,20061.50000,20156.00000
2025-05-09T18:00:00+00:00,20155.25000,20160.25000,20110.00000,20141.50000
2025-05-09T19:00:00+00:00,20141.25000,20185.50000,20131.00000,20136.25000
2025-05-09T20:00:00+00:00,20136.25000,20149.25000,20120.50000,20140.50000
2025-05-11T22:00:00+00:00,20398.50000,20474.75000,20376.75000,20407.00000
2025-05-11T23:00:00+00:00,20409.75000,20503.25000,20404.00000,20453.50000
2025-05-12T00:00:00+00:00,20452.25000,20508.50000,20441.00000,20492.75000
2025-05-12T01:00:00+00:00,20493.50000,20547.00000,20488.75000,20516.50000
2025-05-12T02:00:00+00:00,20516.00000,20533.50000,20503.75000,20529.50000
2025-05-12T03:00:00+00:00,20528.25000,20538.00000,20511.75000,20526.50000
2025-05-12T04:00:00+00:00,20526.50000,20535.00000,20520.50000,20530.50000
2025-05-12T05:00:00+00:00,20530.50000,20563.25000,20523.25000,20552.25000
2025-05-12T06:00:00+00:00,20553.25000,20593.25000,20541.00000,20563.50000
2025-05-12T07:00:00+00:00,20563.25000,20930.25000,20563.25000,20810.75000
2025-05-12T08:00:00+00:00,20812.25000,20898.25000,20779.00000,20876.25000
2025-05-12T09:00:00+00:00,20877.50000,20914.00000,20874.00000,20906.50000
2025-05-12T10:00:00+00:00,20907.50000,20983.00000,20882.50000,20971.50000
2025-05-12T11:00:00+00:00,20972.00000,20991.50000,20883.00000,20913.50000
2025-05-12T12:00:00+00:00,20913.50000,20965.25000,20906.50000,20916.75000
2025-05-12T13:00:00+00:00,20916.50000,20939.75000,20746.50000,20786.75000
2025-05-12T14:00:00+00:00,20787.75000,20849.25000,20690.00000,20770.50000
2025-05-12T15:00:00+00:00,20772.00000,20806.50000,20753.75000,20764.75000
2025-05-12T16:00:00+00:00,20765.25000,20883.50000,20756.75000,20877.75000
2025-05-12T17:00:00+00:00,20878.25000,20935.00000,20872.25000,20908.75000
2025-05-12T18:00:00+00:00,20909.00000,20943.50000,20893.25000,20896.50000
2025-05-12T19:00:00+00:00,20896.00000,20954.25000,20859.00000,20950.25000
2025-05-12T20:00:00+00:00,20950.00000,20996.00000,20937.75000,20957.00000
2025-05-12T22:00:00+00:00,20954.75000,20963.50000,20913.25000,20919.50000
2025-05-12T23:00:00+00:00,20920.50000,20968.00000,20908.00000,20908.75000
2025-05-13T00:00:00+00:00,20908.50000,20909.25000,20866.00000,20875.25000
2025-05-13T01:00:00+00:00,20876.25000,20895.25000,20864.00000,20875.25000
2025-05-13T02:00:00+00:00,20875.25000,20894.00000,20850.00000,20872.25000
2025-05-13T03:00:00+00:00,20871.75000,20875.25000,20842.25000,20848.00000
2025-05-13T04:00:00+00:00,20844.00000,20854.25000,20818.00000,20839.25000
2025-05-13T05:00:00+00:00,20838.50000,20867.25000,20837.00000,20861.25000
2025-05-13T06:00:00+00:00,20861.25000,20882.75000,20846.75000,20848.50000
2025-05-13T07:00:00+00:00,20848.50000,20869.25000,20831.00000,20846.50000
2025-05-13T08:00:00+00:00,20847.75000,20877.00000,20824.50000,20833.75000
2025-05-13T09:00:00+00:00,20835.25000,20881.75000,20827.75000,20881.75000
2025-05-13T10:00:00+00:00,20881.50000,20911.00000,20860.50000,20890.25000
2025-05-13T11:00:00+00:00,20891.25000,20945.25000,20886.50000,20942.00000
2025-05-13T12:00:00+00:00,20941.50000,21065.75000,20931.00000,21008.75000
2025-05-13T13:00:00+00:00,21008.75000,21131.75000,20972.75000,21124.50000
2025-05-13T14:00:00+00:00,21125.00000,21260.00000,21115.50000,21250.00000
2025-05-13T15:00:00+00:00,21250.75000,21304.75000,21230.75000,21284.25000
2025-05-13T16:00:00+00:00,21284.00000,21338.50000,21252.50000,21321.25000
2025-05-13T17:00:00+00:00,21322.00000,21346.50000,21294.00000,21295.75000
2025-05-13T18:00:00+00:00,21296.50000,21331.25000,21275.00000,21327.50000
2025-05-13T19:00:00+00:00,21326.75000,21341.50000,21257.75000,21270.75000
2025-05-13T20:00:00+00:00,21270.75000,21274.25000,21247.50000,21254.75000
2025-05-13T22:00:00+00:00,21250.00000,21273.00000,21249.50000,21261.25000
2025-05-13T23:00:00+00:00,21261.25000,21301.00000,21252.25000,21292.50000
2025-05-14T00:00:00+00:00,21292.25000,21297.50000,21260.75000,21267.50000
2025-05-14T01:00:00+00:00,21267.75000,21283.75000,21247.00000,21283.75000
2025-05-14T02:00:00+00:00,21283.50000,21291.50000,21262.25000,21275.25000
2025-05-14T03:00:00+00:00,21275.25000,21299.00000,21271.75000,21288.00000
2025-05-14T04:00:00+00:00,21282.50000,21316.00000,21282.50000,21307.50000
2025-05-14T05:00:00+00:00,21306.75000,21323.50000,21302.50000,21317.00000
2025-05-14T06:00:00+00:00,21317.50000,21355.75000,21305.50000,21348.50000
2025-05-14T07:00:00+00:00,21349.00000,21353.00000,21289.00000,21305.75000
2025-05-14T08:00:00+00:00,21306.00000,21314.50000,21257.00000,21274.25000
2025-05-14T09:00:00+00:00,21273.00000,21290.00000,21238.25000,21260.75000
2025-05-14T10:00:00+00:00,21260.00000,21303.50000,21254.00000,21293.50000
2025-05-14T11:00:00+00:00,21293.25000,21382.50000,21292.75000,21344.75000
2025-05-14T12:00:00+00:00,21344.25000,21367.25000,21317.50000,21324.25000
2025-05-14T13:00:00+00:00,21325.00000,21405.25000,21273.75000,21330.75000
2025-05-14T14:00:00+00:00,21331.75000,21370.00000,21297.75000,21357.00000
2025-05-14T15:00:00+00:00,21357.50000,21389.25000,21289.00000,21376.25000
2025-05-14T16:00:00+00:00,21375.75000,21419.50000,21355.75000,21367.50000
2025-05-14T17:00:00+00:00,21367.25000,21369.75000,21281.50000,21365.25000
2025-05-14T18:00:00+00:00,21365.25000,21400.50000,21336.00000,21369.50000
2025-05-14T19:00:00+00:00,21369.75000,21406.50000,21331.00000,21396.50000
2025-05-14T20:00:00+00:00,21396.50000,21412.75000,21379.25000,21399.75000
2025-05-14T22:00:00+00:00,21379.75000,21386.50000,21361.50000,21380.00000
2025-05-14T23:00:00+00:00,21379.25000,21382.50000,21357.50000,21375.25000
2025-05-15T00:00:00+00:00,21375.50000,21390.75000,21367.25000,21381.75000
2025-05-15T01:00:00+00:00,21381.50000,21397.75000,21365.50000,21373.50000
2025-05-15T02:00:00+00:00,21373.50000,21412.00000,21365.25000,21406.50000
2025-05-15T03:00:00+00:00,21407.25000,21409.75000,21376.50000,21380.00000
2025-05-15T04:00:00+00:00,21382.50000,21388.50000,21372.75000,21384.25000
2025-05-15T05:00:00+00:00,21385.00000,21386.75000,21317.25000,21331.25000
2025-05-15T06:00:00+00:00,21331.25000,21370.50000,21325.25000,21344.50000
2025-05-15T07:00:00+00:00,21344.25000,21357.25000,21265.50000,21272.50000
2025-05-15T08:00:00+00:00,21272.25000,21290.50000,21198.50000,21214.75000
2025-05-15T09:00:00+00:00,21215.25000,21264.25000,21192.00000,21259.00000
2025-05-15T10:00:00+00:00,21258.25000,21258.25000,21225.00000,21250.25000
2025-05-15T11:00:00+00:00,21250.25000,21301.25000,21247.75000,21275.25000
2025-05-15T12:00:00+00:00,21272.25000,21330.00000,21236.25000,21288.00000
2025-05-15T13:00:00+00:00,21288.00000,21339.25000,21247.75000,21299.00000
2025-05-15T14:00:00+00:00,21299.00000,21346.50000,21257.25000,21335.25000
2025-05-15T15:00:00+00:00,21335.25000,21446.50000,21327.75000,21429.25000
2025-05-15T16:00:00+00:00,21429.50000,21492.75000,21419.00000,21491.75000
2025-05-15T17:00:00+00:00,21491.50000,21529.75000,21468.00000,21475.50000
2025-05-15T18:00:00+00:00,21474.75000,21474.75000,21376.00000,21392.50000
2025-05-15T19:00:00+00:00,21392.25000,21423.25000,21303.75000,21418.50000
2025-05-15T20:00:00+00:00,21419.25000,21445.00000,21395.25000,21395.50000
2025-05-15T21:00:00+00:00,21396.25000,21396.50000,21396.25000,21396.50000
2025-05-15T22:00:00+00:00,21396.00000,21403.25000,21379.50000,21383.75000
2025-05-15T23:00:00+00:00,21383.50000,21415.75000,21381.25000,21414.25000
2025-05-16T00:00:00+00:00,21415.00000,21436.25000,21358.50000,21360.75000
2025-05-16T01:00:00+00:00,21359.75000,21377.50000,21348.75000,21370.25000
2025-05-16T02:00:00+00:00,21370.00000,21409.25000,21360.75000,21401.75000
2025-05-16T03:00:00+00:00,21401.25000,21416.25000,21396.75000,21405.75000
2025-05-16T04:00:00+00:00,21409.50000,21418.50000,21398.25000,21402.50000
2025-05-16T05:00:00+00:00,21401.75000,21406.50000,21384.00000,21387.00000
2025-05-16T06:00:00+00:00,21387.75000,21409.50000,21363.00000,21369.00000
2025-05-16T07:00:00+00:00,21369.50000,21455.75000,21362.00000,21442.50000
2025-05-16T08:00:00+00:00,21443.00000,21478.50000,21438.25000,21460.50000
2025-05-16T09:00:00+00:00,21461.75000,21467.50000,21437.75000,21440.25000
2025-05-16T10:00:00+00:00,21440.00000,21472.00000,21430.50000,21457.75000
2025-05-16T11:00:00+00:00,21458.25000,21488.25000,21447.25000,21481.25000
2025-05-16T12:00:00+00:00,21480.25000,21501.00000,21434.00000,21439.25000
2025-05-16T13:00:00+00:00,21438.75000,21504.75000,21388.25000,21437.50000
2025-05-16T14:00:00+00:00,21435.75000,21456.50000,21320.50000,21391.00000
2025-05-16T15:00:00+00:00,21391.50000,21443.25000,21373.75000,21412.50000
2025-05-16T16:00:00+00:00,21411.50000,21451.25000,21405.50000,21427.50000
2025-05-16T17:00:00+00:00,21427.25000,21478.00000,21419.25000,21445.00000
2025-05-16T18:00:00+00:00,21445.50000,21493.25000,21435.25000,21476.50000
2025-05-16T19:00:00+00:00,21477.00000,21512.00000,21461.75000,21504.75000
2025-05-16T20:00:00+00:00,21505.25000,21509.75000,21384.00000,21400.25000
2025-05-18T22:00:00+00:00,21310.75000,21374.75000,21283.75000,21370.00000
2025-05-18T23:00:00+00:00,21370.75000,21418.00000,21355.75000,21381.25000
2025-05-19T00:00:00+00:00,21381.75000,21383.00000,21264.75000,21302.75000
2025-05-19T01:00:00+00:00,21302.50000,21309.00000,21273.25000,21274.75000
2025-05-19T02:00:00+00:00,21274.50000,21300.00000,21260.75000,21263.75000
2025-05-19T03:00:00+00:00,21264.00000,21265.25000,21196.25000,21212.00000
2025-05-19T04:00:00+00:00,21212.25000,21239.00000,21205.50000,21221.00000
2025-05-19T05:00:00+00:00,21221.00000,21253.25000,21212.50000,21247.00000
2025-05-19T06:00:00+00:00,21247.25000,21290.00000,21186.50000,21187.25000
2025-05-19T07:00:00+00:00,21188.25000,21226.75000,21162.25000,21194.50000
2025-05-19T08:00:00+00:00,21193.75000,21194.00000,21112.50000,21135.25000
2025-05-19T09:00:00+00:00,21134.75000,21179.50000,21118.00000,21164.75000
2025-05-19T10:00:00+00:00,21165.00000,21205.25000,21130.50000,21186.25000
2025-05-19T11:00:00+00:00,21186.50000,21213.25000,21161.00000,21204.25000
2025-05-19T12:00:00+00:00,21204.00000,21220.00000,21164.50000,21212.25000
2025-05-19T13:00:00+00:00,21212.50000,21375.00000,21153.25000,21356.25000
2025-05-19T14:00:00+00:00,21356.00000,21462.25000,21347.75000,21392.50000
2025-05-19T15:00:00+00:00,21404.75000,21476.25000,21379.75000,21433.75000
2025-05-19T16:00:00+00:00,21434.00000,21503.50000,21428.25000,21498.50000
2025-05-19T17:00:00+00:00,21498.25000,21544.50000,21493.50000,21499.25000
2025-05-19T18:00:00+00:00,21499.25000,21505.75000,21449.75000,21495.75000
2025-05-19T19:00:00+00:00,21496.25000,21533.50000,21443.50000,21523.25000
2025-05-19T20:00:00+00:00,21523.25000,21527.25000,21478.25000,21517.00000
2025-05-19T22:00:00+00:00,21513.00000,21515.00000,21493.00000,21500.00000
2025-05-19T23:00:00+00:00,21499.75000,21562.00000,21497.75000,21539.25000
2025-05-20T00:00:00+00:00,21539.00000,21562.25000,21513.25000,21514.00000
2025-05-20T01:00:00+00:00,21513.25000,21514.00000,21436.25000,21458.00000
2025-05-20T02:00:00+00:00,21458.50000,21466.75000,21434.50000,21454.50000
2025-05-20T03:00:00+00:00,21453.50000,21454.75000,21427.75000,21436.25000
2025-05-20T04:00:00+00:00,21434.75000,21452.00000,21420.00000,21447.50000
2025-05-20T05:00:00+00:00,21446.25000,21487.00000,21415.75000,21419.00000
2025-05-20T06:00:00+00:00,21419.00000,21431.75000,21393.75000,21422.75000
2025-05-20T07:00:00+00:00,21422.25000,21481.00000,21408.00000,21446.50000
2025-05-20T08:00:00+00:00,21444.25000,21461.25000,21418.25000,21434.50000
2025-05-20T09:00:00+00:00,21434.25000,21452.50000,21415.25000,21425.50000
2025-05-20T10:00:00+00:00,21427.75000,21464.75000,21419.75000,21462.75000
2025-05-20T11:00:00+00:00,21463.00000,21483.75000,21456.50000,21463.75000
2025-05-20T12:00:00+00:00,21462.75000,21474.25000,21418.50000,21435.25000
2025-05-20T13:00:00+00:00,21435.50000,21458.25000,21355.00000,21394.75000
2025-05-20T14:00:00+00:00,21394.75000,21451.00000,21363.00000,21408.00000
2025-05-20T15:00:00+00:00,21407.25000,21445.75000,21387.50000,21435.50000
2025-05-20T16:00:00+00:00,21435.50000,21472.00000,21402.75000,21458.75000
2025-05-20T17:00:00+00:00,21459.25000,21474.25000,21408.00000,21431.50000
2025-05-20T18:00:00+00:00,21430.50000,21441.50000,21340.75000,21348.75000
2025-05-20T19:00:00+00:00,21348.75000,21452.00000,21298.00000,21447.00000
2025-05-20T20:00:00+00:00,21447.25000,21452.00000,21398.50000,21420.00000
2025-05-20T22:00:00+00:00,21414.75000,21417.25000,21342.00000,21400.25000
2025-05-20T23:00:00+00:00,21400.25000,21431.50000,21397.25000,21431.50000
2025-05-21T00:00:00+00:00,21431.75000,21444.00000,21403.00000,21423.25000
2025-05-21T01:00:00+00:00,21423.25000,21435.00000,21388.75000,21401.50000
2025-05-21T02:00:00+00:00,21402.00000,21405.75000,21373.25000,21378.75000
2025-05-21T03:00:00+00:00,21377.75000,21397.75000,21369.25000,21381.50000
2025-05-21T04:00:00+00:00,21371.75000,21377.75000,21349.75000,21357.75000
2025-05-21T05:00:00+00:00,21358.25000,21384.25000,21327.00000,21331.25000
2025-05-21T06:00:00+00:00,21330.50000,21340.50000,21286.50000,21294.50000
2025-05-21T07:00:00+00:00,21294.00000,21348.75000,21293.25000,21343.25000
2025-05-21T08:00:00+00:00,21343.25000,21348.25000,21289.25000,21322.50000
2025-05-21T09:00:00+00:00,21323.00000,21336.00000,21261.25000,21269.75000
2025-05-21T10:00:00+00:00,21269.50000,21302.50000,21229.75000,21300.25000
2025-05-21T11:00:00+00:00,21300.00000,21355.75000,21296.00000,21340.00000
2025-05-21T12:00:00+00:00,21339.75000,21342.50000,21284.00000,21311.75000
2025-05-21T13:00:00+00:00,21312.75000,21404.75000,21262.50000,21373.75000
2025-05-21T14:00:00+00:00,21374.25000,21459.00000,21363.00000,21456.25000
2025-05-21T15:00:00+00:00,21456.50000,21535.00000,21447.00000,21515.75000
2025-05-21T16:00:00+00:00,21515.00000,21558.50000,21508.50000,21515.25000
2025-05-21T17:00:00+00:00,21515.25000,21523.25000,21159.50000,21271.25000
2025-05-21T18:00:00+00:00,21271.50000,21282.50000,21167.00000,21176.50000
2025-05-21T19:00:00+00:00,21178.00000,21221.00000,21072.75000,21149.00000
2025-05-21T20:00:00+00:00,21148.75000,21155.50000,21111.50000,21145.50000
2025-05-21T22:00:00+00:00,21145.00000,21177.00000,21113.75000,21143.50000
2025-05-21T23:00:00+00:00,21144.25000,21175.75000,21133.50000,21145.75000
2025-05-22T00:00:00+00:00,21147.50000,21201.00000,21135.25000,21197.25000
2025-05-22T01:00:00+00:00,21197.25000,21208.50000,21150.25000,21155.25000
2025-05-22T02:00:00+00:00,21154.75000,21182.25000,21145.50000,21156.75000
2025-05-22T03:00:00+00:00,21157.25000,21180.25000,21157.00000,21169.00000
2025-05-22T04:00:00+00:00,21163.25000,21173.00000,21160.75000,21165.00000
2025-05-22T05:00:00+00:00,21164.75000,21202.75000,21154.75000,21196.75000
2025-05-22T06:00:00+00:00,21198.25000,21205.00000,21164.25000,21192.50000
2025-05-22T07:00:00+00:00,21192.00000,21226.75000,21170.75000,21197.50000
2025-05-22T08:00:00+00:00,21196.50000,21223.00000,21185.75000,21198.25000
2025-05-22T09:00:00+00:00,21197.25000,21212.75000,21178.25000,21204.50000
2025-05-22T10:00:00+00:00,21204.25000,21210.50000,21170.50000,21189.25000
2025-05-22T11:00:00+00:00,21189.50000,21243.50000,21075.25000,21080.00000
2025-05-22T12:00:00+00:00,21080.25000,21197.50000,21040.00000,21190.75000
2025-05-22T13:00:00+00:00,21191.25000,21292.25000,21113.75000,21285.50000
2025-05-22T14:00:00+00:00,21285.75000,21330.25000,21166.50000,21231.25000
2025-05-22T15:00:00+00:00,21231.75000,21281.25000,21198.75000,21271.75000
2025-05-22T16:00:00+00:00,21272.25000,21324.50000,21208.75000,21218.00000
2025-05-22T17:00:00+00:00,21217.75000,21310.25000,21196.50000,21292.50000
2025-05-22T18:00:00+00:00,21292.25000,21317.75000,21268.25000,21305.25000
2025-05-22T19:00:00+00:00,21305.25000,21337.50000,21166.00000,21184.25000
2025-05-22T20:00:00+00:00,21184.00000,21215.00000,21174.75000,21214.50000
2025-05-22T22:00:00+00:00,21223.75000,21236.00000,21139.00000,21146.75000
2025-05-22T23:00:00+00:00,21145.75000,21182.75000,21134.00000,21178.75000
2025-05-23T00:00:00+00:00,21179.25000,21204.00000,21177.00000,21201.00000
2025-05-23T01:00:00+00:00,21201.25000,21201.25000,21152.50000,21162.25000
2025-05-23T02:00:00+00:00,21163.50000,21200.50000,21159.00000,21183.75000
2025-05-23T03:00:00+00:00,21184.25000,21208.50000,21175.00000,21190.25000
2025-05-23T04:00:00+00:00,21178.50000,21179.25000,21141.00000,21153.25000
2025-05-23T05:00:00+00:00,21154.25000,21181.50000,21136.75000,21153.25000
2025-05-23T06:00:00+00:00,21152.00000,21154.75000,21092.25000,21133.25000
2025-05-23T07:00:00+00:00,21134.00000,21218.75000,21130.75000,21207.25000
2025-05-23T08:00:00+00:00,21207.25000,21231.00000,21180.50000,21188.00000
2025-05-23T09:00:00+00:00,21186.75000,21192.00000,21118.00000,21181.25000
2025-05-23T10:00:00+00:00,21181.75000,21191.25000,21144.75000,21177.00000
2025-05-23T11:00:00+00:00,21176.75000,21183.25000,20803.00000,20833.75000
2025-05-23T12:00:00+00:00,20835.00000,20840.00000,20727.25000,20800.75000
2025-05-23T13:00:00+00:00,20801.75000,20953.75000,20756.75000,20884.75000
2025-05-23T14:00:00+00:00,20888.25000,20994.25000,20882.00000,20911.25000
2025-05-23T15:00:00+00:00,20911.25000,21008.75000,20885.25000,20935.25000
2025-05-23T16:00:00+00:00,20935.75000,21006.00000,20917.75000,20983.00000
2025-05-23T17:00:00+00:00,20983.50000,21074.25000,20971.75000,21052.00000
2025-05-23T18:00:00+00:00,21051.75000,21083.00000,21006.25000,21039.00000
2025-05-23T19:00:00+00:00,21038.75000,21069.75000,20958.75000,20978.50000
2025-05-23T20:00:00+00:00,20979.50000,20980.50000,20930.75000,20953.25000
2025-05-25T22:00:00+00:00,20978.00000,21229.25000,20954.25000,21164.75000
2025-05-25T23:00:00+00:00,21164.00000,21213.00000,21162.50000,21188.75000
2025-05-26T00:00:00+00:00,21187.50000,21212.00000,21168.00000,21186.50000
2025-05-26T01:00:00+00:00,21185.25000,21209.00000,21168.25000,21205.75000
2025-05-26T02:00:00+00:00,21206.75000,21233.25000,21189.75000,21193.50000
2025-05-26T03:00:00+00:00,21194.25000,21222.75000,21193.50000,21210.50000
2025-05-26T04:00:00+00:00,21212.50000,21227.75000,21203.25000,21220.00000
2025-05-26T05:00:00+00:00,21219.50000,21221.75000,21195.00000,21202.25000
2025-05-26T06:00:00+00:00,21202.00000,21262.50000,21189.75000,21251.25000
2025-05-26T07:00:00+00:00,21251.75000,21279.50000,21231.00000,21274.25000
2025-05-26T08:00:00+00:00,21274.25000,21286.00000,21238.25000,21246.75000
2025-05-26T09:00:00+00:00,21246.75000,21263.00000,21243.75000,21250.25000
2025-05-26T10:00:00+00:00,21251.00000,21277.75000,21246.25000,21262.25000
2025-05-26T11:00:00+00:00,21262.25000,21280.50000,21255.00000,21274.75000
2025-05-26T12:00:00+00:00,21275.00000,21289.00000,21259.50000,21262.00000
2025-05-26T13:00:00+00:00,21263.00000,21307.75000,21248.50000,21279.25000
2025-05-26T14:00:00+00:00,21280.50000,21282.00000,21224.75000,21230.25000
2025-05-26T15:00:00+00:00,21231.25000,21276.25000,21215.50000,21273.50000
2025-05-26T16:00:00+00:00,21274.00000,21294.00000,21268.00000,21283.50000
2025-05-26T22:00:00+00:00,21281.25000,21292.00000,21224.00000,21228.50000
2025-05-26T23:00:00+00:00,21229.25000,21246.50000,21218.25000,21235.25000
2025-05-27T00:00:00+00:00,21236.25000,21242.50000,21202.50000,21240.50000
2025-05-27T01:00:00+00:00,21240.50000,21240.50000,21173.75000,21176.00000
2025-05-27T02:00:00+00:00,21175.25000,21183.75000,21162.00000,21181.50000
2025-05-27T03:00:00+00:00,21180.00000,21189.00000,21141.50000,21150.50000
2025-05-27T04:00:00+00:00,21166.25000,21177.00000,21161.50000,21176.00000
2025-05-27T05:00:00+00:00,21175.50000,21217.50000,21159.75000,21208.00000
2025-05-27T06:00:00+00:00,21207.75000,21255.00000,21204.75000,21242.75000
2025-05-27T07:00:00+00:00,21243.00000,21359.75000,21235.50000,21333.75000
2025-05-27T08:00:00+00:00,21331.75000,21346.75000,21298.50000,21313.25000
2025-05-27T09:00:00+00:00,21313.25000,21353.00000,21310.00000,21333.00000
2025-05-27T10:00:00+00:00,21333.00000,21351.25000,21300.75000,21303.00000
2025-05-27T11:00:00+00:00,21302.25000,21310.50000,21272.25000,21296.50000
2025-05-27T12:00:00+00:00,21295.50000,21305.00000,21253.75000,21275.75000
2025-05-27T13:00:00+00:00,21276.75000,21315.25000,21192.75000,21293.75000
2025-05-27T14:00:00+00:00,21292.50000,21389.50000,21292.25000,21355.25000
2025-05-27T15:00:00+00:00,21355.50000,21406.50000,21353.00000,21399.50000
2025-05-27T16:00:00+00:00,21400.00000,21459.25000,21395.50000,21430.25000
2025-05-27T17:00:00+00:00,21430.50000,21480.25000,21430.00000,21476.75000
2025-05-27T18:00:00+00:00,21476.50000,21488.50000,21440.75000,21442.75000
2025-05-27T19:00:00+00:00,21442.50000,21469.50000,21414.25000,21466.50000
2025-05-27T20:00:00+00:00,21465.50000,21479.50000,21443.50000,21477.00000
2025-05-27T22:00:00+00:00,21480.00000,21480.00000,21453.50000,21470.75000
2025-05-27T23:00:00+00:00,21470.25000,21484.75000,21467.00000,21470.75000
2025-05-28T00:00:00+00:00,21470.25000,21472.50000,21456.75000,21469.75000
2025-05-28T01:00:00+00:00,21469.75000,21484.00000,21460.25000,21463.00000
2025-05-28T02:00:00+00:00,21463.25000,21474.75000,21461.00000,21465.50000
2025-05-28T03:00:00+00:00,21465.50000,21477.25000,21438.50000,21442.75000
2025-05-28T04:00:00+00:00,21445.50000,21447.25000,21435.00000,21439.00000
2025-05-28T05:00:00+00:00,21438.50000,21462.50000,21435.50000,21452.25000
2025-05-28T06:00:00+00:00,21452.75000,21462.25000,21433.25000,21436.00000
2025-05-28T07:00:00+00:00,21436.75000,21458.50000,21428.00000,21433.50000
2025-05-28T08:00:00+00:00,21433.00000,21443.25000,21416.50000,21419.50000
2025-05-28T09:00:00+00:00,21419.75000,21431.25000,21407.00000,21430.00000
2025-05-28T10:00:00+00:00,21429.50000,21518.75000,21424.00000,21516.50000
2025-05-28T11:00:00+00:00,21516.50000,21523.75000,21486.25000,21504.00000
2025-05-28T12:00:00+00:00,21504.00000,21537.50000,21500.25000,21507.00000
2025-05-28T13:00:00+00:00,21507.00000,21567.50000,21451.50000,21467.25000
2025-05-28T14:00:00+00:00,21467.50000,21486.50000,21426.00000,21432.50000
2025-05-28T15:00:00+00:00,21432.00000,21477.50000,21428.50000,21437.00000
2025-05-28T16:00:00+00:00,21437.25000,21481.00000,21436.50000,21465.25000
2025-05-28T17:00:00+00:00,21465.50000,21490.50000,21456.25000,21470.50000
2025-05-28T18:00:00+00:00,21469.75000,21502.25000,21401.50000,21469.00000
2025-05-28T19:00:00+00:00,21468.25000,21514.25000,21349.00000,21372.50000
2025-05-28T20:00:00+00:00,21372.00000,21528.75000,21321.25000,21379.75000
2025-05-28T22:00:00+00:00,21513.00000,21597.00000,21489.00000,21588.25000
2025-05-28T23:00:00+00:00,21688.00000,21777.00000,21664.50000,21766.25000
2025-05-29T00:00:00+00:00,21766.50000,21833.50000,21709.75000,21820.50000
2025-05-29T01:00:00+00:00,21820.75000,21822.25000,21753.00000,21794.25000
2025-05-29T02:00:00+00:00,21795.00000,21823.50000,21782.00000,21791.00000
2025-05-29T03:00:00+00:00,21791.00000,21817.00000,21778.00000,21783.25000
2025-05-29T04:00:00+00:00,21795.25000,21807.25000,21775.25000,21796.00000
2025-05-29T05:00:00+00:00,21796.50000,21824.00000,21791.00000,21805.25000
2025-05-29T06:00:00+00:00,21804.75000,21806.00000,21766.75000,21770.50000
2025-05-29T07:00:00+00:00,21771.00000,21849.50000,21746.50000,21849.50000
2025-05-29T08:00:00+00:00,21849.50000,21858.75000,21775.00000,21782.75000
2025-05-29T09:00:00+00:00,21782.75000,21818.50000,21775.00000,21785.00000
2025-05-29T10:00:00+00:00,21786.25000,21787.75000,21710.00000,21735.50000
2025-05-29T11:00:00+00:00,21735.50000,21739.50000,21648.25000,21654.50000
2025-05-29T12:00:00+00:00,21654.75000,21689.25000,21620.50000,21644.75000
2025-05-29T13:00:00+00:00,21645.50000,21692.75000,21485.25000,21518.75000
2025-05-29T14:00:00+00:00,21517.50000,21533.25000,21380.50000,21516.00000
2025-05-29T15:00:00+00:00,21515.00000,21519.50000,21325.50000,21348.75000
2025-05-29T16:00:00+00:00,21348.00000,21471.50000,21301.00000,21456.25000
2025-05-29T17:00:00+00:00,21455.25000,21485.00000,21368.00000,21372.25000
2025-05-29T18:00:00+00:00,21373.00000,21405.00000,21317.25000,21362.75000
2025-05-29T19:00:00+00:00,21363.00000,21447.25000,21338.50000,21411.75000
2025-05-29T20:00:00+00:00,21411.50000,21427.50000,21367.50000,21385.00000
2025-05-29T22:00:00+00:00,21371.25000,21391.75000,21335.25000,21353.75000
2025-05-29T23:00:00+00:00,21352.25000,21369.50000,21313.75000,21317.00000
2025-05-30T00:00:00+00:00,21317.25000,21356.50000,21315.00000,21342.25000
2025-05-30T01:00:00+00:00,21340.75000,21348.25000,21269.00000,21343.00000
2025-05-30T02:00:00+00:00,21343.50000,21362.75000,21333.50000,21358.75000
2025-05-30T03:00:00+00:00,21360.00000,21365.00000,21334.25000,21344.25000
2025-05-30T04:00:00+00:00,21349.00000,21356.25000,21330.50000,21349.25000
2025-05-30T05:00:00+00:00,21349.75000,21412.25000,21347.75000,21387.25000
2025-05-30T06:00:00+00:00,21386.50000,21398.00000,21333.75000,21336.25000
2025-05-30T07:00:00+00:00,21336.25000,21382.50000,21318.25000,21363.00000
2025-05-30T08:00:00+00:00,21362.50000,21395.00000,21352.75000,21359.75000
2025-05-30T09:00:00+00:00,21359.50000,21392.25000,21357.25000,21363.25000
2025-05-30T10:00:00+00:00,21363.50000,21390.00000,21349.50000,21384.50000
2025-05-30T11:00:00+00:00,21384.25000,21421.00000,21376.50000,21387.50000
2025-05-30T12:00:00+00:00,21388.50000,21420.00000,21226.25000,21335.00000
2025-05-30T13:00:00+00:00,21338.00000,21390.50000,21234.75000,21257.50000
2025-05-30T14:00:00+00:00,21257.25000,21399.50000,21254.00000,21354.50000
2025-05-30T15:00:00+00:00,21356.50000,21378.75000,21288.25000,21323.50000
2025-05-30T16:00:00+00:00,21323.75000,21337.00000,21071.50000,21109.00000
2025-05-30T17:00:00+00:00,21109.25000,21214.75000,21089.00000,21176.00000
2025-05-30T18:00:00+00:00,21176.50000,21307.25000,21174.75000,21300.75000
2025-05-30T19:00:00+00:00,21300.50000,21433.50000,21295.75000,21369.25000
2025-05-30T20:00:00+00:00,21369.75000,21406.00000,21330.00000,21376.75000
2025-06-01T22:00:00+00:00,21303.75000,21348.50000,21295.25000,21313.75000
2025-06-01T23:00:00+00:00,21314.00000,21315.00000,21277.00000,21304.75000
2025-06-02T00:00:00+00:00,21304.75000,21326.00000,21285.00000,21294.00000
2025-06-02T01:00:00+00:00,21294.50000,21313.50000,21267.25000,21277.75000
2025-06-02T02:00:00+00:00,21279.50000,21284.75000,21256.25000,21265.25000
2025-06-02T03:00:00+00:00,21264.00000,21265.00000,21226.75000,21236.25000
2025-06-02T04:00:00+00:00,21231.50000,21254.50000,21218.75000,21236.00000
2025-06-02T05:00:00+00:00,21236.25000,21250.75000,21213.75000,21230.25000
2025-06-02T06:00:00+00:00,21230.25000,21248.50000,21198.00000,21228.50000
2025-06-02T07:00:00+00:00,21227.50000,21267.50000,21163.25000,21211.50000
2025-06-02T08:00:00+00:00,21210.75000,21263.50000,21206.50000,21235.75000
2025-06-02T09:00:00+00:00,21234.00000,21242.50000,21201.25000,21226.00000
2025-06-02T10:00:00+00:00,21225.25000,21253.50000,21214.25000,21250.25000
2025-06-02T11:00:00+00:00,21250.25000,21291.50000,21238.75000,21255.25000
2025-06-02T12:00:00+00:00,21256.00000,21294.50000,21239.75000,21284.75000
2025-06-02T13:00:00+00:00,21285.00000,21458.00000,21257.75000,21317.25000
2025-06-02T14:00:00+00:00,21311.00000,21418.75000,21235.00000,21397.25000
2025-06-02T15:00:00+00:00,21396.75000,21444.75000,21355.25000,21434.25000
2025-06-02T16:00:00+00:00,21434.00000,21454.50000,21401.25000,21445.50000
2025-06-02T17:00:00+00:00,21445.75000,21474.25000,21425.25000,21445.50000
2025-06-02T18:00:00+00:00,21445.50000,21525.75000,21426.75000,21517.75000
2025-06-02T19:00:00+00:00,21517.75000,21543.75000,21495.25000,21534.00000
2025-06-02T20:00:00+00:00,21534.25000,21576.25000,21527.75000,21554.50000
2025-06-02T22:00:00+00:00,21555.00000,21555.25000,21515.00000,21519.50000
2025-06-02T23:00:00+00:00,21518.75000,21544.25000,21465.75000,21494.25000
2025-06-03T00:00:00+00:00,21495.00000,21502.50000,21474.00000,21483.50000
2025-06-03T01:00:00+00:00,21483.75000,21500.00000,21476.50000,21487.25000
2025-06-03T02:00:00+00:00,21488.25000,21490.25000,21445.25000,21468.25000
2025-06-03T03:00:00+00:00,21467.00000,21467.75000,21437.00000,21460.50000
2025-06-03T04:00:00+00:00,21456.50000,21460.25000,21444.75000,21453.75000
2025-06-03T05:00:00+00:00,21452.50000,21471.75000,21451.75000,21464.50000
2025-06-03T06:00:00+00:00,21464.25000,21477.00000,21438.25000,21470.00000
2025-06-03T07:00:00+00:00,21469.00000,21481.50000,21404.50000,21438.75000
2025-06-03T08:00:00+00:00,21439.75000,21448.50000,21399.25000,21443.50000
2025-06-03T09:00:00+00:00,21443.25000,21465.00000,21431.00000,21451.00000
2025-06-03T10:00:00+00:00,21451.00000,21494.25000,21436.25000,21494.00000
2025-06-03T11:00:00+00:00,21495.00000,21535.75000,21484.00000,21527.25000
2025-06-03T12:00:00+00:00,21527.75000,21543.50000,21503.00000,21534.50000
2025-06-03T13:00:00+00:00,21535.00000,21606.00000,21509.75000,21594.75000
2025-06-03T14:00:00+00:00,21594.75000,21664.00000,21557.50000,21661.00000
2025-06-03T15:00:00+00:00,21661.00000,21688.25000,21652.50000,21684.50000
2025-06-03T16:00:00+00:00,21684.50000,21747.75000,21675.25000,21737.75000
2025-06-03T17:00:00+00:00,21738.25000,21759.75000,21715.75000,21717.75000
2025-06-03T18:00:00+00:00,21718.25000,21721.75000,21635.75000,21710.75000
2025-06-03T19:00:00+00:00,21710.75000,21725.75000,21665.25000,21704.25000
2025-06-03T20:00:00+00:00,21704.25000,21706.25000,21666.25000,21688.00000
2025-06-03T22:00:00+00:00,21688.25000,21721.50000,21684.00000,21709.50000
2025-06-03T23:00:00+00:00,21709.75000,21719.25000,21690.25000,21705.00000
2025-06-04T00:00:00+00:00,21705.25000,21727.00000,21691.75000,21698.50000
2025-06-04T01:00:00+00:00,21700.00000,21710.75000,21672.00000,21681.25000
2025-06-04T02:00:00+00:00,21682.50000,21687.00000,21667.00000,21673.25000
2025-06-04T03:00:00+00:00,21673.25000,21683.25000,21670.00000,21680.00000
2025-06-04T04:00:00+00:00,21677.75000,21696.25000,21676.00000,21678.00000
2025-06-04T05:00:00+00:00,21678.00000,21695.50000,21673.50000,21695.00000
2025-06-04T06:00:00+00:00,21695.25000,21715.25000,21680.25000,21691.00000
2025-06-04T07:00:00+00:00,21691.75000,21722.25000,21674.50000,21720.75000
2025-06-04T08:00:00+00:00,21720.50000,21748.75000,21713.75000,21718.00000
2025-06-04T09:00:00+00:00,21718.00000,21745.75000,21717.50000,21736.25000
2025-06-04T10:00:00+00:00,21736.50000,21763.00000,21719.75000,21750.25000
2025-06-04T11:00:00+00:00,21749.25000,21756.00000,21727.25000,21747.00000
2025-06-04T12:00:00+00:00,21748.00000,21767.00000,21655.50000,21708.50000
2025-06-04T13:00:00+00:00,21709.50000,21790.50000,21699.50000,21754.00000
2025-06-04T14:00:00+00:00,21746.00000,21764.25000,21641.00000,21761.00000
2025-06-04T15:00:00+00:00,21761.25000,21784.50000,21731.75000,21754.25000
2025-06-04T16:00:00+00:00,21753.75000,21758.00000,21706.00000,21754.25000
2025-06-04T17:00:00+00:00,21754.25000,21790.75000,21752.75000,21786.00000
2025-06-04T18:00:00+00:00,21785.75000,21803.00000,21771.75000,21782.75000
2025-06-04T19:00:00+00:00,21783.00000,21798.25000,21748.25000,21757.50000
2025-06-04T20:00:00+00:00,21757.50000,21764.75000,21740.25000,21748.00000
2025-06-04T22:00:00+00:00,21744.75000,21772.50000,21731.75000,21750.75000
2025-06-04T23:00:00+00:00,21751.00000,21759.00000,21737.00000,21741.00000
2025-06-05T00:00:00+00:00,21742.00000,21766.75000,21738.25000,21744.50000
2025-06-05T01:00:00+00:00,21746.00000,21757.25000,21730.75000,21756.75000
2025-06-05T02:00:00+00:00,21757.00000,21758.75000,21736.75000,21745.25000
2025-06-05T03:00:00+00:00,21745.75000,21754.50000,21741.75000,21749.75000
2025-06-05T04:00:00+00:00,21747.50000,21759.25000,21745.25000,21748.50000
2025-06-05T05:00:00+00:00,21748.50000,21749.00000,21724.75000,21734.25000
2025-06-05T06:00:00+00:00,21734.00000,21744.25000,21723.00000,21738.75000
2025-06-05T07:00:00+00:00,21740.00000,21840.00000,21739.25000,21812.50000
2025-06-05T08:00:00+00:00,21813.00000,21842.50000,21773.50000,21790.00000
2025-06-05T09:00:00+00:00,21790.50000,21791.50000,21765.75000,21775.75000
2025-06-05T10:00:00+00:00,21775.75000,21804.75000,21753.75000,21777.00000
2025-06-05T11:00:00+00:00,21776.50000,21780.25000,21745.75000,21769.75000
2025-06-05T12:00:00+00:00,21767.25000,21898.00000,21712.50000,21801.50000
2025-06-05T13:00:00+00:00,21800.50000,21840.50000,21691.50000,21723.75000
2025-06-05T14:00:00+00:00,21724.25000,21878.50000,21703.25000,21858.25000
2025-06-05T15:00:00+00:00,21858.25000,21935.00000,21844.50000,21920.00000
2025-06-05T16:00:00+00:00,21920.25000,21922.75000,21670.25000,21687.25000
2025-06-05T17:00:00+00:00,21686.75000,21789.75000,21659.75000,21729.00000
2025-06-05T18:00:00+00:00,21730.00000,21740.00000,21606.50000,21686.75000
2025-06-05T19:00:00+00:00,21686.50000,21698.00000,21503.50000,21587.00000
2025-06-05T20:00:00+00:00,21587.25000,21619.25000,21510.75000,21515.00000
2025-06-05T22:00:00+00:00,21471.00000,21560.50000,21471.00000,21558.00000
2025-06-05T23:00:00+00:00,21558.50000,21571.25000,21540.00000,21545.50000
2025-06-06T00:00:00+00:00,21545.25000,21587.25000,21544.00000,21571.75000
2025-06-06T01:00:00+00:00,21571.25000,21600.75000,21563.50000,21585.00000
2025-06-06T02:00:00+00:00,21584.50000,21591.00000,21572.50000,21588.25000
2025-06-06T03:00:00+00:00,21589.00000,21617.75000,21579.75000,21610.50000
2025-06-06T04:00:00+00:00,21606.75000,21651.00000,21602.25000,21649.50000
2025-06-06T05:00:00+00:00,21649.00000,21669.75000,21647.75000,21656.75000
2025-06-06T06:00:00+00:00,21657.75000,21686.00000,21629.50000,21667.25000
2025-06-06T07:00:00+00:00,21667.75000,21681.00000,21650.75000,21660.25000
2025-06-06T08:00:00+00:00,21660.75000,21672.00000,21637.75000,21661.00000
2025-06-06T09:00:00+00:00,21661.75000,21690.50000,21651.25000,21685.25000
2025-06-06T10:00:00+00:00,21686.00000,21694.50000,21655.50000,21656.75000
2025-06-06T11:00:00+00:00,21657.25000,21684.50000,21644.50000,21670.75000
2025-06-06T12:00:00+00:00,21670.75000,21785.50000,21662.25000,21761.25000
2025-06-06T13:00:00+00:00,21761.00000,21864.25000,21746.75000,21818.50000
2025-06-06T14:00:00+00:00,21840.50000,21845.00000,21762.75000,21820.00000
2025-06-06T15:00:00+00:00,21819.75000,21870.00000,21743.75000,21806.00000
2025-06-06T16:00:00+00:00,21806.50000,21834.50000,21722.00000,21755.25000
2025-06-06T17:00:00+00:00,21755.25000,21826.75000,21737.00000,21821.50000
2025-06-06T18:00:00+00:00,21822.25000,21873.50000,21821.50000,21835.00000
2025-06-06T19:00:00+00:00,21834.50000,21847.50000,21784.75000,21789.00000
2025-06-06T20:00:00+00:00,21789.50000,21819.00000,21780.25000,21809.50000
2025-06-08T22:00:00+00:00,21799.25000,21820.75000,21730.25000,21741.50000
2025-06-08T23:00:00+00:00,21742.00000,21773.00000,21726.00000,21762.00000
2025-06-09T00:00:00+00:00,21763.50000,21783.50000,21744.75000,21749.00000
2025-06-09T01:00:00+00:00,21749.00000,21751.75000,21731.50000,21742.00000
2025-06-09T02:00:00+00:00,21742.25000,21756.00000,21716.00000,21741.25000
2025-06-09T03:00:00+00:00,21741.00000,21747.00000,21726.00000,21745.25000
2025-06-09T04:00:00+00:00,21743.75000,21752.50000,21731.25000,21747.00000
2025-06-09T05:00:00+00:00,21746.00000,21748.75000,21729.00000,21746.25000
2025-06-09T06:00:00+00:00,21746.75000,21768.00000,21732.00000,21766.25000
2025-06-09T07:00:00+00:00,21767.00000,21797.25000,21750.00000,21794.50000
2025-06-09T08:00:00+00:00,21793.25000,21800.00000,21757.50000,21792.25000
2025-06-09T09:00:00+00:00,21792.25000,21794.00000,21773.25000,21779.75000
2025-06-09T10:00:00+00:00,21779.50000,21791.00000,21763.25000,21775.25000
2025-06-09T11:00:00+00:00,21774.50000,21824.25000,21774.00000,21810.75000
2025-06-09T12:00:00+00:00,21812.00000,21818.00000,21791.00000,21797.00000
2025-06-09T13:00:00+00:00,21797.50000,21819.75000,21756.50000,21787.00000
2025-06-09T14:00:00+00:00,21787.00000,21890.75000,21787.00000,21842.50000
2025-06-09T15:00:00+00:00,21842.50000,21869.50000,21813.00000,21838.50000
2025-06-09T16:00:00+00:00,21839.25000,21885.00000,21815.50000,21870.25000
2025-06-09T17:00:00+00:00,21870.25000,21881.75000,21834.25000,21867.25000
2025-06-09T18:00:00+00:00,21867.50000,21879.25000,21841.50000,21869.25000
2025-06-09T19:00:00+00:00,21869.75000,21875.25000,21814.00000,21818.75000
2025-06-09T20:00:00+00:00,21818.50000,21825.00000,21797.00000,21822.25000
2025-06-09T22:00:00+00:00,21824.00000,21847.75000,21823.25000,21825.25000
2025-06-09T23:00:00+00:00,21826.50000,21838.25000,21825.25000,21832.50000
2025-06-10T00:00:00+00:00,21833.00000,21873.00000,21815.25000,21864.00000
2025-06-10T01:00:00+00:00,21863.75000,21973.25000,21862.75000,21966.25000
2025-06-10T02:00:00+00:00,21966.00000,21968.00000,21944.25000,21948.50000
2025-06-10T03:00:00+00:00,21947.75000,21950.50000,21933.00000,21937.00000
2025-06-10T04:00:00+00:00,21930.25000,21932.75000,21911.75000,21917.25000
2025-06-10T05:00:00+00:00,21918.00000,21931.00000,21756.50000,21829.00000
2025-06-10T06:00:00+00:00,21829.00000,21840.00000,21805.00000,21808.00000
2025-06-10T07:00:00+00:00,21808.75000,21826.00000,21732.25000,21796.25000
2025-06-10T08:00:00+00:00,21799.75000,21821.75000,21760.75000,21812.25000
2025-06-10T09:00:00+00:00,21812.25000,21841.75000,21805.75000,21829.00000
2025-06-10T10:00:00+00:00,21828.50000,21857.50000,21828.50000,21840.75000
2025-06-10T11:00:00+00:00,21841.75000,21858.50000,21803.00000,21857.75000
2025-06-10T12:00:00+00:00,21858.25000,21868.00000,21847.00000,21854.00000
2025-06-10T13:00:00+00:00,21854.75000,21893.25000,21818.00000,21857.00000
2025-06-10T14:00:00+00:00,21857.25000,21890.75000,21847.50000,21865.50000
2025-06-10T15:00:00+00:00,21851.75000,21878.50000,21743.25000,21874.50000
2025-06-10T16:00:00+00:00,21874.25000,21918.00000,21871.75000,21909.50000
2025-06-10T17:00:00+00:00,21910.00000,21931.00000,21867.00000,21873.00000
2025-06-10T18:00:00+00:00,21873.50000,21967.25000,21820.75000,21948.50000
2025-06-10T19:00:00+00:00,21949.00000,21992.25000,21910.75000,21964.75000
2025-06-10T20:00:00+00:00,21965.00000,21969.25000,21936.00000,21951.00000
2025-06-10T22:00:00+00:00,21945.75000,21983.75000,21937.00000,21972.75000
2025-06-10T23:00:00+00:00,21974.25000,22002.75000,21916.50000,21953.75000
2025-06-11T00:00:00+00:00,21954.00000,21965.75000,21911.00000,21914.00000
2025-06-11T01:00:00+00:00,21914.00000,21923.75000,21881.25000,21908.00000
2025-06-11T02:00:00+00:00,21908.50000,21911.50000,21891.75000,21895.25000
2025-06-11T03:00:00+00:00,21894.50000,21910.00000,21886.25000,21907.50000
2025-06-11T04:00:00+00:00,21903.00000,21915.25000,21872.75000,21876.50000
2025-06-11T05:00:00+00:00,21884.00000,21900.25000,21866.00000,21881.25000
2025-06-11T06:00:00+00:00,21881.75000,21906.00000,21878.25000,21896.00000
2025-06-11T07:00:00+00:00,21896.75000,21934.75000,21891.50000,21929.00000
2025-06-11T08:00:00+00:00,21929.25000,21959.50000,21919.50000,21942.75000
2025-06-11T09:00:00+00:00,21943.00000,21949.00000,21914.50000,21916.75000
2025-06-11T10:00:00+00:00,21917.75000,21937.75000,21909.00000,21929.25000
2025-06-11T11:00:00+00:00,21929.00000,21940.25000,21882.00000,21930.00000
2025-06-11T12:00:00+00:00,21931.00000,22106.00000,21888.50000,22028.75000
2025-06-11T13:00:00+00:00,22029.75000,22041.00000,21915.75000,21980.75000
2025-06-11T14:00:00+00:00,21981.00000,22062.00000,21973.75000,22059.25000
2025-06-11T15:00:00+00:00,22058.75000,22066.25000,21977.00000,21993.50000
2025-06-11T16:00:00+00:00,21994.25000,22006.75000,21908.00000,21977.50000
2025-06-11T17:00:00+00:00,21978.25000,22018.50000,21910.75000,21916.50000
2025-06-11T18:00:00+00:00,21917.25000,21931.00000,21790.75000,21861.00000
2025-06-11T19:00:00+00:00,21862.25000,21892.50000,21824.25000,21887.50000
2025-06-11T20:00:00+00:00,21887.50000,21910.75000,21870.25000,21883.25000
2025-06-11T22:00:00+00:00,21871.00000,21894.25000,21827.25000,21836.25000
2025-06-11T23:00:00+00:00,21834.75000,21866.00000,21818.00000,21837.75000
2025-06-12T00:00:00+00:00,21838.75000,21849.00000,21782.50000,21801.75000
2025-06-12T01:00:00+00:00,21800.75000,21813.50000,21754.25000,21786.00000
2025-06-12T02:00:00+00:00,21787.00000,21794.75000,21772.00000,21785.75000
2025-06-12T03:00:00+00:00,21787.00000,21824.75000,21784.25000,21807.25000
2025-06-12T04:00:00+00:00,21816.75000,21831.25000,21802.25000,21830.00000
2025-06-12T05:00:00+00:00,21829.75000,21840.00000,21805.75000,21828.50000
2025-06-12T06:00:00+00:00,21825.00000,21847.75000,21809.50000,21838.50000
2025-06-12T07:00:00+00:00,21839.75000,21863.25000,21751.00000,21775.25000
2025-06-12T08:00:00+00:00,21775.25000,21805.25000,21713.25000,21799.25000
2025-06-12T09:00:00+00:00,21799.50000,21843.25000,21791.00000,21811.25000
2025-06-12T10:00:00+00:00,21810.00000,21826.00000,21759.25000,21805.50000
2025-06-12T11:00:00+00:00,21804.00000,21806.00000,21732.00000,21739.00000
2025-06-12T12:00:00+00:00,21739.00000,21847.75000,21714.00000,21835.50000
2025-06-12T13:00:00+00:00,21836.25000,21892.50000,21818.50000,21858.00000
2025-06-12T14:00:00+00:00,21857.25000,21948.25000,21840.50000,21934.75000
2025-06-12T15:00:00+00:00,21934.50000,21977.25000,21881.00000,21922.50000
2025-06-12T16:00:00+00:00,21922.25000,21969.75000,21901.50000,21923.50000
2025-06-12T17:00:00+00:00,21924.25000,21967.50000,21917.00000,21937.00000
2025-06-12T18:00:00+00:00,21937.75000,21950.00000,21903.75000,21937.25000
2025-06-12T19:00:00+00:00,21937.00000,21953.00000,21893.50000,21936.75000
2025-06-12T20:00:00+00:00,21938.50000,21947.75000,21906.25000,21909.00000
2025-06-12T22:00:00+00:00,21909.00000,21915.75000,21861.75000,21881.00000
2025-06-12T23:00:00+00:00,21880.50000,21889.00000,21782.75000,21786.75000
2025-06-13T00:00:00+00:00,21786.00000,21793.50000,21524.00000,21566.50000
2025-06-13T01:00:00+00:00,21566.00000,21619.25000,21489.00000,21612.50000
2025-06-13T02:00:00+00:00,21613.25000,21614.25000,21471.00000,21530.25000
2025-06-13T03:00:00+00:00,21532.50000,21583.00000,21525.00000,21573.75000
2025-06-13T04:00:00+00:00,21542.75000,21569.75000,21514.00000,21543.50000
2025-06-13T05:00:00+00:00,21543.75000,21570.25000,21520.00000,21570.25000
2025-06-13T06:00:00+00:00,21570.50000,21613.25000,21565.00000,21605.75000
2025-06-13T07:00:00+00:00,21607.25000,21652.00000,21587.25000,21636.75000
2025-06-13T08:00:00+00:00,21637.50000,21664.00000,21582.75000,21600.25000
2025-06-13T09:00:00+00:00,21598.75000,21644.00000,21577.25000,21623.00000
2025-06-13T10:00:00+00:00,21622.75000,21657.75000,21594.50000,21652.75000
2025-06-13T11:00:00+00:00,21652.50000,21702.75000,21642.50000,21683.75000
2025-06-13T12:00:00+00:00,21684.25000,21701.25000,21643.25000,21658.25000
2025-06-13T13:00:00+00:00,21659.00000,21794.50000,21626.00000,21729.00000
2025-06-13T14:00:00+00:00,21735.25000,21770.00000,21617.00000,21743.50000
2025-06-13T15:00:00+00:00,21743.75000,21843.00000,21735.50000,21833.75000
2025-06-13T16:00:00+00:00,21833.25000,21854.75000,21798.75000,21827.50000
2025-06-13T17:00:00+00:00,21827.25000,21834.75000,21749.75000,21787.75000
2025-06-13T18:00:00+00:00,21788.25000,21805.25000,21601.50000,21668.25000
2025-06-13T19:00:00+00:00,21668.00000,21693.00000,21600.25000,21652.25000
2025-06-13T20:00:00+00:00,21652.75000,21679.00000,21643.25000,21651.25000
2025-06-15T22:00:00+00:00,21554.00000,21690.00000,21501.75000,21648.50000
2025-06-15T23:00:00+00:00,21649.75000,21710.00000,21612.25000,21689.50000
2025-06-16T00:00:00+00:00,21687.25000,21704.50000,21660.25000,21694.50000
2025-06-16T01:00:00+00:00,21695.25000,21700.00000,21666.50000,21688.00000
2025-06-16T02:00:00+00:00,21688.50000,21727.50000,21680.25000,21705.00000
2025-06-16T03:00:00+00:00,21702.25000,21707.25000,21680.00000,21691.00000
2025-06-16T04:00:00+00:00,21691.00000,21703.00000,21670.00000,21681.25000
2025-06-16T05:00:00+00:00,21683.00000,21740.00000,21680.50000,21716.75000
2025-06-16T06:00:00+00:00,21715.00000,21757.50000,21707.00000,21744.50000
2025-06-16T07:00:00+00:00,21745.00000,21787.00000,21740.75000,21784.75000
2025-06-16T08:00:00+00:00,21783.25000,21791.50000,21751.00000,21782.00000
2025-06-16T09:00:00+00:00,21784.00000,21787.25000,21731.50000,21748.00000
2025-06-16T10:00:00+00:00,21746.75000,21781.50000,21741.00000,21781.50000
2025-06-16T11:00:00+00:00,21781.50000,21811.75000,21752.00000,21809.75000
2025-06-16T12:00:00+00:00,21809.50000,21841.75000,21799.75000,21816.75000
2025-06-16T13:00:00+00:00,21816.00000,21944.50000,21790.00000,21928.25000
2025-06-16T14:00:00+00:00,21928.00000,21981.50000,21921.75000,21958.25000
2025-06-16T15:00:00+00:00,21958.75000,21999.25000,21930.50000,21945.75000
2025-06-16T16:00:00+00:00,21946.25000,21969.75000,21918.00000,21938.75000
2025-06-16T17:00:00+00:00,21938.75000,21983.00000,21923.50000,21938.25000
2025-06-16T18:00:00+00:00,21938.75000,21957.00000,21910.75000,21940.75000
2025-06-16T19:00:00+00:00,21940.00000,21957.25000,21914.25000,21948.50000
2025-06-16T20:00:00+00:00,21949.00000,21964.50000,21929.75000,21936.00000
2025-06-16T22:00:00+00:00,21950.00000,21952.00000,21840.25000,21859.75000
2025-06-16T23:00:00+00:00,21860.25000,21892.75000,21790.25000,21790.75000
2025-06-17T00:00:00+00:00,21793.25000,21863.00000,21782.00000,21859.50000
2025-06-17T01:00:00+00:00,21861.25000,21875.75000,21816.50000,21853.00000
2025-06-17T02:00:00+00:00,21853.75000,21888.50000,21794.50000,21884.50000
2025-06-17T03:00:00+00:00,21884.00000,21886.00000,21831.75000,21852.75000
2025-06-17T04:00:00+00:00,21863.50000,21865.00000,21827.25000,21842.25000
2025-06-17T05:00:00+00:00,21841.50000,21869.50000,21830.25000,21857.25000
2025-06-17T06:00:00+00:00,21858.25000,21897.50000,21833.25000,21841.25000
2025-06-17T07:00:00+00:00,21839.00000,21863.25000,21781.00000,21815.25000
2025-06-17T08:00:00+00:00,21813.25000,21856.75000,21798.50000,21838.00000
2025-06-17T09:00:00+00:00,21839.25000,21856.25000,21796.00000,21806.75000
2025-06-17T10:00:00+00:00,21806.50000,21828.25000,21771.50000,21813.25000
2025-06-17T11:00:00+00:00,21812.50000,21849.25000,21804.00000,21845.50000
2025-06-17T12:00:00+00:00,21846.75000,21870.25000,21806.75000,21827.00000
2025-06-17T13:00:00+00:00,21827.00000,21885.75000,21802.50000,21872.75000
2025-06-17T14:00:00+00:00,21871.25000,21907.50000,21845.00000,21850.25000
2025-06-17T15:00:00+00:00,21849.00000,21910.00000,21847.75000,21872.00000
2025-06-17T16:00:00+00:00,21874.75000,21905.75000,21801.25000,21812.00000
2025-06-17T17:00:00+00:00,21809.50000,21832.50000,21718.50000,21738.00000
2025-06-17T18:00:00+00:00,21736.50000,21753.50000,21685.00000,21751.50000
2025-06-17T19:00:00+00:00,21752.25000,21779.50000,21720.50000,21730.25000
2025-06-17T20:00:00+00:00,21730.25000,21758.00000,21704.25000,21722.50000
2025-06-17T22:00:00+00:00,21705.00000,21712.50000,21641.00000,21648.75000
2025-06-17T23:00:00+00:00,21650.00000,21688.00000,21640.50000,21671.75000
2025-06-18T00:00:00+00:00,21683.75000,21761.75000,21679.25000,21751.50000
2025-06-18T01:00:00+00:00,21755.25000,21785.25000,21738.75000,21747.25000
2025-06-18T02:00:00+00:00,21748.25000,21777.00000,21740.50000,21753.00000
2025-06-18T03:00:00+00:00,21751.75000,21761.00000,21743.75000,21749.00000
2025-06-18T04:00:00+00:00,21756.50000,21762.25000,21722.75000,21757.00000
2025-06-18T05:00:00+00:00,21757.00000,21773.00000,21755.75000,21764.00000
2025-06-18T06:00:00+00:00,21763.00000,21806.00000,21760.25000,21778.00000
2025-06-18T07:00:00+00:00,21779.75000,21806.25000,21774.25000,21788.25000
2025-06-18T08:00:00+00:00,21789.25000,21812.25000,21782.00000,21807.75000
2025-06-18T09:00:00+00:00,21810.00000,21839.25000,21805.75000,21806.50000
2025-06-18T10:00:00+00:00,21806.50000,21809.50000,21730.00000,21735.75000
2025-06-18T11:00:00+00:00,21732.75000,21806.50000,21729.75000,21783.25000
2025-06-18T12:00:00+00:00,21782.75000,21795.50000,21756.75000,21763.00000
2025-06-18T13:00:00+00:00,21763.25000,21801.25000,21704.50000,21778.75000
2025-06-18T14:00:00+00:00,21780.25000,21872.25000,21756.75000,21854.00000
2025-06-18T15:00:00+00:00,21855.75000,21859.75000,21810.00000,21815.00000
2025-06-18T16:00:00+00:00,21813.75000,21840.75000,21797.75000,21804.50000
2025-06-18T17:00:00+00:00,21801.75000,21815.25000,21716.25000,21804.25000
2025-06-18T18:00:00+00:00,21807.00000,21857.75000,21667.75000,21692.75000
2025-06-18T19:00:00+00:00,21692.50000,21787.75000,21660.00000,21723.25000
2025-06-18T20:00:00+00:00,21722.50000,21752.50000,21720.25000,21732.00000
2025-06-18T22:00:00+00:00,21731.00000,21733.00000,21686.75000,21713.00000
2025-06-18T23:00:00+00:00,21710.00000,21729.00000,21698.75000,21723.00000
2025-06-19T00:00:00+00:00,21725.00000,21727.00000,21627.25000,21666.50000
2025-06-19T01:00:00+00:00,21668.00000,21670.00000,21568.00000,21617.50000
2025-06-19T02:00:00+00:00,21619.50000,21646.00000,21599.75000,21620.25000
2025-06-19T03:00:00+00:00,21628.50000,21669.00000,21626.25000,21665.25000
2025-06-19T04:00:00+00:00,21663.50000,21681.50000,21658.00000,21677.25000
2025-06-19T05:00:00+00:00,21680.00000,21680.00000,21631.00000,21632.25000
2025-06-19T06:00:00+00:00,21631.00000,21655.75000,21601.00000,21629.50000
2025-06-19T07:00:00+00:00,21639.25000,21650.25000,21567.50000,21577.75000
2025-06-19T08:00:00+00:00,21580.50000,21621.50000,21580.50000,21614.50000
2025-06-19T09:00:00+00:00,21620.00000,21632.00000,21607.50000,21612.50000
2025-06-19T10:00:00+00:00,21616.25000,21637.75000,21595.75000,21629.50000
2025-06-19T11:00:00+00:00,21621.25000,21625.25000,21572.50000,21601.00000
2025-06-19T12:00:00+00:00,21596.25000,21601.00000,21530.00000,21547.75000
2025-06-19T13:00:00+00:00,21553.00000,21571.00000,21435.50000,21469.50000
2025-06-19T14:00:00+00:00,21467.25000,21516.25000,21457.00000,21509.25000
2025-06-19T15:00:00+00:00,21509.50000,21522.50000,21459.25000,21463.75000
2025-06-19T16:00:00+00:00,21461.75000,21524.75000,21461.75000,21484.75000
2025-06-19T22:00:00+00:00,21524.00000,21705.25000,21524.00000,21676.00000
2025-06-19T23:00:00+00:00,21674.75000,21681.25000,21651.50000,21665.00000
2025-06-20T00:00:00+00:00,21672.00000,21705.50000,21665.00000,21665.75000
2025-06-20T01:00:00+00:00,21666.50000,21673.25000,21629.75000,21659.00000
2025-06-20T02:00:00+00:00,21653.75000,21679.50000,21653.75000,21672.50000
2025-06-20T03:00:00+00:00,21670.75000,21692.00000,21664.00000,21680.25000
2025-06-20T04:00:00+00:00,21678.50000,21700.00000,21678.50000,21687.00000
2025-06-20T05:00:00+00:00,21682.00000,21702.50000,21668.50000,21699.25000
2025-06-20T06:00:00+00:00,21702.75000,21724.50000,21690.75000,21690.75000
2025-06-20T07:00:00+00:00,21687.50000,21718.50000,21675.50000,21710.00000
2025-06-20T08:00:00+00:00,21706.75000,21731.50000,21644.50000,21644.50000
2025-06-20T09:00:00+00:00,21652.50000,21688.25000,21652.50000,21683.75000
2025-06-20T10:00:00+00:00,21691.75000,21692.50000,21668.00000,21684.50000
2025-06-20T11:00:00+00:00,21680.50000,21782.25000,21680.50000,21746.50000
2025-06-20T12:00:00+00:00,21754.50000,21817.00000,21748.75000,21805.00000
2025-06-20T13:00:00+00:00,21806.50000,21896.50000,21803.50000,21865.25000
2025-06-20T20:00:00+00:00,21874.00000,21874.00000,21874.00000,21874.00000
2025-06-22T22:00:00+00:00,21648.25000,21787.00000,21566.75000,21759.25000
2025-06-22T23:00:00+00:00,21758.25000,21771.25000,21727.00000,21760.50000
2025-06-23T00:00:00+00:00,21761.00000,21761.25000,21708.00000,21730.50000
2025-06-23T01:00:00+00:00,21730.50000,21753.00000,21711.00000,21740.00000
2025-06-23T02:00:00+00:00,21740.00000,21771.50000,21737.50000,21759.25000
2025-06-23T03:00:00+00:00,21758.25000,21774.00000,21755.75000,21761.75000
2025-06-23T04:00:00+00:00,21766.75000,21774.00000,21757.50000,21765.00000
2025-06-23T05:00:00+00:00,21765.00000,21816.00000,21764.25000,21809.75000
2025-06-23T06:00:00+00:00,21809.25000,21832.00000,21797.75000,21819.25000
2025-06-23T07:00:00+00:00,21820.00000,21904.75000,21819.00000,21895.50000
2025-06-23T08:00:00+00:00,21896.00000,21944.25000,21879.00000,21905.75000
2025-06-23T09:00:00+00:00,21906.50000,21934.25000,21881.50000,21883.50000
2025-06-23T10:00:00+00:00,21883.75000,21924.75000,21846.25000,21857.75000
2025-06-23T11:00:00+00:00,21858.25000,21864.25000,21775.00000,21824.75000
2025-06-23T12:00:00+00:00,21825.25000,21886.50000,21817.25000,21883.50000
2025-06-23T13:00:00+00:00,21883.25000,21928.50000,21758.50000,21925.25000
2025-06-23T14:00:00+00:00,21925.75000,22018.00000,21925.75000,21952.75000
2025-06-23T15:00:00+00:00,21967.25000,22004.00000,21922.25000,21938.50000
2025-06-23T16:00:00+00:00,21938.50000,21945.25000,21738.25000,21840.75000
2025-06-23T17:00:00+00:00,21841.25000,22088.00000,21821.75000,22052.00000
2025-06-23T18:00:00+00:00,22052.00000,22085.50000,22021.25000,22036.00000
2025-06-23T19:00:00+00:00,22036.00000,22093.00000,22024.00000,22073.00000
2025-06-23T20:00:00+00:00,22073.00000,22086.00000,22052.75000,22072.25000
2025-06-23T22:00:00+00:00,22079.00000,22217.00000,22065.75000,22203.50000
2025-06-23T23:00:00+00:00,22204.50000,22255.00000,22200.50000,22237.25000
2025-06-24T00:00:00+00:00,22237.25000,22248.75000,22194.00000,22226.75000
2025-06-24T01:00:00+00:00,22227.00000,22271.50000,22214.75000,22265.75000
2025-06-24T02:00:00+00:00,22265.50000,22268.25000,22215.25000,22235.00000
2025-06-24T03:00:00+00:00,22234.25000,22252.00000,22229.00000,22248.00000
2025-06-24T04:00:00+00:00,22244.50000,22249.25000,22220.25000,22243.00000
2025-06-24T05:00:00+00:00,22243.50000,22302.75000,22241.75000,22294.50000
2025-06-24T06:00:00+00:00,22294.50000,22370.75000,22294.50000,22359.25000
2025-06-24T07:00:00+00:00,22359.25000,22384.25000,22262.00000,22306.25000
2025-06-24T08:00:00+00:00,22306.75000,22333.50000,22289.50000,22303.75000
2025-06-24T09:00:00+00:00,22303.75000,22352.25000,22303.75000,22314.50000
2025-06-24T10:00:00+00:00,22314.25000,22322.25000,22280.00000,22285.00000
2025-06-24T11:00:00+00:00,22285.00000,22311.00000,22251.75000,22306.50000
2025-06-24T12:00:00+00:00,22305.75000,22314.25000,22258.50000,22285.75000
2025-06-24T13:00:00+00:00,22286.25000,22333.25000,22260.00000,22291.25000
2025-06-24T14:00:00+00:00,22292.00000,22340.25000,22266.00000,22314.75000
2025-06-24T15:00:00+00:00,22330.00000,22388.00000,22328.75000,22362.25000
2025-06-24T16:00:00+00:00,22362.50000,22417.75000,22357.25000,22400.00000
2025-06-24T17:00:00+00:00,22400.00000,22426.00000,22379.75000,22417.50000
2025-06-24T18:00:00+00:00,22417.50000,22432.00000,22408.00000,22426.00000
2025-06-24T19:00:00+00:00,22425.50000,22448.25000,22405.25000,22405.75000
2025-06-24T20:00:00+00:00,22406.00000,22419.00000,22395.25000,22407.75000
2025-06-24T22:00:00+00:00,22412.00000,22412.00000,22384.50000,22396.25000
2025-06-24T23:00:00+00:00,22397.50000,22430.25000,22387.50000,22424.50000
2025-06-25T00:00:00+00:00,22425.25000,22434.75000,22410.25000,22424.75000
2025-06-25T01:00:00+00:00,22423.75000,22424.50000,22393.25000,22400.00000
2025-06-25T02:00:00+00:00,22400.25000,22407.00000,22394.25000,22405.00000
2025-06-25T03:00:00+00:00,22405.50000,22422.75000,22405.50000,22406.50000
2025-06-25T04:00:00+00:00,22411.50000,22427.00000,22411.50000,22425.00000
2025-06-25T05:00:00+00:00,22426.00000,22436.75000,22420.00000,22426.50000
2025-06-25T06:00:00+00:00,22426.00000,22434.00000,22419.50000,22420.00000
2025-06-25T07:00:00+00:00,22419.75000,22433.00000,22406.00000,22423.50000
2025-06-25T08:00:00+00:00,22423.50000,22435.00000,22407.00000,22434.25000
2025-06-25T09:00:00+00:00,22434.75000,22454.25000,22422.00000,22425.00000
2025-06-25T10:00:00+00:00,22425.75000,22458.00000,22413.50000,22448.50000
2025-06-25T11:00:00+00:00,22448.75000,22492.50000,22443.75000,22491.00000
2025-06-25T12:00:00+00:00,22490.25000,22509.50000,22480.50000,22508.00000
2025-06-25T13:00:00+00:00,22508.00000,22548.25000,22485.75000,22522.25000
2025-06-25T14:00:00+00:00,22523.00000,22530.00000,22463.75000,22497.00000
2025-06-25T15:00:00+00:00,22491.25000,22492.25000,22429.00000,22444.00000
2025-06-25T16:00:00+00:00,22444.00000,22458.00000,22410.00000,22442.75000
2025-06-25T17:00:00+00:00,22442.75000,22462.75000,22388.75000,22412.25000
2025-06-25T18:00:00+00:00,22413.00000,22434.75000,22402.00000,22420.00000
2025-06-25T19:00:00+00:00,22420.50000,22465.75000,22418.75000,22462.75000
2025-06-25T20:00:00+00:00,22463.00000,22484.75000,22451.00000,22472.50000
2025-06-25T22:00:00+00:00,22461.25000,22488.25000,22450.25000,22464.00000
2025-06-25T23:00:00+00:00,22464.00000,22469.50000,22437.75000,22464.75000
2025-06-26T00:00:00+00:00,22464.75000,22482.00000,22456.75000,22475.75000
2025-06-26T01:00:00+00:00,22476.50000,22480.00000,22461.25000,22468.00000
2025-06-26T02:00:00+00:00,22468.25000,22485.50000,22467.25000,22477.25000
2025-06-26T03:00:00+00:00,22478.25000,22504.00000,22478.25000,22495.00000
2025-06-26T04:00:00+00:00,22494.25000,22508.00000,22489.50000,22505.00000
2025-06-26T05:00:00+00:00,22504.50000,22513.00000,22494.00000,22510.00000
2025-06-26T06:00:00+00:00,22510.00000,22545.00000,22509.25000,22532.75000
2025-06-26T07:00:00+00:00,22533.00000,22559.50000,22523.75000,22532.50000
2025-06-26T08:00:00+00:00,22532.25000,22576.75000,22526.00000,22562.00000
2025-06-26T09:00:00+00:00,22562.00000,22567.25000,22543.75000,22550.50000
2025-06-26T10:00:00+00:00,22551.00000,22581.25000,22541.50000,22557.25000
2025-06-26T11:00:00+00:00,22557.50000,22577.25000,22554.50000,22577.00000
2025-06-26T12:00:00+00:00,22577.25000,22585.00000,22520.00000,22554.25000
2025-06-26T13:00:00+00:00,22554.50000,22566.50000,22476.00000,22544.25000
2025-06-26T14:00:00+00:00,22543.75000,22597.00000,22537.25000,22571.00000
2025-06-26T15:00:00+00:00,22570.25000,22618.75000,22550.00000,22610.00000
2025-06-26T16:00:00+00:00,22610.00000,22632.75000,22596.75000,22607.25000
2025-06-26T17:00:00+00:00,22607.25000,22652.00000,22597.50000,22640.00000
2025-06-26T18:00:00+00:00,22640.25000,22687.00000,22634.25000,22667.00000
2025-06-26T19:00:00+00:00,22667.25000,22694.00000,22652.50000,22672.75000
2025-06-26T20:00:00+00:00,22673.00000,22677.25000,22641.00000,22672.50000
2025-06-26T22:00:00+00:00,22676.25000,22713.50000,22669.25000,22695.50000
2025-06-26T23:00:00+00:00,22695.50000,22700.25000,22670.25000,22678.50000
2025-06-27T00:00:00+00:00,22678.50000,22692.00000,22665.50000,22667.75000
2025-06-27T01:00:00+00:00,22665.75000,22689.75000,22660.25000,22680.50000
2025-06-27T02:00:00+00:00,22679.50000,22696.25000,22675.00000,22695.25000
2025-06-27T03:00:00+00:00,22695.75000,22708.00000,22690.50000,22692.00000
2025-06-27T04:00:00+00:00,22693.75000,22698.50000,22686.75000,22688.50000
2025-06-27T05:00:00+00:00,22688.00000,22718.00000,22687.75000,22709.50000
2025-06-27T06:00:00+00:00,22709.75000,22747.50000,22707.25000,22735.25000
2025-06-27T07:00:00+00:00,22735.00000,22759.75000,22724.25000,22735.25000
2025-06-27T08:00:00+00:00,22736.00000,22750.50000,22723.50000,22747.25000
2025-06-27T09:00:00+00:00,22748.25000,22750.25000,22729.75000,22745.00000
2025-06-27T10:00:00+00:00,22745.00000,22748.75000,22725.50000,22734.75000
2025-06-27T11:00:00+00:00,22734.75000,22780.00000,22732.75000,22779.00000
2025-06-27T12:00:00+00:00,22779.50000,22788.00000,22722.75000,22731.00000
2025-06-27T13:00:00+00:00,22731.00000,22770.00000,22685.25000,22764.00000
2025-06-27T14:00:00+00:00,22764.50000,22825.50000,22748.50000,22759.25000
2025-06-27T15:00:00+00:00,22760.25000,22820.00000,22745.00000,22809.25000
2025-06-27T16:00:00+00:00,22809.25000,22810.00000,22769.50000,22795.00000
2025-06-27T17:00:00+00:00,22794.75000,22798.25000,22696.00000,22736.00000
2025-06-27T18:00:00+00:00,22736.50000,22742.50000,22600.00000,22609.75000
2025-06-27T19:00:00+00:00,22611.00000,22759.75000,22605.25000,22751.75000
2025-06-27T20:00:00+00:00,22751.50000,22752.75000,22727.25000,22740.25000
2025-06-29T22:00:00+00:00,22751.50000,22842.50000,22751.50000,22819.50000
2025-06-29T23:00:00+00:00,22818.75000,22847.00000,22808.25000,22817.75000
2025-06-30T00:00:00+00:00,22817.25000,22842.50000,22804.50000,22834.00000
2025-06-30T01:00:00+00:00,22832.75000,22836.25000,22812.75000,22822.50000
2025-06-30T02:00:00+00:00,22821.75000,22873.25000,22819.50000,22861.75000
2025-06-30T03:00:00+00:00,22861.75000,22880.50000,22857.00000,22873.00000
2025-06-30T04:00:00+00:00,22873.00000,22885.00000,22871.00000,22874.25000
2025-06-30T05:00:00+00:00,22874.00000,22883.50000,22862.25000,22876.00000
2025-06-30T06:00:00+00:00,22876.25000,22901.50000,22874.25000,22882.00000
2025-06-30T07:00:00+00:00,22882.50000,22882.50000,22849.25000,22868.50000
2025-06-30T08:00:00+00:00,22870.00000,22893.50000,22857.00000,22873.75000
2025-06-30T09:00:00+00:00,22874.25000,22915.00000,22867.50000,22881.50000
2025-06-30T10:00:00+00:00,22881.25000,22908.75000,22879.25000,22890.50000
2025-06-30T11:00:00+00:00,22890.50000,22905.75000,22881.00000,22894.50000
2025-06-30T12:00:00+00:00,22893.75000,22897.25000,22853.75000,22867.75000
2025-06-30T13:00:00+00:00,22868.00000,22889.50000,22794.25000,22826.50000
2025-06-30T14:00:00+00:00,22826.75000,22853.75000,22807.50000,22821.50000
2025-06-30T15:00:00+00:00,22821.75000,22858.50000,22801.50000,22843.25000
2025-06-30T16:00:00+00:00,22843.50000,22867.50000,22832.25000,22842.25000
2025-06-30T17:00:00+00:00,22842.25000,22849.50000,22786.25000,22821.00000
2025-06-30T18:00:00+00:00,22821.00000,22853.25000,22781.00000,22849.50000
2025-06-30T19:00:00+00:00,22849.25000,22934.75000,22848.25000,22885.25000
2025-06-30T20:00:00+00:00,22885.00000,22897.50000,22852.50000,22866.75000
2025-06-30T22:00:00+00:00,22867.50000,22886.75000,22852.50000,22857.50000
2025-06-30T23:00:00+00:00,22857.50000,22887.25000,22846.25000,22880.75000
2025-07-01T00:00:00+00:00,22882.00000,22905.75000,22882.00000,22900.25000
2025-07-01T01:00:00+00:00,22901.25000,22914.75000,22885.00000,22911.25000
2025-07-01T02:00:00+00:00,22910.25000,22913.75000,22876.00000,22878.50000
2025-07-01T03:00:00+00:00,22878.75000,22885.00000,22867.75000,22871.50000
2025-07-01T04:00:00+00:00,22875.50000,22878.00000,22854.00000,22857.25000
2025-07-01T05:00:00+00:00,22857.00000,22861.75000,22837.25000,22841.50000
2025-07-01T06:00:00+00:00,22841.25000,22847.25000,22827.25000,22840.50000
2025-07-01T07:00:00+00:00,22841.00000,22865.75000,22822.75000,22842.75000
2025-07-01T08:00:00+00:00,22844.25000,22858.25000,22818.25000,22846.50000
2025-07-01T09:00:00+00:00,22845.00000,22849.25000,22812.75000,22830.75000
2025-07-01T10:00:00+00:00,22830.75000,22840.00000,22825.00000,22838.50000
2025-07-01T11:00:00+00:00,22837.75000,22848.50000,22808.75000,22826.00000
2025-07-01T12:00:00+00:00,22825.75000,22831.50000,22755.75000,22794.25000
2025-07-01T13:00:00+00:00,22794.00000,22834.25000,22780.00000,22815.00000
2025-07-01T14:00:00+00:00,22809.75000,22848.25000,22674.50000,22688.00000
2025-07-01T15:00:00+00:00,22687.25000,22718.00000,22594.50000,22659.25000
2025-07-01T16:00:00+00:00,22659.75000,22739.25000,22631.75000,22700.75000
2025-07-01T17:00:00+00:00,22701.50000,22762.25000,22701.25000,22742.50000
2025-07-01T18:00:00+00:00,22742.50000,22753.50000,22701.00000,22702.75000
2025-07-01T19:00:00+00:00,22702.50000,22745.25000,22647.25000,22692.25000
2025-07-01T20:00:00+00:00,22692.25000,22698.00000,22671.25000,22691.75000
2025-07-01T22:00:00+00:00,22694.50000,22723.00000,22683.00000,22722.25000
2025-07-01T23:00:00+00:00,22722.00000,22729.00000,22702.25000,22708.50000
2025-07-02T00:00:00+00:00,22709.75000,22723.00000,22705.25000,22713.00000
2025-07-02T01:00:00+00:00,22713.25000,22718.25000,22688.50000,22690.00000
2025-07-02T02:00:00+00:00,22689.50000,22739.75000,22675.75000,22739.75000
2025-07-02T03:00:00+00:00,22739.75000,22746.00000,22732.00000,22739.00000
2025-07-02T04:00:00+00:00,22742.75000,22781.25000,22741.25000,22772.25000
2025-07-02T05:00:00+00:00,22771.75000,22772.50000,22746.25000,22769.25000
2025-07-02T06:00:00+00:00,22768.50000,22778.75000,22755.75000,22772.00000
2025-07-02T07:00:00+00:00,22773.00000,22776.25000,22717.50000,22724.00000
2025-07-02T08:00:00+00:00,22724.25000,22737.25000,22702.25000,22709.75000
2025-07-02T09:00:00+00:00,22708.25000,22716.00000,22693.75000,22712.75000
2025-07-02T10:00:00+00:00,22713.75000,22717.75000,22672.00000,22688.00000
2025-07-02T11:00:00+00:00,22687.00000,22701.75000,22638.25000,22662.50000
2025-07-02T12:00:00+00:00,22662.25000,22685.75000,22582.00000,22616.75000
2025-07-02T13:00:00+00:00,22616.25000,22728.25000,22599.25000,22707.00000
2025-07-02T14:00:00+00:00,22706.50000,22831.50000,22702.75000,22811.50000
2025-07-02T15:00:00+00:00,22811.75000,22847.50000,22798.25000,22822.00000
2025-07-02T16:00:00+00:00,22822.00000,22845.00000,22809.50000,22840.25000
2025-07-02T17:00:00+00:00,22840.75000,22848.25000,22808.50000,22825.25000
2025-07-02T18:00:00+00:00,22825.50000,22838.25000,22813.00000,22828.25000
2025-07-02T19:00:00+00:00,22829.00000,22854.00000,22813.25000,22844.50000
2025-07-02T20:00:00+00:00,22844.75000,22856.75000,22828.50000,22852.75000
2025-07-02T22:00:00+00:00,22845.00000,22863.25000,22831.25000,22845.50000
2025-07-02T23:00:00+00:00,22846.50000,22850.00000,22841.00000,22848.75000
2025-07-03T00:00:00+00:00,22848.00000,22856.75000,22839.25000,22851.00000
2025-07-03T01:00:00+00:00,22850.75000,22872.00000,22842.75000,22849.75000
2025-07-03T02:00:00+00:00,22850.00000,22851.25000,22827.00000,22847.75000
2025-07-03T03:00:00+00:00,22847.00000,22882.00000,22845.50000,22862.75000
2025-07-03T13:30:00+00:00,22893.25000,23004.50000,22891.25000,22997.50000
2025-07-03T14:30:00+00:00,22996.00000,23067.75000,22993.00000,23047.50000
2025-07-03T15:30:00+00:00,23047.25000,23102.50000,23046.25000,23083.00000
2025-07-03T16:30:00+00:00,23083.50000,23094.50000,23027.50000,23057.50000
2025-07-04T04:00:00+00:00,23007.75000,23015.25000,22994.00000,23005.25000
2025-07-04T05:00:00+00:00,23006.00000,23010.00000,22986.75000,23005.50000
2025-07-04T06:00:00+00:00,23005.00000,23007.00000,22982.50000,22985.00000
2025-07-04T07:00:00+00:00,22985.75000,22999.25000,22942.50000,22947.00000
2025-07-04T08:00:00+00:00,22946.00000,22972.00000,22923.25000,22926.50000
2025-07-04T09:00:00+00:00,22926.75000,22951.50000,22912.75000,22946.25000
2025-07-04T10:00:00+00:00,22945.25000,22950.50000,22882.00000,22905.25000
2025-07-04T11:00:00+00:00,22904.25000,22942.75000,22898.50000,22921.75000
2025-07-04T12:00:00+00:00,22921.75000,22938.00000,22910.75000,22921.75000
2025-07-04T13:00:00+00:00,22921.50000,22935.00000,22888.00000,22923.50000
2025-07-04T14:00:00+00:00,22923.75000,22945.50000,22908.50000,22936.75000
2025-07-04T15:00:00+00:00,22936.25000,22943.00000,22910.75000,22934.25000
2025-07-04T16:00:00+00:00,22933.75000,22936.25000,22896.00000,22906.75000
2025-07-06T22:00:00+00:00,22970.00000,23028.50000,22943.00000,22975.25000
2025-07-06T23:00:00+00:00,22976.25000,23005.75000,22960.00000,22983.50000
2025-07-07T00:00:00+00:00,22983.75000,22999.75000,22964.25000,22970.00000
2025-07-07T01:00:00+00:00,22969.75000,22970.50000,22914.50000,22942.75000
2025-07-07T02:00:00+00:00,22942.75000,22969.50000,22939.25000,22958.25000
2025-07-07T03:00:00+00:00,22957.00000,22976.75000,22941.50000,22972.75000
2025-07-07T04:00:00+00:00,22974.50000,22990.25000,22944.00000,22946.75000
2025-07-07T05:00:00+00:00,22946.25000,22951.75000,22932.50000,22949.00000
2025-07-07T06:00:00+00:00,22949.00000,22952.00000,22918.00000,22938.00000
2025-07-07T07:00:00+00:00,22938.00000,22949.50000,22926.25000,22949.00000
2025-07-07T08:00:00+00:00,22949.25000,22949.25000,22908.50000,22912.25000
2025-07-07T09:00:00+00:00,22912.50000,22966.25000,22909.00000,22964.00000
2025-07-07T10:00:00+00:00,22964.50000,22990.00000,22959.50000,22962.00000
2025-07-07T11:00:00+00:00,22962.00000,22985.00000,22954.25000,22981.50000
2025-07-07T12:00:00+00:00,22980.75000,23001.75000,22941.50000,22952.00000
2025-07-07T13:00:00+00:00,22951.50000,22977.50000,22900.50000,22945.50000
2025-07-07T14:00:00+00:00,22944.50000,22962.75000,22884.50000,22895.50000
2025-07-07T15:00:00+00:00,22894.75000,22937.50000,22887.25000,22929.00000
2025-07-07T16:00:00+00:00,22928.50000,22962.50000,22833.75000,22870.50000
2025-07-07T17:00:00+00:00,22870.00000,22930.00000,22846.00000,22871.00000
2025-07-07T18:00:00+00:00,22871.50000,22881.25000,22779.75000,22877.50000
2025-07-07T19:00:00+00:00,22877.25000,22891.25000,22840.75000,22883.25000
2025-07-07T20:00:00+00:00,22883.75000,22887.00000,22822.00000,22839.00000
2025-07-07T22:00:00+00:00,22837.75000,22853.50000,22808.50000,22847.00000
2025-07-07T23:00:00+00:00,22847.75000,22879.75000,22842.50000,22874.25000
2025-07-08T00:00:00+00:00,22873.50000,22914.00000,22857.50000,22906.75000
2025-07-08T01:00:00+00:00,22905.50000,22923.75000,22888.00000,22893.75000
2025-07-08T02:00:00+00:00,22893.25000,22939.00000,22886.25000,22936.50000
2025-07-08T03:00:00+00:00,22936.75000,22938.50000,22910.00000,22917.50000
2025-07-08T04:00:00+00:00,22920.50000,22926.75000,22906.75000,22910.00000
2025-07-08T05:00:00+00:00,22910.25000,22935.00000,22903.75000,22933.75000
2025-07-08T06:00:00+00:00,22933.50000,22952.50000,22923.50000,22947.00000
2025-07-08T07:00:00+00:00,22946.75000,22972.75000,22917.75000,22963.00000
2025-07-08T08:00:00+00:00,22963.00000,22963.75000,22933.25000,22946.50000
2025-07-08T09:00:00+00:00,22945.75000,22953.75000,22917.50000,22924.50000
2025-07-08T10:00:00+00:00,22925.00000,22953.00000,22905.75000,22944.00000
2025-07-08T11:00:00+00:00,22944.25000,22957.00000,22930.50000,22939.75000
2025-07-08T12:00:00+00:00,22939.00000,22955.25000,22914.75000,22940.00000
2025-07-08T13:00:00+00:00,22939.75000,22956.25000,22881.00000,22881.50000
2025-07-08T14:00:00+00:00,22882.00000,22942.75000,22841.00000,22894.25000
2025-07-08T15:00:00+00:00,22893.00000,22915.00000,22853.75000,22906.00000
2025-07-08T16:00:00+00:00,22906.50000,22962.75000,22888.00000,22916.50000
2025-07-08T17:00:00+00:00,22916.75000,22939.00000,22875.75000,22934.00000
2025-07-08T18:00:00+00:00,22934.00000,22942.75000,22890.25000,22899.00000
2025-07-08T19:00:00+00:00,22899.00000,22903.75000,22870.25000,22891.75000
2025-07-08T20:00:00+00:00,22891.50000,22908.50000,22885.00000,22903.25000
2025-07-08T22:00:00+00:00,22906.50000,22923.00000,22900.50000,22912.75000
2025-07-08T23:00:00+00:00,22913.75000,22924.50000,22894.50000,22901.75000
2025-07-09T00:00:00+00:00,22900.50000,22900.50000,22864.00000,22875.50000
2025-07-09T01:00:00+00:00,22874.75000,22892.50000,22854.25000,22890.25000
2025-07-09T02:00:00+00:00,22890.50000,22901.50000,22878.50000,22880.50000
2025-07-09T03:00:00+00:00,22880.75000,22885.75000,22870.00000,22874.25000
2025-07-09T04:00:00+00:00,22871.75000,22895.50000,22870.75000,22891.75000
2025-07-09T05:00:00+00:00,22892.00000,22896.00000,22869.75000,22874.00000
2025-07-09T06:00:00+00:00,22873.75000,22898.50000,22843.75000,22895.50000
2025-07-09T07:00:00+00:00,22896.25000,22903.50000,22874.50000,22893.00000
2025-07-09T08:00:00+00:00,22892.50000,22901.25000,22878.00000,22890.50000
2025-07-09T09:00:00+00:00,22890.50000,22942.25000,22890.50000,22924.00000
2025-07-09T10:00:00+00:00,22924.50000,22934.50000,22910.00000,22923.00000
2025-07-09T11:00:00+00:00,22923.50000,22952.25000,22919.50000,22938.75000
2025-07-09T12:00:00+00:00,22937.75000,22955.75000,22922.75000,22935.75000
2025-07-09T13:00:00+00:00,22935.25000,23097.00000,22931.00000,23086.00000
2025-07-09T14:00:00+00:00,23085.75000,23112.00000,22928.00000,22947.50000
2025-07-09T15:00:00+00:00,22947.00000,22990.00000,22920.00000,22948.25000
2025-07-09T16:00:00+00:00,22948.25000,23008.50000,22937.00000,22983.00000
2025-07-09T17:00:00+00:00,22982.75000,23000.50000,22960.00000,22983.50000
2025-07-09T18:00:00+00:00,22983.25000,23039.75000,22981.75000,23032.25000
2025-07-09T19:00:00+00:00,23032.50000,23057.75000,23022.75000,23051.00000
2025-07-09T20:00:00+00:00,23051.25000,23060.50000,23031.00000,23043.50000
2025-07-09T22:00:00+00:00,23041.00000,23065.25000,23033.25000,23057.25000
2025-07-09T23:00:00+00:00,23057.25000,23059.25000,23030.75000,23034.25000
2025-07-10T00:00:00+00:00,23035.00000,23035.00000,23003.50000,23006.00000
2025-07-10T01:00:00+00:00,23005.75000,23012.50000,22987.75000,22990.75000
2025-07-10T02:00:00+00:00,22990.75000,23021.75000,22989.75000,23018.75000
2025-07-10T03:00:00+00:00,23017.75000,23017.75000,22993.00000,22997.50000
2025-07-10T04:00:00+00:00,22992.25000,22997.75000,22984.00000,22995.00000
2025-07-10T05:00:00+00:00,22995.25000,23002.00000,22976.50000,22992.50000
2025-07-10T06:00:00+00:00,22992.00000,22996.50000,22980.75000,22992.50000
2025-07-10T07:00:00+00:00,22992.50000,23022.00000,22983.25000,23019.50000
2025-07-10T08:00:00+00:00,23020.00000,23046.50000,23016.50000,23046.00000
2025-07-10T09:00:00+00:00,23045.75000,23050.25000,23013.75000,23025.00000
2025-07-10T10:00:00+00:00,23024.00000,23053.50000,23021.50000,23044.00000
2025-07-10T11:00:00+00:00,23043.50000,23077.00000,23038.25000,23071.00000
2025-07-10T12:00:00+00:00,23070.50000,23072.25000,23035.00000,23048.75000
2025-07-10T13:00:00+00:00,23049.00000,23090.00000,22938.25000,22960.75000
2025-07-10T14:00:00+00:00,22960.75000,22986.75000,22901.25000,22963.25000
2025-07-10T15:00:00+00:00,22963.25000,23025.50000,22940.00000,23024.50000
2025-07-10T16:00:00+00:00,23024.25000,23024.50000,22963.25000,22992.00000
2025-07-10T17:00:00+00:00,22992.00000,23041.75000,22988.25000,23037.00000
2025-07-10T18:00:00+00:00,23037.25000,23050.00000,23025.50000,23037.50000
2025-07-10T19:00:00+00:00,23037.25000,23044.50000,22990.75000,23015.00000
2025-07-10T20:00:00+00:00,23015.25000,23025.00000,22997.25000,23010.00000
2025-07-10T22:00:00+00:00,23011.75000,23039.75000,23004.50000,23037.50000
2025-07-10T23:00:00+00:00,23038.75000,23048.75000,23029.50000,23044.75000
2025-07-11T00:00:00+00:00,23044.25000,23046.00000,22831.50000,22882.50000
2025-07-11T01:00:00+00:00,22882.50000,22940.50000,22865.50000,22927.25000
2025-07-11T02:00:00+00:00,22927.50000,22950.00000,22918.00000,22946.75000
2025-07-11T03:00:00+00:00,22946.50000,22970.50000,22944.50000,22966.00000
2025-07-11T04:00:00+00:00,22963.25000,22974.25000,22962.00000,22966.00000
2025-07-11T05:00:00+00:00,22966.00000,22976.75000,22937.50000,22941.25000
2025-07-11T06:00:00+00:00,22942.75000,22969.75000,22941.25000,22956.00000
2025-07-11T07:00:00+00:00,22958.50000,22968.25000,22897.75000,22901.00000
2025-07-11T08:00:00+00:00,22901.75000,22915.75000,22870.50000,22903.75000
2025-07-11T09:00:00+00:00,22903.75000,22913.75000,22858.25000,22865.00000
2025-07-11T10:00:00+00:00,22863.50000,22892.25000,22852.00000,22872.00000
2025-07-11T11:00:00+00:00,22873.00000,22924.00000,22868.25000,22908.50000
2025-07-11T12:00:00+00:00,22908.00000,22920.00000,22881.25000,22904.50000
2025-07-11T13:00:00+00:00,22904.25000,22967.25000,22863.00000,22963.75000
2025-07-11T14:00:00+00:00,22963.75000,23009.00000,22942.00000,22970.00000
2025-07-11T15:00:00+00:00,22970.00000,23010.75000,22908.75000,22976.75000
2025-07-11T16:00:00+00:00,22976.75000,23008.25000,22958.75000,23003.75000
2025-07-11T17:00:00+00:00,23003.25000,23021.50000,22960.00000,22998.50000
2025-07-11T18:00:00+00:00,22997.75000,23018.50000,22969.50000,22976.50000
2025-07-11T19:00:00+00:00,22976.75000,22997.25000,22924.00000,22955.50000
2025-07-11T20:00:00+00:00,22955.25000,22959.00000,22930.25000,22959.00000
2025-07-14T04:00:00+00:00,22873.00000,22879.50000,22861.50000,22862.00000
2025-07-14T05:00:00+00:00,22862.75000,22870.00000,22826.75000,22831.25000
2025-07-14T06:00:00+00:00,22830.25000,22846.75000,22815.25000,22841.50000
2025-07-14T07:00:00+00:00,22842.50000,22883.75000,22804.50000,22881.75000
2025-07-14T08:00:00+00:00,22881.75000,22898.50000,22865.00000,22887.25000
2025-07-14T09:00:00+00:00,22887.50000,22903.75000,22879.00000,22898.50000
2025-07-14T10:00:00+00:00,22899.75000,22900.00000,22870.25000,22877.25000
2025-07-14T11:00:00+00:00,22877.50000,22899.50000,22864.50000,22887.50000
2025-07-14T12:00:00+00:00,22887.25000,22909.00000,22879.75000,22898.75000
2025-07-14T13:00:00+00:00,22898.00000,22979.25000,22842.25000,22911.75000
2025-07-14T14:00:00+00:00,22912.00000,22992.50000,22905.50000,22991.50000
2025-07-14T15:00:00+00:00,22991.25000,23022.50000,22984.75000,23009.00000
2025-07-14T16:00:00+00:00,23008.75000,23040.75000,22999.50000,23034.00000
2025-07-14T17:00:00+00:00,23034.25000,23066.50000,23033.75000,23045.25000
2025-07-14T18:00:00+00:00,23045.00000,23060.00000,23035.75000,23051.25000
2025-07-14T19:00:00+00:00,23051.50000,23059.25000,23016.00000,23034.00000
2025-07-14T20:00:00+00:00,23034.25000,23039.00000,23022.25000,23036.25000
2025-07-14T22:00:00+00:00,23034.25000,23036.00000,23000.00000,23002.00000
2025-07-14T23:00:00+00:00,23001.75000,23016.50000,22997.75000,23011.50000
2025-07-15T00:00:00+00:00,23011.75000,23019.75000,22997.50000,23005.00000
2025-07-15T01:00:00+00:00,23005.50000,23173.75000,22996.50000,23143.00000
2025-07-15T02:00:00+00:00,23143.50000,23164.00000,23040.00000,23056.00000
2025-07-15T03:00:00+00:00,23055.25000,23101.00000,23047.00000,23093.75000
2025-07-15T04:00:00+00:00,23092.50000,23121.00000,23090.00000,23116.25000
2025-07-15T05:00:00+00:00,23115.50000,23169.50000,23114.25000,23147.00000
2025-07-15T06:00:00+00:00,23147.50000,23155.00000,23132.00000,23143.50000
2025-07-15T07:00:00+00:00,23144.00000,23170.00000,23132.50000,23161.50000
2025-07-15T08:00:00+00:00,23160.25000,23179.50000,23144.00000,23156.50000
2025-07-15T09:00:00+00:00,23156.00000,23178.25000,23150.00000,23174.00000
2025-07-15T10:00:00+00:00,23174.50000,23190.00000,23162.25000,23170.50000
2025-07-15T11:00:00+00:00,23170.00000,23192.00000,23154.00000,23167.00000
2025-07-15T12:00:00+00:00,23167.00000,23208.00000,23135.25000,23195.50000
2025-07-15T13:00:00+00:00,23196.00000,23222.75000,23123.00000,23138.50000
2025-07-15T14:00:00+00:00,23139.00000,23198.50000,23096.00000,23099.50000
2025-07-15T15:00:00+00:00,23100.25000,23181.00000,23099.75000,23158.00000
2025-07-15T16:00:00+00:00,23157.50000,23168.00000,23083.00000,23098.75000
2025-07-15T17:00:00+00:00,23098.50000,23171.00000,23086.75000,23169.50000
2025-07-15T18:00:00+00:00,23170.00000,23180.00000,23094.50000,23094.50000
2025-07-15T19:00:00+00:00,23094.25000,23122.50000,23050.00000,23052.25000
2025-07-15T20:00:00+00:00,23052.00000,23059.25000,23009.50000,23017.75000
2025-07-15T22:00:00+00:00,23018.75000,23034.25000,22973.75000,23009.00000
2025-07-15T23:00:00+00:00,23009.75000,23020.00000,22980.00000,23014.25000
2025-07-16T00:00:00+00:00,23014.00000,23019.00000,22977.25000,22999.50000
2025-07-16T01:00:00+00:00,22999.25000,23032.50000,22997.00000,23030.25000
2025-07-16T02:00:00+00:00,23030.50000,23033.75000,23006.75000,23012.00000
2025-07-16T03:00:00+00:00,23012.50000,23027.75000,23011.50000,23018.25000
2025-07-16T04:00:00+00:00,23029.00000,23032.00000,23016.00000,23021.25000
2025-07-16T05:00:00+00:00,23021.50000,23045.25000,22993.50000,23007.00000
2025-07-16T06:00:00+00:00,23005.25000,23008.75000,22966.25000,22971.75000
2025-07-16T07:00:00+00:00,22971.50000,22990.50000,22929.25000,22982.00000
2025-07-16T08:00:00+00:00,22982.50000,23014.50000,22969.25000,23002.00000
2025-07-16T09:00:00+00:00,23002.25000,23004.50000,22980.00000,23000.50000
2025-07-16T10:00:00+00:00,23000.25000,23021.00000,22992.75000,23013.75000
2025-07-16T11:00:00+00:00,23014.00000,23024.00000,22995.25000,23020.25000
2025-07-16T12:00:00+00:00,23020.50000,23085.00000,23010.00000,23073.75000
2025-07-16T13:00:00+00:00,23073.25000,23089.50000,22957.25000,22968.50000
2025-07-16T14:00:00+00:00,22968.50000,23033.75000,22948.75000,22990.25000
2025-07-16T15:00:00+00:00,22989.75000,23045.75000,22835.75000,22990.75000
2025-07-16T16:00:00+00:00,22990.00000,23051.25000,22953.00000,23045.75000
2025-07-16T17:00:00+00:00,23045.75000,23069.50000,23022.00000,23028.00000
2025-07-16T18:00:00+00:00,23028.50000,23074.00000,23016.50000,23072.75000
2025-07-16T19:00:00+00:00,23072.75000,23100.00000,23058.25000,23074.50000
2025-07-16T20:00:00+00:00,23075.00000,23075.75000,23055.50000,23063.25000
2025-07-16T22:00:00+00:00,23065.50000,23072.00000,23031.25000,23034.50000
2025-07-16T23:00:00+00:00,23035.50000,23046.50000,23029.00000,23040.50000
2025-07-17T00:00:00+00:00,23040.00000,23054.25000,23024.00000,23051.75000
2025-07-17T01:00:00+00:00,23050.75000,23058.75000,23025.25000,23034.25000
2025-07-17T02:00:00+00:00,23034.00000,23034.00000,23021.25000,23023.75000
2025-07-17T03:00:00+00:00,23025.00000,23040.50000,23017.00000,23038.50000
2025-07-17T04:00:00+00:00,23040.75000,23043.00000,23027.00000,23041.00000
2025-07-17T05:00:00+00:00,23041.00000,23100.00000,23039.25000,23087.25000
2025-07-17T06:00:00+00:00,23087.75000,23151.75000,23086.75000,23138.00000
2025-07-17T07:00:00+00:00,23138.00000,23141.00000,23100.25000,23113.00000
2025-07-17T08:00:00+00:00,23112.75000,23119.00000,23088.50000,23103.25000
2025-07-17T09:00:00+00:00,23104.50000,23125.50000,23103.25000,23109.50000
2025-07-17T10:00:00+00:00,23109.25000,23115.25000,23087.50000,23091.00000
2025-07-17T11:00:00+00:00,23090.25000,23095.75000,23072.00000,23087.50000
2025-07-17T12:00:00+00:00,23086.75000,23147.50000,23073.25000,23146.50000
2025-07-17T13:00:00+00:00,23145.75000,23158.50000,23065.75000,23149.75000
2025-07-17T14:00:00+00:00,23150.50000,23198.75000,23115.00000,23194.50000
2025-07-17T15:00:00+00:00,23194.25000,23255.50000,23193.75000,23249.50000
2025-07-17T16:00:00+00:00,23249.00000,23276.00000,23244.75000,23256.75000
2025-07-17T17:00:00+00:00,23257.25000,23276.00000,23240.50000,23275.25000
2025-07-17T18:00:00+00:00,23275.75000,23279.75000,23236.75000,23252.50000
2025-07-17T19:00:00+00:00,23253.00000,23278.00000,23245.25000,23258.25000
2025-07-17T20:00:00+00:00,23257.75000,23275.50000,23234.25000,23265.50000
2025-07-17T22:00:00+00:00,23261.25000,23262.75000,23245.25000,23256.50000
2025-07-17T23:00:00+00:00,23257.75000,23288.75000,23256.25000,23280.75000
2025-07-18T00:00:00+00:00,23280.50000,23284.75000,23264.25000,23267.75000
2025-07-18T01:00:00+00:00,23267.00000,23272.50000,23258.75000,23265.50000
2025-07-18T02:00:00+00:00,23266.75000,23287.25000,23260.00000,23279.50000
2025-07-18T03:00:00+00:00,23279.50000,23285.50000,23273.75000,23276.25000
2025-07-18T04:00:00+00:00,23274.25000,23282.00000,23271.50000,23278.75000
2025-07-18T05:00:00+00:00,23279.00000,23309.25000,23277.75000,23304.00000
2025-07-18T06:00:00+00:00,23303.25000,23309.50000,23282.75000,23283.75000
2025-07-18T07:00:00+00:00,23283.50000,23292.75000,23269.00000,23269.75000
2025-07-18T08:00:00+00:00,23269.25000,23286.50000,23266.25000,23281.75000
2025-07-18T09:00:00+00:00,23281.25000,23290.25000,23275.00000,23278.75000
2025-07-18T10:00:00+00:00,23277.75000,23281.50000,23252.25000,23266.25000
2025-07-18T11:00:00+00:00,23267.00000,23272.75000,23251.25000,23264.25000
2025-07-18T12:00:00+00:00,23264.50000,23272.25000,23254.00000,23268.50000
2025-07-18T13:00:00+00:00,23269.00000,23320.75000,23252.50000,23259.75000
2025-07-18T14:00:00+00:00,23257.50000,23295.00000,23186.75000,23205.00000
2025-07-18T15:00:00+00:00,23205.25000,23254.25000,23186.75000,23247.50000
2025-07-18T16:00:00+00:00,23247.75000,23249.25000,23169.50000,23187.50000
2025-07-18T17:00:00+00:00,23187.25000,23222.75000,23172.00000,23198.50000
2025-07-18T18:00:00+00:00,23199.25000,23227.00000,23193.75000,23204.00000
2025-07-18T19:00:00+00:00,23203.50000,23232.50000,23198.50000,23226.50000
2025-07-18T20:00:00+00:00,23226.25000,23229.75000,23217.00000,23224.25000
2025-07-20T22:00:00+00:00,23232.50000,23245.50000,23203.75000,23244.00000
2025-07-20T23:00:00+00:00,23245.25000,23262.75000,23237.00000,23260.25000
2025-07-21T00:00:00+00:00,23260.50000,23263.00000,23250.50000,23252.00000
2025-07-21T01:00:00+00:00,23253.00000,23277.25000,23251.00000,23264.25000
2025-07-21T02:00:00+00:00,23264.25000,23270.50000,23255.25000,23257.00000
2025-07-21T03:00:00+00:00,23257.25000,23261.50000,23242.50000,23246.25000
2025-07-21T04:00:00+00:00,23247.00000,23270.50000,23246.25000,23270.00000
2025-07-21T05:00:00+00:00,23270.00000,23275.75000,23262.50000,23268.50000
2025-07-21T06:00:00+00:00,23269.00000,23295.00000,23265.75000,23277.25000
2025-07-21T07:00:00+00:00,23277.00000,23298.50000,23276.75000,23295.75000
2025-07-21T08:00:00+00:00,23296.00000,23308.25000,23282.00000,23289.25000
2025-07-21T09:00:00+00:00,23291.00000,23299.00000,23285.75000,23289.50000
2025-07-21T10:00:00+00:00,23289.75000,23305.25000,23281.00000,23290.75000
2025-07-21T11:00:00+00:00,23291.00000,23292.50000,23275.00000,23277.00000
2025-07-21T12:00:00+00:00,23277.50000,23283.75000,23236.00000,23238.00000
2025-07-21T13:00:00+00:00,23238.00000,23396.00000,23223.75000,23376.25000
2025-07-21T14:00:00+00:00,23376.00000,23424.75000,23376.00000,23397.50000
2025-07-21T15:00:00+00:00,23397.50000,23404.75000,23378.75000,23385.50000
2025-07-21T16:00:00+00:00,23385.50000,23410.25000,23358.75000,23405.25000
2025-07-21T17:00:00+00:00,23405.25000,23423.50000,23404.00000,23411.25000
2025-07-21T18:00:00+00:00,23411.50000,23417.75000,23386.25000,23390.50000
2025-07-21T19:00:00+00:00,23390.50000,23392.75000,23328.50000,23344.50000
2025-07-21T20:00:00+00:00,23344.25000,23354.50000,23338.25000,23347.00000
2025-07-21T22:00:00+00:00,23339.50000,23353.00000,23336.00000,23343.50000
2025-07-21T23:00:00+00:00,23343.75000,23350.50000,23335.50000,23346.75000
2025-07-22T00:00:00+00:00,23346.50000,23361.00000,23338.00000,23340.50000
2025-07-22T01:00:00+00:00,23340.00000,23367.00000,23335.00000,23365.50000
2025-07-22T02:00:00+00:00,23365.50000,23366.00000,23344.00000,23347.25000
2025-07-22T03:00:00+00:00,23347.50000,23349.25000,23321.00000,23329.25000
2025-07-22T04:00:00+00:00,23324.00000,23325.00000,23297.00000,23306.25000
2025-07-22T05:00:00+00:00,23306.00000,23316.25000,23298.50000,23314.50000
2025-07-22T06:00:00+00:00,23314.50000,23319.50000,23305.50000,23314.00000
2025-07-22T07:00:00+00:00,23314.00000,23347.50000,23283.25000,23304.75000
2025-07-22T08:00:00+00:00,23304.50000,23316.50000,23271.50000,23276.75000
2025-07-22T09:00:00+00:00,23276.50000,23286.75000,23267.50000,23281.50000
2025-07-22T10:00:00+00:00,23281.25000,23301.75000,23277.50000,23300.00000
2025-07-22T11:00:00+00:00,23299.25000,23332.25000,23293.75000,23331.50000
2025-07-22T12:00:00+00:00,23330.50000,23341.25000,23320.25000,23334.75000
2025-07-22T13:00:00+00:00,23334.75000,23349.75000,23112.75000,23141.25000
2025-07-22T14:00:00+00:00,23142.25000,23230.00000,23108.00000,23224.25000
2025-07-22T15:00:00+00:00,23224.50000,23237.25000,23194.50000,23206.50000
2025-07-22T16:00:00+00:00,23206.75000,23224.50000,23159.50000,23198.75000
2025-07-22T17:00:00+00:00,23198.50000,23250.75000,23195.25000,23217.50000
2025-07-22T18:00:00+00:00,23217.00000,23253.50000,23171.00000,23251.75000
2025-07-22T19:00:00+00:00,23251.50000,23257.75000,23219.25000,23222.00000
2025-07-22T20:00:00+00:00,23222.00000,23223.75000,23188.00000,23199.00000
2025-07-22T22:00:00+00:00,23191.25000,23205.00000,23170.25000,23182.00000
2025-07-22T23:00:00+00:00,23182.50000,23268.00000,23181.00000,23261.75000
2025-07-23T00:00:00+00:00,23261.75000,23267.00000,23198.50000,23204.50000
2025-07-23T01:00:00+00:00,23203.50000,23253.75000,23198.75000,23252.00000
2025-07-23T02:00:00+00:00,23251.50000,23252.00000,23226.00000,23245.00000
2025-07-23T03:00:00+00:00,23246.50000,23255.00000,23231.25000,23240.00000
2025-07-23T04:00:00+00:00,23234.75000,23251.50000,23232.00000,23248.50000
2025-07-23T05:00:00+00:00,23248.50000,23259.50000,23244.75000,23250.50000
2025-07-23T06:00:00+00:00,23251.00000,23271.25000,23243.00000,23268.00000
2025-07-23T07:00:00+00:00,23267.75000,23277.25000,23248.25000,23260.75000
2025-07-23T08:00:00+00:00,23259.50000,23281.75000,23257.00000,23279.25000
2025-07-23T09:00:00+00:00,23278.25000,23283.50000,23259.50000,23271.75000
2025-07-23T10:00:00+00:00,23272.75000,23281.50000,23260.00000,23261.25000
2025-07-23T11:00:00+00:00,23261.00000,23264.00000,23232.75000,23257.50000
2025-07-23T12:00:00+00:00,23256.50000,23268.75000,23230.25000,23236.75000
2025-07-23T13:00:00+00:00,23236.25000,23274.75000,23160.50000,23166.00000
2025-07-23T14:00:00+00:00,23165.25000,23203.50000,23146.75000,23199.25000
2025-07-23T15:00:00+00:00,23199.50000,23293.50000,23179.00000,23257.75000
2025-07-23T16:00:00+00:00,23257.00000,23262.75000,23192.75000,23228.50000
2025-07-23T17:00:00+00:00,23228.25000,23269.75000,23213.75000,23263.25000
2025-07-23T18:00:00+00:00,23263.75000,23323.75000,23263.25000,23301.50000
2025-07-23T19:00:00+00:00,23302.25000,23324.75000,23269.00000,23324.00000
2025-07-23T20:00:00+00:00,23324.25000,23418.00000,23303.25000,23411.25000
2025-07-23T22:00:00+00:00,23402.25000,23404.25000,23383.00000,23387.50000
2025-07-23T23:00:00+00:00,23388.75000,23405.00000,23385.75000,23401.00000
2025-07-24T00:00:00+00:00,23400.25000,23407.00000,23382.00000,23394.50000
2025-07-24T01:00:00+00:00,23394.00000,23422.75000,23389.75000,23408.00000
2025-07-24T02:00:00+00:00,23408.25000,23415.00000,23400.75000,23404.75000
2025-07-24T03:00:00+00:00,23404.50000,23405.50000,23374.00000,23379.50000
2025-07-24T04:00:00+00:00,23382.25000,23384.75000,23372.25000,23380.00000
2025-07-24T05:00:00+00:00,23380.00000,23384.75000,23372.50000,23373.75000
2025-07-24T06:00:00+00:00,23373.75000,23391.50000,23353.75000,23360.00000
2025-07-24T07:00:00+00:00,23359.00000,23370.25000,23352.50000,23369.50000
2025-07-24T08:00:00+00:00,23368.50000,23391.25000,23346.75000,23390.75000
2025-07-24T09:00:00+00:00,23391.00000,23397.00000,23382.25000,23390.00000
2025-07-24T10:00:00+00:00,23390.50000,23394.75000,23363.50000,23373.25000
2025-07-24T11:00:00+00:00,23373.50000,23402.75000,23366.50000,23386.75000
2025-07-24T12:00:00+00:00,23386.00000,23392.25000,23327.25000,23359.75000
2025-07-24T13:00:00+00:00,23360.50000,23401.00000,23334.25000,23362.75000
2025-07-24T14:00:00+00:00,23364.00000,23381.00000,23298.25000,23372.50000
2025-07-24T15:00:00+00:00,23372.75000,23400.50000,23368.75000,23388.25000
2025-07-24T16:00:00+00:00,23388.00000,23388.75000,23340.00000,23370.50000
2025-07-24T17:00:00+00:00,23370.25000,23423.00000,23365.75000,23384.25000
2025-07-24T18:00:00+00:00,23383.75000,23422.00000,23376.75000,23400.75000
2025-07-24T19:00:00+00:00,23400.00000,23424.50000,23372.25000,23376.50000
2025-07-24T20:00:00+00:00,23376.75000,23401.00000,23366.25000,23395.00000
2025-07-24T22:00:00+00:00,23391.50000,23420.50000,23385.00000,23401.25000
2025-07-24T23:00:00+00:00,23400.75000,23409.75000,23390.00000,23406.25000
2025-07-25T00:00:00+00:00,23406.50000,23423.25000,23400.50000,23414.25000
2025-07-25T01:00:00+00:00,23414.75000,23434.75000,23409.00000,23426.50000
2025-07-25T02:00:00+00:00,23427.50000,23436.50000,23420.00000,23421.50000
2025-07-25T03:00:00+00:00,23422.00000,23441.50000,23420.75000,23429.25000
2025-07-25T04:00:00+00:00,23428.75000,23431.75000,23392.50000,23397.75000
2025-07-25T05:00:00+00:00,23397.75000,23409.50000,23395.50000,23407.75000
2025-07-25T06:00:00+00:00,23407.75000,23412.50000,23389.00000,23390.75000
2025-07-25T07:00:00+00:00,23391.50000,23394.00000,23355.00000,23366.25000
2025-07-25T08:00:00+00:00,23367.00000,23381.25000,23348.75000,23375.00000
2025-07-25T09:00:00+00:00,23375.00000,23376.00000,23356.25000,23374.00000
2025-07-25T10:00:00+00:00,23374.25000,23391.25000,23370.50000,23387.75000
2025-07-25T11:00:00+00:00,23388.00000,23389.00000,23360.75000,23365.25000
2025-07-25T12:00:00+00:00,23365.25000,23386.50000,23359.50000,23371.25000
2025-07-25T13:00:00+00:00,23371.25000,23408.00000,23330.75000,23389.25000
2025-07-25T14:00:00+00:00,23389.50000,23423.50000,23384.00000,23405.25000
2025-07-25T15:00:00+00:00,23405.50000,23429.25000,23392.75000,23421.00000
2025-07-25T16:00:00+00:00,23421.00000,23476.00000,23416.00000,23450.50000
2025-07-25T17:00:00+00:00,23450.25000,23455.00000,23432.00000,23439.00000
2025-07-25T18:00:00+00:00,23439.50000,23459.75000,23424.00000,23443.00000
2025-07-25T19:00:00+00:00,23443.00000,23455.50000,23408.25000,23422.25000
2025-07-25T20:00:00+00:00,23422.00000,23448.75000,23407.00000,23421.25000
2025-07-28T00:00:00+00:00,23540.75000,23546.00000,23533.75000,23543.75000
2025-07-28T01:00:00+00:00,23543.50000,23544.50000,23531.00000,23542.00000
2025-07-28T02:00:00+00:00,23541.75000,23566.50000,23537.25000,23551.75000
2025-07-28T03:00:00+00:00,23551.25000,23552.75000,23541.75000,23549.75000
2025-07-28T04:00:00+00:00,23549.25000,23565.25000,23545.00000,23560.00000
2025-07-28T05:00:00+00:00,23559.50000,23578.75000,23558.75000,23573.75000
2025-07-28T06:00:00+00:00,23573.75000,23585.25000,23560.00000,23560.75000
2025-07-28T07:00:00+00:00,23561.00000,23567.50000,23533.50000,23547.50000
2025-07-28T08:00:00+00:00,23547.25000,23549.25000,23533.50000,23537.00000
2025-07-28T09:00:00+00:00,23537.00000,23542.50000,23522.25000,23526.75000
2025-07-28T10:00:00+00:00,23526.00000,23527.00000,23484.75000,23494.25000
2025-07-28T11:00:00+00:00,23493.50000,23507.50000,23490.00000,23502.00000
2025-07-28T12:00:00+00:00,23501.50000,23521.00000,23486.25000,23514.50000
2025-07-28T13:00:00+00:00,23514.25000,23521.25000,23464.75000,23520.00000
2025-07-28T14:00:00+00:00,23520.00000,23529.00000,23473.50000,23493.00000
2025-07-28T15:00:00+00:00,23493.50000,23500.00000,23436.75000,23493.50000
2025-07-28T16:00:00+00:00,23494.00000,23509.25000,23474.00000,23485.75000
2025-07-28T17:00:00+00:00,23486.00000,23488.25000,23455.00000,23461.25000
2025-07-28T18:00:00+00:00,23461.00000,23471.00000,23440.00000,23463.00000
2025-07-28T19:00:00+00:00,23462.50000,23496.25000,23450.00000,23491.75000
2025-07-28T20:00:00+00:00,23491.75000,23512.75000,23489.00000,23509.25000
2025-07-28T22:00:00+00:00,23504.25000,23531.00000,23503.00000,23526.75000
2025-07-28T23:00:00+00:00,23526.00000,23531.25000,23517.50000,23528.25000
2025-07-29T00:00:00+00:00,23528.75000,23537.00000,23516.50000,23533.50000
2025-07-29T01:00:00+00:00,23533.50000,23545.00000,23526.00000,23528.00000
2025-07-29T02:00:00+00:00,23527.75000,23539.25000,23521.25000,23538.50000
2025-07-29T03:00:00+00:00,23537.75000,23547.50000,23535.75000,23543.75000
2025-07-29T04:00:00+00:00,23546.25000,23552.00000,23539.25000,23542.75000
2025-07-29T05:00:00+00:00,23541.50000,23554.00000,23541.00000,23547.25000
2025-07-29T06:00:00+00:00,23547.75000,23555.00000,23541.50000,23545.25000
2025-07-29T07:00:00+00:00,23545.50000,23598.50000,23545.00000,23588.50000
2025-07-29T08:00:00+00:00,23588.25000,23593.25000,23575.50000,23582.50000
2025-07-29T09:00:00+00:00,23582.75000,23607.00000,23579.75000,23599.25000
2025-07-29T10:00:00+00:00,23598.50000,23609.00000,23592.25000,23599.00000
2025-07-29T11:00:00+00:00,23599.00000,23606.75000,23578.50000,23600.25000
2025-07-29T12:00:00+00:00,23600.75000,23613.50000,23572.50000,23579.00000
2025-07-29T13:00:00+00:00,23579.25000,23652.50000,23555.75000,23581.00000
2025-07-29T14:00:00+00:00,23588.50000,23593.50000,23514.50000,23528.25000
2025-07-29T15:00:00+00:00,23527.25000,23542.50000,23438.25000,23503.75000
2025-07-29T16:00:00+00:00,23503.25000,23513.75000,23448.50000,23507.25000
2025-07-29T17:00:00+00:00,23507.50000,23525.75000,23462.00000,23491.50000
2025-07-29T18:00:00+00:00,23491.50000,23507.50000,23467.75000,23479.00000
2025-07-29T19:00:00+00:00,23478.25000,23486.00000,23421.50000,23457.25000
2025-07-29T20:00:00+00:00,23457.25000,23462.25000,23445.50000,23452.00000
2025-07-29T22:00:00+00:00,23452.00000,23474.75000,23449.25000,23470.50000
2025-07-29T23:00:00+00:00,23470.50000,23481.50000,23465.25000,23475.00000
2025-07-30T00:00:00+00:00,23474.75000,23490.75000,23471.50000,23486.25000
2025-07-30T01:00:00+00:00,23485.50000,23493.75000,23466.25000,23485.25000
2025-07-30T02:00:00+00:00,23486.00000,23496.50000,23480.25000,23493.50000
2025-07-30T03:00:00+00:00,23493.75000,23506.75000,23493.00000,23498.00000
2025-07-30T04:00:00+00:00,23502.00000,23507.75000,23498.75000,23504.25000
2025-07-30T05:00:00+00:00,23503.00000,23509.75000,23488.00000,23503.50000
2025-07-30T06:00:00+00:00,23503.00000,23510.50000,23496.25000,23499.25000
2025-07-30T07:00:00+00:00,23499.00000,23508.00000,23474.00000,23500.00000
2025-07-30T08:00:00+00:00,23499.25000,23512.50000,23462.25000,23483.25000
2025-07-30T09:00:00+00:00,23482.50000,23498.00000,23475.00000,23492.25000
2025-07-30T10:00:00+00:00,23493.25000,23508.50000,23488.75000,23508.50000
2025-07-30T11:00:00+00:00,23508.00000,23522.00000,23497.75000,23507.75000
2025-07-30T12:00:00+00:00,23507.75000,23508.00000,23471.50000,23491.00000
2025-07-30T13:00:00+00:00,23489.75000,23526.25000,23450.75000,23483.75000
2025-07-30T14:00:00+00:00,23483.25000,23541.25000,23467.00000,23515.50000
2025-07-30T15:00:00+00:00,23515.00000,23530.50000,23475.50000,23529.75000
2025-07-30T16:00:00+00:00,23529.50000,23547.00000,23516.75000,23534.00000
2025-07-30T17:00:00+00:00,23534.00000,23551.00000,23523.00000,23544.75000
2025-07-30T18:00:00+00:00,23542.00000,23589.50000,23400.25000,23412.50000
2025-07-30T19:00:00+00:00,23412.25000,23490.25000,23356.50000,23483.75000
2025-07-30T20:00:00+00:00,23484.00000,23689.00000,23470.50000,23661.75000
2025-07-30T22:00:00+00:00,23705.00000,23744.25000,23686.00000,23728.75000
2025-07-30T23:00:00+00:00,23728.00000,23740.00000,23722.75000,23725.00000
2025-07-31T00:00:00+00:00,23725.50000,23758.50000,23712.00000,23753.75000
2025-07-31T01:00:00+00:00,23753.75000,23780.00000,23746.00000,23769.50000
2025-07-31T02:00:00+00:00,23769.25000,23793.00000,23767.50000,23787.00000
2025-07-31T03:00:00+00:00,23786.50000,23800.75000,23778.50000,23798.00000
2025-07-31T04:00:00+00:00,23799.50000,23809.00000,23783.50000,23805.25000
2025-07-31T05:00:00+00:00,23805.75000,23809.75000,23784.50000,23800.25000
2025-07-31T06:00:00+00:00,23799.75000,23806.25000,23777.00000,23796.75000
2025-07-31T07:00:00+00:00,23797.50000,23845.00000,23783.25000,23825.50000
2025-07-31T08:00:00+00:00,23825.25000,23826.25000,23794.25000,23799.25000
2025-07-31T09:00:00+00:00,23800.00000,23807.00000,23782.00000,23783.75000
2025-07-31T10:00:00+00:00,23783.50000,23803.25000,23773.00000,23777.00000
2025-07-31T11:00:00+00:00,23776.25000,23800.75000,23752.75000,23763.50000
2025-07-31T12:00:00+00:00,23763.50000,23812.00000,23756.00000,23801.75000
2025-07-31T13:00:00+00:00,23801.50000,23804.00000,23609.50000,23671.25000
2025-07-31T14:00:00+00:00,23671.50000,23700.00000,23534.75000,23542.00000
2025-07-31T15:00:00+00:00,23540.75000,23585.00000,23483.25000,23584.00000
2025-07-31T16:00:00+00:00,23583.75000,23617.00000,23557.50000,23570.00000
2025-07-31T17:00:00+00:00,23570.25000,23571.75000,23365.00000,23389.50000
2025-07-31T18:00:00+00:00,23389.75000,23465.75000,23305.75000,23414.75000
2025-07-31T19:00:00+00:00,23415.00000,23443.00000,23311.25000,23354.25000
2025-07-31T20:00:00+00:00,23354.25000,23458.75000,23290.50000,23329.50000
2025-07-31T22:00:00+00:00,23308.50000,23347.50000,23241.75000,23285.00000
2025-07-31T23:00:00+00:00,23286.50000,23309.50000,23265.00000,23297.50000
2025-08-01T00:00:00+00:00,23297.50000,23303.50000,23231.50000,23279.50000
2025-08-01T01:00:00+00:00,23279.75000,23328.75000,23272.00000,23322.25000
2025-08-01T02:00:00+00:00,23322.50000,23340.00000,23314.75000,23332.50000
2025-08-01T03:00:00+00:00,23333.75000,23342.50000,23302.50000,23305.00000
2025-08-01T04:00:00+00:00,23316.00000,23321.50000,23306.50000,23318.50000
2025-08-01T05:00:00+00:00,23317.75000,23325.00000,23290.25000,23292.75000
2025-08-01T06:00:00+00:00,23292.25000,23296.50000,23255.50000,23269.75000
2025-08-01T07:00:00+00:00,23268.75000,23278.50000,23127.25000,23169.50000
2025-08-01T08:00:00+00:00,23170.00000,23172.50000,23063.00000,23114.00000
2025-08-01T09:00:00+00:00,23113.75000,23140.25000,23086.00000,23127.75000
2025-08-01T10:00:00+00:00,23126.75000,23127.50000,23031.50000,23054.75000
2025-08-01T11:00:00+00:00,23055.75000,23129.50000,23051.50000,23126.00000
2025-08-01T12:00:00+00:00,23125.75000,23167.50000,23059.50000,23068.25000
2025-08-01T13:00:00+00:00,23068.75000,23102.25000,22858.00000,22883.00000
2025-08-01T14:00:00+00:00,22872.25000,23022.75000,22800.00000,22929.75000
2025-08-01T15:00:00+00:00,22929.50000,23018.75000,22896.00000,23006.50000
2025-08-01T16:00:00+00:00,23006.25000,23045.50000,22872.75000,22879.00000
2025-08-01T17:00:00+00:00,22879.00000,22899.75000,22827.50000,22845.00000
2025-08-01T18:00:00+00:00,22844.75000,22942.75000,22775.00000,22870.25000
2025-08-01T19:00:00+00:00,22870.25000,22944.50000,22836.25000,22881.00000
2025-08-01T20:00:00+00:00,22881.00000,22894.25000,22867.50000,22870.00000
2025-08-03T22:00:00+00:00,22883.75000,22915.75000,22821.75000,22908.75000
2025-08-03T23:00:00+00:00,22909.50000,22931.50000,22881.75000,22927.25000
2025-08-04T00:00:00+00:00,22927.50000,22963.75000,22916.50000,22956.25000
2025-08-04T01:00:00+00:00,22956.00000,22973.00000,22932.00000,22959.75000
2025-08-04T02:00:00+00:00,22958.50000,22982.25000,22950.00000,22978.50000
2025-08-04T03:00:00+00:00,22978.50000,22988.50000,22966.25000,22986.75000
2025-08-04T04:00:00+00:00,22987.00000,22987.75000,22952.50000,22970.00000
2025-08-04T05:00:00+00:00,22970.00000,22996.00000,22961.25000,22983.00000
2025-08-04T06:00:00+00:00,22983.25000,23000.50000,22947.75000,22990.75000
2025-08-04T07:00:00+00:00,22991.50000,23044.75000,22978.25000,23010.75000
2025-08-04T08:00:00+00:00,23011.25000,23063.25000,23006.00000,23061.00000
2025-08-04T09:00:00+00:00,23060.25000,23077.50000,23054.00000,23055.25000
2025-08-04T10:00:00+00:00,23055.75000,23078.00000,23052.25000,23061.75000
2025-08-04T11:00:00+00:00,23062.25000,23076.00000,23031.50000,23044.75000
2025-08-04T12:00:00+00:00,23045.50000,23081.50000,23036.75000,23076.00000
2025-08-04T13:00:00+00:00,23075.50000,23257.75000,23070.50000,23246.50000
2025-08-04T14:00:00+00:00,23246.75000,23264.25000,23194.00000,23215.25000
2025-08-04T15:00:00+00:00,23215.00000,23263.50000,23187.75000,23254.00000
2025-08-04T16:00:00+00:00,23254.25000,23279.50000,23248.00000,23270.50000
2025-08-04T17:00:00+00:00,23270.00000,23285.25000,23241.25000,23268.00000
2025-08-04T18:00:00+00:00,23268.25000,23283.75000,23255.75000,23261.50000
2025-08-04T19:00:00+00:00,23261.00000,23307.25000,23253.25000,23296.75000
2025-08-04T20:00:00+00:00,23296.75000,23352.50000,23285.00000,23350.75000
2025-08-04T22:00:00+00:00,23354.00000,23360.00000,23316.25000,23326.75000
2025-08-04T23:00:00+00:00,23327.25000,23349.50000,23314.75000,23334.75000
2025-08-05T00:00:00+00:00,23334.00000,23374.50000,23313.75000,23347.25000
2025-08-05T01:00:00+00:00,23346.25000,23372.50000,23335.00000,23341.00000
2025-08-05T02:00:00+00:00,23340.25000,23348.00000,23332.25000,23340.25000
2025-08-05T03:00:00+00:00,23341.25000,23357.25000,23325.00000,23344.00000
2025-08-05T04:00:00+00:00,23341.25000,23359.50000,23337.00000,23359.00000
2025-08-05T05:00:00+00:00,23359.75000,23367.50000,23351.25000,23363.00000
2025-08-05T06:00:00+00:00,23363.50000,23394.50000,23356.00000,23385.50000
2025-08-05T07:00:00+00:00,23386.00000,23397.25000,23323.50000,23329.75000
2025-08-05T08:00:00+00:00,23330.50000,23343.00000,23313.00000,23331.25000
2025-08-05T09:00:00+00:00,23332.00000,23349.25000,23326.00000,23348.50000
2025-08-05T10:00:00+00:00,23348.50000,23392.75000,23344.75000,23385.75000
2025-08-05T11:00:00+00:00,23384.75000,23396.25000,23362.00000,23384.00000
2025-08-05T12:00:00+00:00,23383.75000,23404.25000,23343.00000,23360.50000
2025-08-05T13:00:00+00:00,23360.75000,23397.25000,23303.50000,23374.25000
2025-08-05T14:00:00+00:00,23374.00000,23374.00000,23138.50000,23181.25000
2025-08-05T15:00:00+00:00,23180.50000,23219.75000,23113.50000,23156.25000
2025-08-05T16:00:00+00:00,23155.75000,23225.25000,23137.00000,23180.50000
2025-08-05T17:00:00+00:00,23180.00000,23252.00000,23166.75000,23241.25000
2025-08-05T18:00:00+00:00,23241.00000,23249.00000,23115.00000,23147.00000
2025-08-05T19:00:00+00:00,23147.75000,23178.50000,23121.25000,23133.50000
2025-08-05T20:00:00+00:00,23133.75000,23166.75000,23084.50000,23092.00000
2025-08-05T22:00:00+00:00,23091.75000,23112.75000,23045.50000,23086.00000
2025-08-05T23:00:00+00:00,23084.50000,23097.50000,23053.00000,23053.00000
2025-08-06T00:00:00+00:00,23052.25000,23094.75000,23049.75000,23072.50000
2025-08-06T01:00:00+00:00,23072.00000,23140.25000,23064.00000,23136.50000
2025-08-06T02:00:00+00:00,23136.25000,23168.25000,23123.00000,23155.75000
2025-08-06T03:00:00+00:00,23156.00000,23170.00000,23144.25000,23166.25000
2025-08-06T04:00:00+00:00,23173.00000,23173.25000,23157.75000,23161.00000
2025-08-06T05:00:00+00:00,23162.25000,23201.75000,23154.75000,23184.50000
2025-08-06T06:00:00+00:00,23184.50000,23207.00000,23180.50000,23192.25000
2025-08-06T07:00:00+00:00,23192.25000,23224.00000,23191.00000,23220.25000
2025-08-06T08:00:00+00:00,23221.00000,23227.00000,23156.00000,23166.25000
2025-08-06T09:00:00+00:00,23166.50000,23180.25000,23131.75000,23146.00000
2025-08-06T10:00:00+00:00,23147.25000,23156.75000,23107.25000,23144.00000
2025-08-06T11:00:00+00:00,23144.25000,23196.75000,23137.50000,23176.00000
2025-08-06T12:00:00+00:00,23175.75000,23186.50000,23140.25000,23179.00000
2025-08-06T13:00:00+00:00,23178.25000,23244.50000,23148.50000,23201.50000
2025-08-06T14:00:00+00:00,23201.50000,23287.00000,23164.25000,23282.25000
2025-08-06T15:00:00+00:00,23282.25000,23375.50000,23258.00000,23368.00000
2025-08-06T16:00:00+00:00,23367.75000,23389.50000,23346.00000,23371.00000
2025-08-06T17:00:00+00:00,23370.75000,23396.50000,23358.50000,23373.00000
2025-08-06T18:00:00+00:00,23373.00000,23435.25000,23370.50000,23427.00000
2025-08-06T19:00:00+00:00,23414.75000,23445.25000,23407.50000,23423.75000
2025-08-06T20:00:00+00:00,23424.25000,23425.75000,23398.00000,23413.25000
2025-08-06T22:00:00+00:00,23418.50000,23481.00000,23384.50000,23461.00000
2025-08-06T23:00:00+00:00,23461.00000,23477.00000,23444.25000,23452.00000
2025-08-07T00:00:00+00:00,23451.75000,23502.00000,23444.25000,23488.75000
2025-08-07T01:00:00+00:00,23488.00000,23511.25000,23478.00000,23496.00000
2025-08-07T02:00:00+00:00,23495.75000,23505.25000,23485.25000,23488.25000
2025-08-07T03:00:00+00:00,23488.25000,23499.00000,23483.25000,23490.25000
2025-08-07T04:00:00+00:00,23493.25000,23499.25000,23457.25000,23464.75000
2025-08-07T05:00:00+00:00,23464.25000,23483.50000,23454.50000,23483.00000
2025-08-07T06:00:00+00:00,23482.75000,23497.00000,23467.50000,23472.00000
2025-08-07T07:00:00+00:00,23472.00000,23513.50000,23470.75000,23509.50000
2025-08-07T08:00:00+00:00,23508.75000,23574.50000,23507.50000,23555.75000
2025-08-07T09:00:00+00:00,23556.50000,23608.25000,23537.75000,23600.50000
2025-08-07T10:00:00+00:00,23602.00000,23626.25000,23596.50000,23617.25000
2025-08-07T11:00:00+00:00,23617.75000,23639.00000,23580.00000,23582.00000
2025-08-07T12:00:00+00:00,23581.25000,23614.00000,23575.75000,23597.00000
2025-08-07T13:00:00+00:00,23597.75000,23658.75000,23570.00000,23654.25000
2025-08-07T14:00:00+00:00,23654.00000,23671.00000,23516.00000,23538.25000
2025-08-07T15:00:00+00:00,23538.25000,23558.50000,23477.00000,23497.75000
2025-08-07T16:00:00+00:00,23497.50000,23513.75000,23390.00000,23461.50000
2025-08-07T17:00:00+00:00,23460.25000,23488.00000,23381.00000,23419.25000
2025-08-07T18:00:00+00:00,23418.75000,23430.50000,23329.00000,23406.00000
2025-08-07T19:00:00+00:00,23406.50000,23503.75000,23379.75000,23501.50000
2025-08-07T20:00:00+00:00,23501.25000,23534.00000,23499.25000,23521.75000
2025-08-07T22:00:00+00:00,23518.25000,23568.00000,23516.00000,23554.25000
2025-08-07T23:00:00+00:00,23554.50000,23557.50000,23537.00000,23539.25000
2025-08-08T00:00:00+00:00,23540.50000,23582.75000,23529.00000,23572.00000
2025-08-08T01:00:00+00:00,23572.00000,23578.50000,23554.75000,23562.50000
2025-08-08T02:00:00+00:00,23563.50000,23579.50000,23562.50000,23575.75000
2025-08-08T03:00:00+00:00,23574.00000,23577.75000,23551.25000,23554.00000
2025-08-08T04:00:00+00:00,23546.25000,23554.25000,23536.75000,23542.75000
2025-08-08T05:00:00+00:00,23543.50000,23554.00000,23503.00000,23509.00000
2025-08-08T06:00:00+00:00,23510.50000,23554.50000,23508.75000,23537.25000
2025-08-08T07:00:00+00:00,23536.00000,23550.00000,23525.00000,23528.25000
2025-08-08T08:00:00+00:00,23529.00000,23559.75000,23527.75000,23553.75000
2025-08-08T09:00:00+00:00,23554.25000,23578.00000,23551.25000,23562.25000
2025-08-08T10:00:00+00:00,23563.25000,23575.75000,23560.50000,23566.75000
2025-08-08T11:00:00+00:00,23567.25000,23582.00000,23561.25000,23574.25000
2025-08-08T12:00:00+00:00,23574.75000,23576.25000,23518.25000,23533.25000
2025-08-08T13:00:00+00:00,23533.50000,23649.25000,23521.25000,23643.50000
2025-08-08T14:00:00+00:00,23643.75000,23703.00000,23626.25000,23652.50000
2025-08-08T15:00:00+00:00,23652.25000,23681.75000,23612.00000,23680.50000
2025-08-08T16:00:00+00:00,23680.00000,23707.50000,23674.50000,23677.00000
2025-08-08T17:00:00+00:00,23677.00000,23703.50000,23655.25000,23699.75000
2025-08-08T18:00:00+00:00,23700.50000,23724.00000,23689.75000,23711.00000
2025-08-08T19:00:00+00:00,23711.50000,23721.00000,23677.75000,23713.75000
2025-08-08T20:00:00+00:00,23713.50000,23767.75000,23713.00000,23713.75000
2025-08-10T22:00:00+00:00,23764.00000,23770.75000,23713.75000,23731.75000
2025-08-10T23:00:00+00:00,23731.75000,23742.25000,23701.00000,23708.00000
2025-08-11T00:00:00+00:00,23707.75000,23737.50000,23706.75000,23732.00000
2025-08-11T01:00:00+00:00,23732.50000,23762.50000,23726.00000,23757.50000
2025-08-11T02:00:00+00:00,23758.00000,23770.50000,23750.00000,23756.75000
2025-08-11T03:00:00+00:00,23757.50000,23773.00000,23750.25000,23756.00000
2025-08-11T04:00:00+00:00,23754.75000,23758.00000,23734.25000,23742.00000
2025-08-11T05:00:00+00:00,23742.00000,23748.75000,23731.75000,23738.75000
2025-08-11T06:00:00+00:00,23739.75000,23760.25000,23729.25000,23760.25000
2025-08-11T07:00:00+00:00,23759.75000,23764.25000,23693.25000,23706.75000
2025-08-11T08:00:00+00:00,23706.25000,23709.25000,23667.75000,23701.50000
2025-08-11T09:00:00+00:00,23700.50000,23731.75000,23698.50000,23723.25000
2025-08-11T10:00:00+00:00,23722.75000,23744.25000,23709.75000,23725.50000
2025-08-11T11:00:00+00:00,23725.25000,23740.50000,23719.00000,23735.50000
2025-08-11T12:00:00+00:00,23735.25000,23756.25000,23707.75000,23722.50000
2025-08-11T13:00:00+00:00,23722.50000,23745.25000,23680.75000,23744.25000
2025-08-11T14:00:00+00:00,23744.75000,23767.50000,23719.25000,23727.00000
2025-08-11T15:00:00+00:00,23726.75000,23764.25000,23715.00000,23764.25000
2025-08-11T16:00:00+00:00,23763.75000,23804.50000,23733.25000,23736.50000
2025-08-11T17:00:00+00:00,23736.75000,23753.00000,23688.50000,23697.75000
2025-08-11T18:00:00+00:00,23698.00000,23701.25000,23650.75000,23685.75000
2025-08-11T19:00:00+00:00,23686.50000,23690.00000,23587.50000,23638.75000
2025-08-11T20:00:00+00:00,23638.50000,23648.75000,23616.00000,23629.50000
2025-08-11T22:00:00+00:00,23635.00000,23650.00000,23614.50000,23641.50000
2025-08-11T23:00:00+00:00,23641.00000,23647.50000,23625.50000,23636.25000
2025-08-12T00:00:00+00:00,23636.00000,23666.75000,23628.00000,23638.75000
2025-08-12T01:00:00+00:00,23638.50000,23659.25000,23631.50000,23658.75000
2025-08-12T02:00:00+00:00,23659.75000,23667.25000,23648.25000,23651.50000
2025-08-12T03:00:00+00:00,23651.25000,23665.00000,23651.25000,23656.50000
2025-08-12T04:00:00+00:00,23651.25000,23676.75000,23650.25000,23671.50000
2025-08-12T05:00:00+00:00,23672.00000,23672.50000,23596.25000,23629.25000
2025-08-12T06:00:00+00:00,23630.00000,23668.75000,23627.50000,23648.75000
2025-08-12T07:00:00+00:00,23649.00000,23675.50000,23638.50000,23666.00000
2025-08-12T08:00:00+00:00,23665.75000,23672.50000,23635.00000,23641.50000
2025-08-12T09:00:00+00:00,23641.25000,23652.50000,23634.00000,23636.00000
2025-08-12T10:00:00+00:00,23636.00000,23645.25000,23626.00000,23635.25000
2025-08-12T11:00:00+00:00,23635.50000,23642.25000,23608.50000,23640.50000
2025-08-12T12:00:00+00:00,23641.00000,23822.25000,23638.75000,23773.25000
2025-08-12T13:00:00+00:00,23772.50000,23808.25000,23649.25000,23653.00000
2025-08-12T14:00:00+00:00,23653.75000,23781.75000,23622.00000,23776.50000
2025-08-12T15:00:00+00:00,23776.75000,23871.00000,23773.00000,23868.00000
2025-08-12T16:00:00+00:00,23867.50000,23910.75000,23846.25000,23899.75000
2025-08-12T17:00:00+00:00,23900.25000,23916.00000,23885.50000,23914.50000
2025-08-12T18:00:00+00:00,23914.25000,23932.75000,23905.50000,23907.00000
2025-08-12T19:00:00+00:00,23907.00000,23950.00000,23902.25000,23934.50000
2025-08-12T20:00:00+00:00,23934.00000,23953.50000,23924.25000,23949.50000
2025-08-12T22:00:00+00:00,23945.00000,23945.00000,23925.50000,23930.00000
2025-08-12T23:00:00+00:00,23930.00000,23970.00000,23927.50000,23960.25000
2025-08-13T00:00:00+00:00,23959.50000,23967.25000,23936.75000,23941.75000
2025-08-13T01:00:00+00:00,23941.25000,23948.00000,23925.25000,23928.50000
2025-08-13T02:00:00+00:00,23928.00000,23951.50000,23921.75000,23945.50000
2025-08-13T03:00:00+00:00,23945.50000,23958.75000,23940.75000,23942.75000
2025-08-13T04:00:00+00:00,23946.75000,23962.75000,23946.75000,23956.00000
2025-08-13T05:00:00+00:00,23956.00000,23960.25000,23942.75000,23945.00000
2025-08-13T06:00:00+00:00,23946.00000,23972.75000,23934.25000,23959.00000
2025-08-13T07:00:00+00:00,23959.50000,23991.00000,23957.50000,23989.50000
2025-08-13T08:00:00+00:00,23990.00000,24016.50000,23977.25000,23994.25000
2025-08-13T09:00:00+00:00,23994.50000,24009.75000,23984.75000,24007.00000
2025-08-13T10:00:00+00:00,24006.00000,24013.25000,23987.25000,23993.00000
2025-08-13T11:00:00+00:00,23992.75000,24003.75000,23984.25000,23993.75000
2025-08-13T12:00:00+00:00,23993.50000,24033.25000,23988.75000,24019.00000
2025-08-13T13:00:00+00:00,24019.75000,24068.50000,24005.00000,24017.25000
2025-08-13T14:00:00+00:00,24017.50000,24018.25000,23932.50000,23959.50000
2025-08-13T15:00:00+00:00,23959.00000,23961.00000,23892.25000,23924.75000
2025-08-13T16:00:00+00:00,23925.50000,23940.00000,23886.00000,23899.25000
2025-08-13T17:00:00+00:00,23899.25000,23947.50000,23895.50000,23939.00000
2025-08-13T18:00:00+00:00,23938.75000,23954.25000,23887.25000,23933.75000
2025-08-13T19:00:00+00:00,23934.00000,23958.50000,23911.50000,23943.00000
2025-08-13T20:00:00+00:00,23943.00000,23960.00000,23922.00000,23927.75000
2025-08-13T22:00:00+00:00,23927.75000,23951.50000,23911.75000,23949.00000
2025-08-13T23:00:00+00:00,23948.75000,23964.25000,23938.25000,23949.25000
2025-08-14T00:00:00+00:00,23950.00000,23959.00000,23930.00000,23932.50000
2025-08-14T01:00:00+00:00,23932.00000,23936.00000,23917.00000,23930.75000
2025-08-14T02:00:00+00:00,23931.25000,23940.75000,23924.00000,23940.00000
2025-08-14T03:00:00+00:00,23939.25000,23945.25000,23922.00000,23927.75000
2025-08-14T04:00:00+00:00,23929.25000,23935.75000,23920.25000,23933.75000
2025-08-14T05:00:00+00:00,23933.50000,23934.50000,23897.75000,23909.75000
2025-08-14T06:00:00+00:00,23908.25000,23918.00000,23899.50000,23915.50000
2025-08-14T07:00:00+00:00,23915.25000,23933.75000,23912.00000,23933.75000
2025-08-14T08:00:00+00:00,23933.75000,23942.00000,23920.75000,23924.25000
2025-08-14T09:00:00+00:00,23923.75000,23935.00000,23917.00000,23926.25000
2025-08-14T10:00:00+00:00,23926.25000,23936.50000,23918.75000,23935.00000
2025-08-14T11:00:00+00:00,23934.25000,23957.00000,23926.75000,23955.50000
2025-08-14T12:00:00+00:00,23955.00000,23966.75000,23793.25000,23843.50000
2025-08-14T13:00:00+00:00,23843.75000,23960.25000,23816.50000,23935.50000
2025-08-14T14:00:00+00:00,23935.75000,24007.75000,23904.75000,23955.00000
2025-08-14T15:00:00+00:00,23955.75000,23960.75000,23863.25000,23931.25000
2025-08-14T16:00:00+00:00,23931.50000,23951.25000,23864.75000,23947.50000
2025-08-14T17:00:00+00:00,23947.50000,23980.00000,23937.50000,23962.25000
2025-08-14T18:00:00+00:00,23963.00000,23963.00000,23893.50000,23923.50000
2025-08-14T19:00:00+00:00,23924.00000,23958.50000,23917.00000,23922.00000
2025-08-14T20:00:00+00:00,23922.00000,23923.00000,23870.00000,23891.50000
2025-08-14T22:00:00+00:00,23888.75000,23899.25000,23871.00000,23895.50000
2025-08-14T23:00:00+00:00,23896.50000,23911.00000,23888.25000,23888.50000
2025-08-15T00:00:00+00:00,23889.25000,23913.50000,23873.75000,23892.00000
2025-08-15T01:00:00+00:00,23892.25000,23911.50000,23890.25000,23903.00000
2025-08-15T02:00:00+00:00,23903.00000,23927.00000,23903.00000,23918.50000
2025-08-15T03:00:00+00:00,23917.00000,23929.50000,23910.00000,23927.75000
2025-08-15T04:00:00+00:00,23940.00000,23946.50000,23931.50000,23937.75000
2025-08-15T05:00:00+00:00,23937.50000,23944.75000,23923.50000,23941.25000
2025-08-15T06:00:00+00:00,23941.00000,23960.25000,23933.75000,23950.25000
2025-08-15T07:00:00+00:00,23950.50000,23963.00000,23928.75000,23940.25000
2025-08-15T08:00:00+00:00,23940.25000,23953.75000,23876.00000,23883.50000
2025-08-15T09:00:00+00:00,23883.25000,23896.75000,23878.00000,23879.75000
2025-08-15T10:00:00+00:00,23880.25000,23919.25000,23872.00000,23907.50000
2025-08-15T11:00:00+00:00,23907.25000,23927.25000,23905.00000,23920.25000
2025-08-15T12:00:00+00:00,23920.50000,23921.25000,23885.00000,23905.25000
2025-08-15T13:00:00+00:00,23904.50000,23924.25000,23770.25000,23807.00000
2025-08-15T14:00:00+00:00,23800.75000,23881.00000,23770.25000,23800.50000
2025-08-15T15:00:00+00:00,23800.25000,23836.25000,23734.50000,23787.75000
2025-08-15T16:00:00+00:00,23787.75000,23826.00000,23763.75000,23819.00000
2025-08-15T17:00:00+00:00,23818.50000,23843.25000,23786.00000,23839.75000
2025-08-15T18:00:00+00:00,23839.75000,23847.50000,23790.00000,23811.50000
2025-08-15T19:00:00+00:00,23811.00000,23830.50000,23775.75000,23806.00000
2025-08-15T20:00:00+00:00,23806.00000,23811.25000,23777.75000,23804.00000
2025-08-17T22:00:00+00:00,23795.00000,23853.50000,23795.00000,23847.75000
2025-08-17T23:00:00+00:00,23848.00000,23860.00000,23840.50000,23851.00000
2025-08-18T00:00:00+00:00,23850.75000,23867.00000,23845.75000,23857.00000
2025-08-18T01:00:00+00:00,23857.25000,23881.25000,23855.25000,23881.25000
2025-08-18T02:00:00+00:00,23881.00000,23881.75000,23867.75000,23877.25000
2025-08-18T03:00:00+00:00,23877.25000,23879.25000,23856.00000,23862.00000
2025-08-18T04:00:00+00:00,23857.25000,23860.00000,23845.25000,23849.00000
2025-08-18T05:00:00+00:00,23849.25000,23858.50000,23841.75000,23852.00000
2025-08-18T06:00:00+00:00,23852.00000,23854.75000,23771.25000,23802.25000
2025-08-18T07:00:00+00:00,23803.00000,23816.25000,23780.75000,23806.25000
2025-08-18T08:00:00+00:00,23805.50000,23811.50000,23743.50000,23778.50000
2025-08-18T09:00:00+00:00,23778.25000,23781.00000,23739.50000,23759.50000
2025-08-18T10:00:00+00:00,23758.75000,23792.00000,23756.75000,23788.00000
2025-08-18T11:00:00+00:00,23788.25000,23791.00000,23746.75000,23770.75000
2025-08-18T12:00:00+00:00,23770.25000,23777.00000,23746.25000,23775.50000
2025-08-18T13:00:00+00:00,23775.00000,23817.25000,23735.00000,23749.00000
2025-08-18T14:00:00+00:00,23749.25000,23824.25000,23719.00000,23778.00000
2025-08-18T15:00:00+00:00,23777.50000,23784.25000,23728.75000,23747.75000
2025-08-18T16:00:00+00:00,23747.25000,23780.50000,23722.50000,23735.00000
2025-08-18T17:00:00+00:00,23735.25000,23800.00000,23733.00000,23760.00000
2025-08-18T18:00:00+00:00,23761.25000,23802.00000,23748.25000,23795.50000
2025-08-18T19:00:00+00:00,23795.75000,23816.25000,23784.50000,23796.25000
2025-08-18T20:00:00+00:00,23796.50000,23806.25000,23783.75000,23788.00000
2025-08-18T22:00:00+00:00,23800.75000,23838.00000,23792.25000,23820.25000
2025-08-18T23:00:00+00:00,23820.25000,23824.50000,23802.00000,23804.75000
2025-08-19T00:00:00+00:00,23805.50000,23805.50000,23761.00000,23780.75000
2025-08-19T01:00:00+00:00,23782.75000,23792.25000,23770.50000,23771.00000
2025-08-19T02:00:00+00:00,23770.75000,23784.75000,23762.25000,23764.00000
2025-08-19T03:00:00+00:00,23764.25000,23787.50000,23750.50000,23755.50000
2025-08-19T04:00:00+00:00,23748.00000,23761.25000,23738.50000,23757.75000
2025-08-19T05:00:00+00:00,23757.75000,23763.75000,23730.75000,23736.00000
2025-08-19T06:00:00+00:00,23735.50000,23766.75000,23734.00000,23763.25000
2025-08-19T07:00:00+00:00,23763.25000,23772.25000,23755.50000,23770.25000
2025-08-19T08:00:00+00:00,23770.00000,23787.75000,23745.50000,23786.75000
2025-08-19T09:00:00+00:00,23786.25000,23804.75000,23781.75000,23787.25000
2025-08-19T10:00:00+00:00,23787.75000,23790.75000,23751.00000,23763.75000
2025-08-19T11:00:00+00:00,23763.50000,23777.75000,23754.50000,23775.25000
2025-08-19T12:00:00+00:00,23774.50000,23783.00000,23739.00000,23744.00000
2025-08-19T13:00:00+00:00,23744.00000,23770.50000,23638.50000,23678.75000
2025-08-19T14:00:00+00:00,23677.75000,23728.75000,23540.00000,23540.75000
2025-08-19T15:00:00+00:00,23541.00000,23589.50000,23514.50000,23559.25000
2025-08-19T16:00:00+00:00,23558.75000,23577.75000,23472.75000,23482.25000
2025-08-19T17:00:00+00:00,23482.75000,23517.25000,23445.00000,23506.75000
2025-08-19T18:00:00+00:00,23507.00000,23508.00000,23444.25000,23462.25000
2025-08-19T19:00:00+00:00,23462.00000,23477.00000,23426.00000,23470.50000
2025-08-19T20:00:00+00:00,23470.25000,23487.50000,23463.50000,23473.50000
2025-08-19T22:00:00+00:00,23461.00000,23485.50000,23450.00000,23458.25000
2025-08-19T23:00:00+00:00,23458.25000,23467.50000,23413.50000,23422.00000
2025-08-20T00:00:00+00:00,23423.25000,23424.00000,23396.75000,23415.25000
2025-08-20T01:00:00+00:00,23414.00000,23424.75000,23372.00000,23380.25000
2025-08-20T02:00:00+00:00,23374.50000,23394.50000,23368.00000,23392.50000
2025-08-20T03:00:00+00:00,23392.00000,23395.50000,23336.50000,23345.75000
2025-08-20T04:00:00+00:00,23351.50000,23368.50000,23344.75000,23352.25000
2025-08-20T05:00:00+00:00,23351.75000,23366.75000,23334.25000,23365.50000
2025-08-20T06:00:00+00:00,23365.00000,23392.00000,23344.25000,23388.75000
2025-08-20T07:00:00+00:00,23388.50000,23430.00000,23386.00000,23399.50000
2025-08-20T08:00:00+00:00,23399.75000,23421.50000,23371.25000,23414.25000
2025-08-20T09:00:00+00:00,23414.75000,23439.75000,23406.75000,23432.50000
2025-08-20T10:00:00+00:00,23433.25000,23442.00000,23403.75000,23425.25000
2025-08-20T11:00:00+00:00,23425.00000,23452.00000,23385.75000,23414.25000
2025-08-20T12:00:00+00:00,23413.25000,23436.25000,23396.50000,23426.75000
2025-08-20T13:00:00+00:00,23427.00000,23432.00000,23146.00000,23173.25000
2025-08-20T14:00:00+00:00,23174.00000,23215.00000,23035.00000,23057.00000
2025-08-20T15:00:00+00:00,23057.75000,23266.00000,23046.00000,23171.75000
2025-08-20T16:00:00+00:00,23171.25000,23305.00000,23168.75000,23234.00000
2025-08-20T17:00:00+00:00,23233.50000,23315.50000,23225.25000,23264.75000
2025-08-20T18:00:00+00:00,23264.50000,23281.00000,23191.00000,23243.75000
2025-08-20T19:00:00+00:00,23243.75000,23368.75000,23243.75000,23325.25000
2025-08-20T20:00:00+00:00,23325.50000,23331.00000,23307.00000,23319.00000
2025-08-20T22:00:00+00:00,23323.00000,23342.50000,23313.25000,23320.00000
2025-08-20T23:00:00+00:00,23319.75000,23330.00000,23305.75000,23318.50000
2025-08-21T00:00:00+00:00,23318.50000,23323.50000,23268.50000,23292.25000
2025-08-21T01:00:00+00:00,23291.50000,23355.00000,23267.25000,23353.75000
2025-08-21T02:00:00+00:00,23353.00000,23369.25000,23341.50000,23354.50000
2025-08-21T03:00:00+00:00,23354.25000,23360.25000,23336.25000,23344.50000
2025-08-21T04:00:00+00:00,23336.25000,23346.75000,23330.00000,23340.25000
2025-08-21T05:00:00+00:00,23340.00000,23349.00000,23311.25000,23340.75000
2025-08-21T06:00:00+00:00,23340.75000,23368.00000,23331.75000,23355.50000
2025-08-21T07:00:00+00:00,23354.00000,23359.25000,23322.00000,23343.00000
2025-08-21T08:00:00+00:00,23343.50000,23357.25000,23295.25000,23298.25000
2025-08-21T09:00:00+00:00,23297.75000,23328.75000,23290.00000,23304.75000
2025-08-21T10:00:00+00:00,23304.50000,23318.25000,23273.00000,23312.50000
2025-08-21T11:00:00+00:00,23312.00000,23334.25000,23264.50000,23281.00000
2025-08-21T12:00:00+00:00,23281.50000,23281.50000,23215.25000,23224.00000
2025-08-21T13:00:00+00:00,23223.50000,23290.25000,23175.75000,23187.50000
2025-08-21T14:00:00+00:00,23184.50000,23348.25000,23156.00000,23295.00000
2025-08-21T15:00:00+00:00,23295.00000,23312.75000,23191.25000,23204.25000
2025-08-21T16:00:00+00:00,23204.50000,23213.75000,23150.50000,23161.25000
2025-08-21T17:00:00+00:00,23161.75000,23224.25000,23119.00000,23215.00000
2025-08-21T18:00:00+00:00,23214.50000,23235.00000,23179.50000,23225.50000
2025-08-21T19:00:00+00:00,23225.00000,23255.25000,23203.75000,23218.50000
2025-08-21T20:00:00+00:00,23218.00000,23226.25000,23200.00000,23221.75000
2025-08-21T22:00:00+00:00,23225.25000,23250.25000,23223.25000,23244.50000
2025-08-21T23:00:00+00:00,23244.00000,23252.50000,23231.00000,23248.25000
2025-08-22T00:00:00+00:00,23249.50000,23250.00000,23181.25000,23212.50000
2025-08-22T01:00:00+00:00,23214.00000,23221.75000,23192.25000,23207.00000
2025-08-22T02:00:00+00:00,23206.75000,23233.50000,23203.00000,23206.75000
2025-08-22T03:00:00+00:00,23207.00000,23211.00000,23191.75000,23194.25000
2025-08-22T04:00:00+00:00,23202.00000,23215.75000,23201.25000,23209.50000
2025-08-22T05:00:00+00:00,23209.75000,23212.25000,23181.00000,23191.25000
2025-08-22T06:00:00+00:00,23191.00000,23191.50000,23076.75000,23139.50000
2025-08-22T07:00:00+00:00,23139.25000,23200.25000,23134.25000,23196.50000
2025-08-22T08:00:00+00:00,23196.25000,23256.50000,23191.00000,23253.00000
2025-08-22T09:00:00+00:00,23254.00000,23254.25000,23230.75000,23251.75000
2025-08-22T10:00:00+00:00,23253.25000,23274.75000,23251.00000,23265.50000
2025-08-22T11:00:00+00:00,23265.75000,23280.75000,23240.75000,23253.25000
2025-08-22T12:00:00+00:00,23252.25000,23275.00000,23239.50000,23242.75000
2025-08-22T13:00:00+00:00,23242.00000,23342.25000,23205.50000,23268.50000
2025-08-22T14:00:00+00:00,23269.00000,23647.25000,23269.00000,23603.00000
2025-08-22T15:00:00+00:00,23603.75000,23650.00000,23565.00000,23569.00000
2025-08-22T16:00:00+00:00,23569.25000,23591.50000,23507.25000,23528.50000
2025-08-22T17:00:00+00:00,23528.00000,23625.00000,23527.75000,23605.75000
2025-08-22T18:00:00+00:00,23606.25000,23616.75000,23582.25000,23586.50000
2025-08-22T19:00:00+00:00,23586.00000,23593.75000,23531.25000,23565.75000
2025-08-22T20:00:00+00:00,23565.50000,23587.50000,23549.50000,23569.75000
2025-08-24T22:00:00+00:00,23602.00000,23607.50000,23545.00000,23572.50000
2025-08-24T23:00:00+00:00,23571.25000,23589.25000,23561.25000,23574.75000
2025-08-25T00:00:00+00:00,23575.25000,23598.00000,23550.00000,23556.25000
2025-08-25T01:00:00+00:00,23556.00000,23558.50000,23534.00000,23534.25000
2025-08-25T02:00:00+00:00,23535.50000,23550.00000,23522.75000,23524.75000
2025-08-25T03:00:00+00:00,23523.50000,23552.25000,23520.50000,23548.75000
2025-08-25T04:00:00+00:00,23547.00000,23559.50000,23543.75000,23554.75000
2025-08-25T05:00:00+00:00,23554.75000,23568.00000,23550.50000,23565.50000
2025-08-25T06:00:00+00:00,23565.50000,23568.25000,23519.00000,23522.25000
2025-08-25T07:00:00+00:00,23522.50000,23536.25000,23507.75000,23526.25000
2025-08-25T08:00:00+00:00,23526.25000,23537.50000,23507.00000,23510.00000
2025-08-25T09:00:00+00:00,23509.25000,23513.75000,23485.75000,23504.00000
2025-08-25T10:00:00+00:00,23504.25000,23504.50000,23462.00000,23480.25000
2025-08-25T11:00:00+00:00,23480.75000,23501.00000,23470.00000,23497.50000
2025-08-25T12:00:00+00:00,23497.50000,23498.00000,23462.75000,23479.25000
2025-08-25T13:00:00+00:00,23479.25000,23519.50000,23443.25000,23519.25000
2025-08-25T14:00:00+00:00,23519.00000,23574.25000,23505.00000,23571.00000
2025-08-25T15:00:00+00:00,23570.75000,23616.25000,23564.25000,23601.25000
2025-08-25T16:00:00+00:00,23600.75000,23613.75000,23588.75000,23596.25000
2025-08-25T17:00:00+00:00,23596.25000,23598.00000,23557.25000,23578.00000
2025-08-25T18:00:00+00:00,23578.50000,23583.75000,23549.25000,23552.50000
2025-08-25T19:00:00+00:00,23552.25000,23573.50000,23489.00000,23495.50000
2025-08-25T20:00:00+00:00,23495.25000,23518.50000,23485.75000,23502.25000
2025-08-25T22:00:00+00:00,23505.75000,23520.25000,23499.00000,23511.75000
2025-08-25T23:00:00+00:00,23512.25000,23516.25000,23488.25000,23496.50000
2025-08-26T00:00:00+00:00,23496.00000,23509.75000,23371.50000,23417.00000
2025-08-26T01:00:00+00:00,23417.50000,23456.25000,23410.00000,23425.25000
2025-08-26T02:00:00+00:00,23425.25000,23475.25000,23423.00000,23448.75000
2025-08-26T03:00:00+00:00,23449.25000,23457.50000,23440.25000,23451.75000
2025-08-26T04:00:00+00:00,23456.50000,23460.25000,23440.75000,23456.00000
2025-08-26T05:00:00+00:00,23456.25000,23484.25000,23455.75000,23476.75000
2025-08-26T06:00:00+00:00,23476.25000,23483.75000,23443.25000,23454.75000
2025-08-26T07:00:00+00:00,23453.75000,23461.75000,23415.25000,23442.50000
2025-08-26T08:00:00+00:00,23443.25000,23474.00000,23440.00000,23459.00000
2025-08-26T09:00:00+00:00,23459.25000,23479.25000,23452.75000,23473.50000
2025-08-26T10:00:00+00:00,23474.50000,23505.50000,23470.75000,23491.00000
2025-08-26T11:00:00+00:00,23491.50000,23494.75000,23444.25000,23470.50000
2025-08-26T12:00:00+00:00,23469.00000,23480.50000,23439.50000,23471.00000
2025-08-26T13:00:00+00:00,23471.00000,23518.50000,23427.00000,23494.75000
2025-08-26T14:00:00+00:00,23494.75000,23553.75000,23483.50000,23522.25000
2025-08-26T15:00:00+00:00,23521.75000,23537.50000,23493.25000,23517.75000
2025-08-26T16:00:00+00:00,23517.50000,23556.75000,23517.50000,23539.50000
2025-08-26T17:00:00+00:00,23539.25000,23544.00000,23479.00000,23502.75000
2025-08-26T18:00:00+00:00,23502.75000,23556.00000,23498.75000,23550.00000
2025-08-26T19:00:00+00:00,23549.75000,23600.00000,23534.50000,23586.75000
2025-08-26T20:00:00+00:00,23586.75000,23611.00000,23583.25000,23607.50000
2025-08-26T22:00:00+00:00,23604.00000,23622.75000,23601.25000,23616.00000
2025-08-26T23:00:00+00:00,23615.50000,23624.25000,23609.50000,23614.00000
2025-08-27T00:00:00+00:00,23614.50000,23617.00000,23594.00000,23598.25000
2025-08-27T01:00:00+00:00,23598.50000,23628.75000,23598.00000,23627.25000
2025-08-27T02:00:00+00:00,23627.75000,23628.50000,23609.00000,23611.75000
2025-08-27T03:00:00+00:00,23611.25000,23621.25000,23609.25000,23613.25000
2025-08-27T04:00:00+00:00,23608.75000,23621.50000,23607.50000,23616.75000
2025-08-27T05:00:00+00:00,23616.75000,23617.25000,23591.50000,23600.25000
2025-08-27T06:00:00+00:00,23600.75000,23619.00000,23595.50000,23602.25000
2025-08-27T07:00:00+00:00,23602.75000,23615.00000,23575.50000,23594.25000
2025-08-27T08:00:00+00:00,23595.25000,23599.00000,23567.50000,23586.75000
2025-08-27T09:00:00+00:00,23587.25000,23602.25000,23585.25000,23596.50000
2025-08-27T10:00:00+00:00,23597.00000,23606.75000,23591.25000,23600.50000
2025-08-27T11:00:00+00:00,23600.00000,23614.75000,23596.75000,23607.75000
2025-08-27T12:00:00+00:00,23608.00000,23621.00000,23563.50000,23582.25000
2025-08-27T13:00:00+00:00,23581.50000,23586.00000,23487.50000,23535.50000
2025-08-27T14:00:00+00:00,23534.75000,23616.00000,23526.50000,23600.00000
2025-08-27T15:00:00+00:00,23600.75000,23630.75000,23572.25000,23623.25000
2025-08-27T16:00:00+00:00,23623.25000,23624.25000,23542.00000,23600.00000
2025-08-27T17:00:00+00:00,23600.50000,23624.50000,23587.25000,23621.25000
2025-08-27T18:00:00+00:00,23621.25000,23657.50000,23613.25000,23626.75000
2025-08-27T19:00:00+00:00,23626.50000,23646.75000,23553.50000,23620.00000
2025-08-27T20:00:00+00:00,23620.25000,23689.00000,23434.75000,23542.00000
2025-08-27T22:00:00+00:00,23542.25000,23550.25000,23498.00000,23518.50000
2025-08-27T23:00:00+00:00,23518.25000,23525.50000,23502.00000,23508.50000
2025-08-28T00:00:00+00:00,23507.75000,23523.75000,23487.50000,23520.50000
2025-08-28T01:00:00+00:00,23521.00000,23552.50000,23518.00000,23547.75000
2025-08-28T02:00:00+00:00,23548.25000,23564.50000,23545.25000,23555.50000
2025-08-28T03:00:00+00:00,23555.00000,23584.25000,23554.25000,23577.25000
2025-08-28T04:00:00+00:00,23561.50000,23575.00000,23557.75000,23561.75000
2025-08-28T05:00:00+00:00,23561.25000,23567.25000,23540.75000,23542.50000
2025-08-28T06:00:00+00:00,23543.00000,23612.25000,23539.75000,23606.50000
2025-08-28T07:00:00+00:00,23606.75000,23635.50000,23603.00000,23632.25000
2025-08-28T08:00:00+00:00,23631.25000,23662.00000,23615.00000,23617.00000
2025-08-28T09:00:00+00:00,23616.00000,23628.25000,23608.75000,23615.00000
2025-08-28T10:00:00+00:00,23614.25000,23626.25000,23597.75000,23612.25000
2025-08-28T11:00:00+00:00,23611.00000,23618.75000,23582.75000,23617.75000
2025-08-28T12:00:00+00:00,23617.75000,23653.75000,23593.50000,23633.25000
2025-08-28T13:00:00+00:00,23634.00000,23742.25000,23572.50000,23609.25000
2025-08-28T14:00:00+00:00,23608.50000,23730.00000,23593.25000,23714.25000
2025-08-28T15:00:00+00:00,23714.50000,23752.75000,23665.00000,23687.50000
2025-08-28T16:00:00+00:00,23688.00000,23766.00000,23682.50000,23732.00000
2025-08-28T17:00:00+00:00,23732.25000,23773.25000,23722.25000,23766.75000
2025-08-28T18:00:00+00:00,23766.25000,23792.50000,23761.50000,23789.00000
2025-08-28T19:00:00+00:00,23788.50000,23803.75000,23765.00000,23766.50000
2025-08-28T20:00:00+00:00,23766.75000,23774.00000,23744.75000,23762.00000
2025-08-28T22:00:00+00:00,23760.50000,23762.00000,23735.00000,23741.50000
2025-08-28T23:00:00+00:00,23740.75000,23752.75000,23737.00000,23747.25000
2025-08-29T00:00:00+00:00,23747.50000,23755.75000,23738.25000,23746.25000
2025-08-29T01:00:00+00:00,23746.25000,23751.75000,23729.75000,23733.00000
2025-08-29T02:00:00+00:00,23732.00000,23733.25000,23717.75000,23726.25000
2025-08-29T03:00:00+00:00,23726.75000,23741.00000,23724.00000,23727.75000
2025-08-29T04:00:00+00:00,23723.75000,23727.00000,23718.25000,23720.00000
2025-08-29T05:00:00+00:00,23720.75000,23728.00000,23714.25000,23723.75000
2025-08-29T06:00:00+00:00,23724.75000,23733.75000,23713.75000,23717.00000
2025-08-29T07:00:00+00:00,23717.50000,23737.00000,23683.25000,23684.50000
2025-08-29T08:00:00+00:00,23685.00000,23697.00000,23625.00000,23631.75000
2025-08-29T09:00:00+00:00,23632.50000,23658.75000,23612.50000,23646.00000
2025-08-29T10:00:00+00:00,23646.00000,23662.25000,23623.00000,23636.50000
2025-08-29T11:00:00+00:00,23636.25000,23654.50000,23630.75000,23639.25000
2025-08-29T12:00:00+00:00,23639.50000,23681.50000,23621.75000,23666.50000
2025-08-29T13:00:00+00:00,23665.50000,23670.25000,23507.25000,23518.75000
2025-08-29T14:00:00+00:00,23519.75000,23551.25000,23415.25000,23435.50000
2025-08-29T15:00:00+00:00,23434.25000,23498.75000,23425.00000,23431.75000
2025-08-29T16:00:00+00:00,23431.50000,23492.00000,23428.75000,23477.75000
2025-08-29T17:00:00+00:00,23477.75000,23477.75000,23397.50000,23459.50000
2025-08-29T18:00:00+00:00,23459.25000,23467.25000,23433.50000,23459.00000
2025-08-29T19:00:00+00:00,23459.00000,23495.25000,23426.00000,23473.50000
2025-08-29T20:00:00+00:00,23473.00000,23488.50000,23452.25000,23461.75000
2025-08-31T22:00:00+00:00,23479.00000,23537.00000,23461.75000,23536.00000
2025-08-31T23:00:00+00:00,23535.25000,23546.25000,23530.00000,23538.50000
2025-09-01T00:00:00+00:00,23538.50000,23552.50000,23530.00000,23538.00000
2025-09-01T01:00:00+00:00,23538.50000,23540.00000,23508.25000,23517.75000
2025-09-01T02:00:00+00:00,23517.25000,23518.50000,23466.50000,23469.25000
2025-09-01T03:00:00+00:00,23469.00000,23484.75000,23432.00000,23442.75000
2025-09-02T04:00:00+00:00,23438.50000,23451.00000,23427.75000,23437.50000
2025-09-02T05:00:00+00:00,23438.25000,23439.00000,23404.75000,23413.00000
2025-09-02T06:00:00+00:00,23413.50000,23448.00000,23407.25000,23446.75000
2025-09-02T07:00:00+00:00,23448.00000,23452.00000,23270.00000,23278.25000
2025-09-02T08:00:00+00:00,23278.50000,23333.50000,23267.75000,23310.50000
2025-09-02T09:00:00+00:00,23310.75000,23331.25000,23291.25000,23292.00000
2025-09-02T10:00:00+00:00,23292.00000,23311.00000,23231.75000,23252.75000
2025-09-02T11:00:00+00:00,23254.50000,23260.25000,23218.75000,23224.75000
2025-09-02T12:00:00+00:00,23224.25000,23224.25000,23060.50000,23095.50000
2025-09-02T13:00:00+00:00,23096.25000,23260.75000,23025.75000,23237.50000
2025-09-02T14:00:00+00:00,23230.00000,23280.00000,23135.50000,23161.50000
2025-09-02T15:00:00+00:00,23162.25000,23179.50000,23027.00000,23048.50000
2025-09-02T16:00:00+00:00,23047.75000,23131.00000,23037.75000,23126.25000
2025-09-02T17:00:00+00:00,23126.50000,23225.50000,23104.50000,23189.25000
2025-09-02T18:00:00+00:00,23189.00000,23232.75000,23157.50000,23189.00000
2025-09-02T19:00:00+00:00,23189.00000,23290.25000,23188.50000,23277.00000
2025-09-02T20:00:00+00:00,23277.00000,23386.00000,23270.25000,23379.50000
2025-09-02T22:00:00+00:00,23382.00000,23387.75000,23335.25000,23341.50000
2025-09-02T23:00:00+00:00,23341.50000,23345.50000,23326.75000,23334.00000
2025-09-03T00:00:00+00:00,23333.75000,23340.75000,23316.75000,23331.25000
2025-09-03T01:00:00+00:00,23331.00000,23340.25000,23311.25000,23337.00000
2025-09-03T02:00:00+00:00,23335.75000,23338.75000,23312.50000,23321.75000
2025-09-03T03:00:00+00:00,23322.00000,23333.00000,23298.25000,23325.00000
2025-09-03T04:00:00+00:00,23326.75000,23336.00000,23319.00000,23331.00000
2025-09-03T05:00:00+00:00,23330.75000,23336.75000,23308.00000,23318.25000
2025-09-03T06:00:00+00:00,23316.00000,23365.25000,23309.50000,23345.50000
2025-09-03T07:00:00+00:00,23345.75000,23382.75000,23320.50000,23375.75000
2025-09-03T08:00:00+00:00,23376.00000,23431.25000,23370.25000,23419.25000
2025-09-03T09:00:00+00:00,23418.75000,23444.25000,23398.50000,23438.00000
2025-09-03T10:00:00+00:00,23437.50000,23448.00000,23423.25000,23441.50000
2025-09-03T11:00:00+00:00,23441.00000,23458.50000,23408.25000,23415.50000
2025-09-03T12:00:00+00:00,23416.75000,23448.00000,23399.75000,23423.00000
2025-09-03T13:00:00+00:00,23422.25000,23457.00000,23370.00000,23384.25000
2025-09-03T14:00:00+00:00,23380.00000,23525.25000,23372.75000,23508.75000
2025-09-03T15:00:00+00:00,23508.75000,23516.50000,23400.50000,23415.50000
2025-09-03T16:00:00+00:00,23415.00000,23464.00000,23391.50000,23410.75000
2025-09-03T17:00:00+00:00,23411.00000,23462.00000,23346.75000,23364.75000
2025-09-03T18:00:00+00:00,23365.25000,23366.00000,23318.25000,23342.50000
2025-09-03T19:00:00+00:00,23342.50000,23455.00000,23330.00000,23452.25000
2025-09-03T20:00:00+00:00,23452.00000,23471.75000,23447.50000,23455.75000
2025-09-03T22:00:00+00:00,23456.75000,23458.25000,23434.25000,23434.75000
2025-09-03T23:00:00+00:00,23435.00000,23457.25000,23431.75000,23438.50000
2025-09-04T00:00:00+00:00,23437.50000,23515.00000,23431.25000,23502.50000
2025-09-04T01:00:00+00:00,23503.75000,23509.75000,23484.75000,23498.25000
2025-09-04T02:00:00+00:00,23498.25000,23532.00000,23475.75000,23480.25000
2025-09-04T03:00:00+00:00,23480.50000,23484.00000,23459.00000,23467.75000
2025-09-04T04:00:00+00:00,23479.25000,23495.00000,23478.75000,23491.00000
2025-09-04T05:00:00+00:00,23490.50000,23502.75000,23459.75000,23469.00000
2025-09-04T06:00:00+00:00,23467.75000,23482.25000,23452.75000,23454.00000
2025-09-04T07:00:00+00:00,23454.50000,23497.50000,23451.00000,23488.75000
2025-09-04T08:00:00+00:00,23488.25000,23509.75000,23476.75000,23496.50000
2025-09-04T09:00:00+00:00,23497.75000,23518.00000,23491.50000,23515.50000
2025-09-04T10:00:00+00:00,23516.25000,23535.00000,23503.00000,23509.00000
2025-09-04T11:00:00+00:00,23509.00000,23520.75000,23480.00000,23497.50000
2025-09-04T12:00:00+00:00,23496.50000,23522.75000,23469.50000,23485.25000
2025-09-04T13:00:00+00:00,23485.00000,23548.25000,23457.25000,23470.50000
2025-09-04T14:00:00+00:00,23477.50000,23530.25000,23410.00000,23522.25000
2025-09-04T15:00:00+00:00,23522.00000,23556.00000,23492.25000,23538.75000
2025-09-04T16:00:00+00:00,23538.50000,23565.25000,23512.50000,23538.25000
2025-09-04T17:00:00+00:00,23538.50000,23608.25000,23536.50000,23583.75000
2025-09-04T18:00:00+00:00,23583.25000,23625.00000,23582.50000,23620.25000
2025-09-04T19:00:00+00:00,23620.00000,23680.00000,23616.50000,23666.00000
2025-09-04T20:00:00+00:00,23666.25000,23708.75000,23658.50000,23684.00000
2025-09-04T22:00:00+00:00,23700.00000,23713.75000,23691.75000,23706.75000
2025-09-04T23:00:00+00:00,23707.00000,23716.25000,23704.50000,23706.75000
2025-09-05T00:00:00+00:00,23706.00000,23731.75000,23701.25000,23729.25000
2025-09-05T01:00:00+00:00,23729.00000,23739.75000,23722.25000,23734.75000
2025-09-05T02:00:00+00:00,23734.50000,23742.00000,23716.25000,23737.00000
2025-09-05T03:00:00+00:00,23736.00000,23742.75000,23726.00000,23742.50000
2025-09-05T04:00:00+00:00,23743.50000,23751.75000,23743.00000,23744.50000
2025-09-05T05:00:00+00:00,23745.00000,23770.75000,23740.75000,23761.50000
2025-09-05T06:00:00+00:00,23761.50000,23788.00000,23759.25000,23772.00000
2025-09-05T07:00:00+00:00,23771.75000,23776.00000,23743.50000,23756.50000
2025-09-05T08:00:00+00:00,23755.75000,23787.25000,23749.00000,23787.00000
2025-09-05T09:00:00+00:00,23787.50000,23791.75000,23777.50000,23783.75000
2025-09-05T10:00:00+00:00,23783.50000,23789.50000,23774.00000,23776.75000
2025-09-05T11:00:00+00:00,23776.25000,23800.00000,23768.25000,23769.25000
2025-09-05T12:00:00+00:00,23769.75000,23875.00000,23725.50000,23873.75000
2025-09-05T13:00:00+00:00,23873.75000,23902.00000,23821.75000,23852.50000
2025-09-05T14:00:00+00:00,23852.75000,23853.50000,23544.75000,23547.75000
2025-09-05T15:00:00+00:00,23547.75000,23669.00000,23505.00000,23619.00000
2025-09-05T16:00:00+00:00,23618.50000,23658.75000,23595.00000,23654.50000
2025-09-05T17:00:00+00:00,23654.00000,23663.75000,23585.75000,23613.50000
2025-09-05T18:00:00+00:00,23614.25000,23664.00000,23603.25000,23657.25000
2025-09-05T19:00:00+00:00,23657.00000,23694.25000,23641.25000,23690.75000
2025-09-05T20:00:00+00:00,23690.50000,23696.25000,23666.75000,23673.75000
2025-09-07T22:00:00+00:00,23673.50000,23748.00000,23650.25000,23740.75000
2025-09-07T23:00:00+00:00,23740.75000,23784.25000,23740.75000,23778.00000
2025-09-08T00:00:00+00:00,23778.25000,23791.25000,23764.00000,23764.25000
2025-09-08T01:00:00+00:00,23764.75000,23779.75000,23757.00000,23767.75000
2025-09-08T02:00:00+00:00,23768.25000,23770.75000,23736.00000,23741.25000
2025-09-08T03:00:00+00:00,23741.75000,23763.50000,23741.25000,23756.75000
2025-09-08T04:00:00+00:00,23754.00000,23755.50000,23724.50000,23734.00000
2025-09-08T05:00:00+00:00,23734.75000,23751.25000,23729.50000,23731.50000
2025-09-08T06:00:00+00:00,23730.50000,23763.00000,23730.25000,23753.00000
2025-09-08T07:00:00+00:00,23753.25000,23781.50000,23750.75000,23753.50000
2025-09-08T08:00:00+00:00,23753.25000,23768.50000,23741.50000,23765.00000
2025-09-08T09:00:00+00:00,23765.00000,23786.00000,23755.00000,23780.25000
2025-09-08T10:00:00+00:00,23781.25000,23790.00000,23769.25000,23771.50000
2025-09-08T11:00:00+00:00,23771.50000,23782.25000,23760.50000,23762.75000
2025-09-08T12:00:00+00:00,23762.50000,23779.50000,23743.50000,23779.00000
2025-09-08T13:00:00+00:00,23778.25000,23876.25000,23767.00000,23846.00000
2025-09-08T14:00:00+00:00,23846.25000,23888.00000,23806.25000,23859.50000
2025-09-08T15:00:00+00:00,23859.50000,23884.75000,23829.75000,23872.50000
2025-09-08T16:00:00+00:00,23873.00000,23873.75000,23790.00000,23811.75000
2025-09-08T17:00:00+00:00,23811.50000,23817.00000,23762.75000,23782.25000
2025-09-08T18:00:00+00:00,23782.75000,23819.75000,23772.25000,23793.75000
2025-09-08T19:00:00+00:00,23793.75000,23812.50000,23760.00000,23803.00000
2025-09-08T20:00:00+00:00,23803.25000,23810.25000,23791.75000,23798.50000
2025-09-08T22:00:00+00:00,23799.00000,23829.00000,23798.00000,23825.25000
2025-09-08T23:00:00+00:00,23825.75000,23830.25000,23803.75000,23808.00000
2025-09-09T00:00:00+00:00,23807.50000,23826.75000,23802.50000,23807.75000
2025-09-09T01:00:00+00:00,23806.75000,23818.25000,23790.75000,23813.75000
2025-09-09T02:00:00+00:00,23814.00000,23848.25000,23814.00000,23827.75000
2025-09-09T03:00:00+00:00,23828.00000,23842.25000,23826.25000,23837.75000
2025-09-09T04:00:00+00:00,23836.75000,23840.50000,23830.50000,23838.00000
2025-09-09T05:00:00+00:00,23836.50000,23842.25000,23814.75000,23834.50000
2025-09-09T06:00:00+00:00,23835.00000,23855.75000,23830.75000,23849.50000
2025-09-09T07:00:00+00:00,23850.50000,23874.50000,23846.50000,23855.50000
2025-09-09T08:00:00+00:00,23855.00000,23857.25000,23834.00000,23843.25000
2025-09-09T09:00:00+00:00,23843.75000,23856.00000,23835.75000,23844.25000
2025-09-09T10:00:00+00:00,23844.50000,23860.25000,23837.75000,23845.50000
2025-09-09T11:00:00+00:00,23845.25000,23853.25000,23811.75000,23849.75000
2025-09-09T12:00:00+00:00,23849.50000,23857.25000,23833.00000,23839.75000
2025-09-09T13:00:00+00:00,23839.25000,23857.50000,23800.00000,23815.00000
2025-09-09T14:00:00+00:00,23815.50000,23850.75000,23726.00000,23785.75000
2025-09-09T15:00:00+00:00,23785.75000,23812.75000,23752.00000,23784.50000
2025-09-09T16:00:00+00:00,23784.50000,23833.75000,23781.50000,23821.50000
2025-09-09T17:00:00+00:00,23821.25000,23855.50000,23821.00000,23839.50000
2025-09-09T18:00:00+00:00,23839.50000,23848.75000,23823.50000,23843.75000
2025-09-09T19:00:00+00:00,23843.50000,23890.00000,23834.75000,23867.25000
2025-09-09T20:00:00+00:00,23867.50000,23921.25000,23848.00000,23889.75000
2025-09-09T22:00:00+00:00,23898.50000,23911.50000,23890.00000,23895.75000
2025-09-09T23:00:00+00:00,23896.25000,23898.00000,23874.00000,23885.75000
2025-09-10T00:00:00+00:00,23884.75000,23899.50000,23881.25000,23886.00000
2025-09-10T01:00:00+00:00,23886.25000,23906.25000,23878.00000,23903.00000
2025-09-10T02:00:00+00:00,23903.50000,23917.75000,23897.25000,23911.00000
2025-09-10T03:00:00+00:00,23911.00000,23918.75000,23910.75000,23917.25000
2025-09-10T04:00:00+00:00,23919.25000,23925.00000,23917.00000,23922.00000
2025-09-10T05:00:00+00:00,23921.50000,23928.75000,23912.00000,23918.50000
2025-09-10T06:00:00+00:00,23919.50000,23948.75000,23912.50000,23944.25000
2025-09-10T07:00:00+00:00,23943.25000,23954.00000,23935.25000,23938.00000
2025-09-10T08:00:00+00:00,23938.00000,23940.00000,23887.25000,23895.75000
2025-09-10T09:00:00+00:00,23896.25000,23910.25000,23882.25000,23909.25000
2025-09-10T10:00:00+00:00,23908.00000,23926.75000,23903.50000,23924.75000
2025-09-10T11:00:00+00:00,23925.00000,23957.50000,23922.50000,23948.25000
2025-09-10T12:00:00+00:00,23948.50000,24044.25000,23926.50000,24004.25000
2025-09-10T13:00:00+00:00,24004.25000,24015.00000,23900.50000,23929.50000
2025-09-10T14:00:00+00:00,23930.75000,23991.00000,23924.75000,23967.00000
2025-09-10T15:00:00+00:00,23966.75000,23979.00000,23922.50000,23950.00000
2025-09-10T16:00:00+00:00,23950.25000,23950.75000,23897.25000,23924.50000
2025-09-10T17:00:00+00:00,23924.00000,23940.25000,23872.50000,23897.25000
2025-09-10T18:00:00+00:00,23897.75000,23899.75000,23835.75000,23862.25000
2025-09-10T19:00:00+00:00,23862.50000,23893.00000,23785.00000,23874.00000
2025-09-10T20:00:00+00:00,23874.25000,23885.25000,23857.25000,23858.00000
2025-09-10T22:00:00+00:00,23853.75000,23908.75000,23852.75000,23897.00000
2025-09-10T23:00:00+00:00,23897.00000,23915.00000,23892.50000,23901.00000
2025-09-11T00:00:00+00:00,23900.25000,23912.25000,23871.50000,23904.50000
2025-09-11T01:00:00+00:00,23904.25000,23916.75000,23899.00000,23908.00000
2025-09-11T02:00:00+00:00,23907.00000,23916.00000,23899.75000,23908.00000
2025-09-11T03:00:00+00:00,23907.50000,23919.00000,23905.25000,23913.00000
2025-09-11T04:00:00+00:00,23914.75000,23914.75000,23877.50000,23879.50000
2025-09-11T05:00:00+00:00,23880.00000,23896.25000,23871.00000,23885.75000
2025-09-11T06:00:00+00:00,23885.00000,23923.00000,23878.75000,23918.25000
2025-09-11T07:00:00+00:00,23918.25000,23935.75000,23906.50000,23931.50000
2025-09-11T08:00:00+00:00,23931.50000,23942.25000,23917.25000,23922.00000
2025-09-11T09:00:00+00:00,23922.50000,23929.75000,23908.00000,23920.00000
2025-09-11T10:00:00+00:00,23920.00000,23950.00000,23918.25000,23946.00000
2025-09-11T11:00:00+00:00,23946.75000,23956.00000,23939.00000,23946.25000
2025-09-11T12:00:00+00:00,23946.00000,23976.00000,23838.00000,23959.75000
2025-09-11T13:00:00+00:00,23959.00000,23997.50000,23909.75000,23979.25000
2025-09-11T14:00:00+00:00,23978.75000,24020.00000,23947.00000,24003.50000
2025-09-11T15:00:00+00:00,24003.25000,24046.00000,24000.50000,24024.75000
2025-09-11T16:00:00+00:00,24024.50000,24043.50000,23994.00000,24008.50000
2025-09-11T17:00:00+00:00,24009.00000,24033.75000,23997.25000,24032.25000
2025-09-11T18:00:00+00:00,24032.75000,24044.50000,24014.25000,24033.75000
2025-09-11T19:00:00+00:00,24033.75000,24044.00000,24007.75000,24011.75000
2025-09-11T20:00:00+00:00,24011.50000,24023.75000,24003.75000,24006.75000
2025-09-11T22:00:00+00:00,24028.25000,24029.25000,24001.00000,24013.75000
2025-09-11T23:00:00+00:00,24013.50000,24025.75000,24005.00000,24020.25000
2025-09-12T00:00:00+00:00,24019.75000,24022.75000,24006.25000,24009.50000
2025-09-12T01:00:00+00:00,24010.50000,24017.75000,24001.25000,24004.50000
2025-09-12T02:00:00+00:00,24005.25000,24007.25000,23992.00000,24003.00000
2025-09-12T03:00:00+00:00,24004.00000,24009.25000,24000.00000,24007.75000
2025-09-12T04:00:00+00:00,24012.00000,24025.25000,24012.00000,24019.50000
2025-09-12T05:00:00+00:00,24020.25000,24039.75000,24018.25000,24034.00000
2025-09-12T06:00:00+00:00,24035.00000,24035.75000,24006.25000,24023.50000
2025-09-12T07:00:00+00:00,24023.00000,24031.50000,24006.75000,24011.00000
2025-09-12T08:00:00+00:00,24010.00000,24018.50000,23969.00000,24002.75000
2025-09-12T09:00:00+00:00,24002.25000,24018.75000,23996.25000,24010.50000
2025-09-12T10:00:00+00:00,24010.75000,24023.75000,24005.50000,24023.25000
2025-09-12T11:00:00+00:00,24023.00000,24048.75000,24009.50000,24044.50000
2025-09-12T12:00:00+00:00,24044.50000,24047.00000,24015.00000,24042.00000
2025-09-12T13:00:00+00:00,24041.75000,24064.50000,24001.50000,24042.50000
2025-09-12T14:00:00+00:00,24049.25000,24115.25000,24023.25000,24106.00000
2025-09-12T15:00:00+00:00,24106.25000,24111.50000,24072.25000,24090.75000
2025-09-12T16:00:00+00:00,24090.75000,24122.00000,24071.75000,24110.75000
2025-09-12T17:00:00+00:00,24111.25000,24128.25000,24091.50000,24123.75000
2025-09-12T18:00:00+00:00,24123.75000,24159.00000,24113.00000,24154.00000
2025-09-12T19:00:00+00:00,24154.00000,24157.75000,24087.50000,24109.50000
2025-09-12T20:00:00+00:00,24109.50000,24119.25000,24097.00000,24115.25000
2025-09-14T22:00:00+00:00,24115.25000,24129.50000,24099.75000,24124.50000
2025-09-14T23:00:00+00:00,24124.50000,24128.50000,24100.00000,24110.75000
2025-09-15T00:00:00+00:00,24111.00000,24115.00000,24092.00000,24109.00000
2025-09-15T01:00:00+00:00,24110.50000,24118.50000,24105.25000,24114.00000
2025-09-15T02:00:00+00:00,24114.00000,24123.25000,24108.25000,24118.25000
2025-09-15T03:00:00+00:00,24118.50000,24131.00000,24116.50000,24121.50000
2025-09-15T04:00:00+00:00,24121.25000,24133.00000,24120.50000,24130.75000
2025-09-15T05:00:00+00:00,24131.50000,24144.00000,24123.00000,24139.50000
2025-09-15T06:00:00+00:00,24140.25000,24150.00000,24132.25000,24147.00000
2025-09-15T07:00:00+00:00,24146.00000,24154.75000,24138.00000,24138.75000
2025-09-15T08:00:00+00:00,24140.00000,24141.75000,24076.00000,24095.75000
2025-09-15T09:00:00+00:00,24094.75000,24100.00000,24080.25000,24097.00000
2025-09-15T10:00:00+00:00,24095.50000,24133.25000,24092.25000,24127.00000
2025-09-15T11:00:00+00:00,24128.50000,24147.75000,24125.75000,24144.50000
2025-09-15T12:00:00+00:00,24143.25000,24174.25000,24139.50000,24173.00000
2025-09-15T13:00:00+00:00,24172.75000,24262.25000,24162.25000,24260.50000
2025-09-15T14:00:00+00:00,24260.50000,24265.25000,24227.75000,24262.00000
2025-09-15T15:00:00+00:00,24262.00000,24289.75000,24240.25000,24279.75000
2025-09-15T16:00:00+00:00,24280.00000,24295.00000,24261.00000,24266.00000
2025-09-15T17:00:00+00:00,24266.00000,24288.50000,24248.75000,24286.75000
2025-09-15T18:00:00+00:00,24286.50000,24290.50000,24245.00000,24270.75000
2025-09-15T19:00:00+00:00,24271.25000,24315.50000,24261.75000,24311.75000
2025-09-15T20:00:00+00:00,24311.75000,24314.25000,24286.00000,24296.50000
2025-09-15T22:00:00+00:00,24290.00000,24295.75000,24284.25000,24288.75000
2025-09-15T23:00:00+00:00,24289.50000,24308.25000,24286.75000,24305.00000
2025-09-16T00:00:00+00:00,24305.00000,24305.25000,24285.00000,24302.75000
2025-09-16T01:00:00+00:00,24303.00000,24320.25000,24300.50000,24314.00000
2025-09-16T02:00:00+00:00,24314.50000,24342.25000,24312.25000,24328.25000
2025-09-16T03:00:00+00:00,24331.25000,24345.50000,24330.25000,24344.50000
2025-09-16T04:00:00+00:00,24339.50000,24343.00000,24334.75000,24337.50000
2025-09-16T05:00:00+00:00,24338.25000,24360.75000,24335.00000,24353.00000
2025-09-16T06:00:00+00:00,24353.75000,24361.50000,24343.50000,24346.00000
2025-09-16T07:00:00+00:00,24346.75000,24618.00000,24340.50000,24602.00000
2025-09-16T08:00:00+00:00,24602.25000,24647.25000,24359.00000,24396.00000
2025-09-16T09:00:00+00:00,24640.25000,24645.50000,24372.50000,24626.50000
2025-09-16T10:00:00+00:00,24381.75000,24632.75000,24373.00000,24380.25000
2025-09-16T11:00:00+00:00,24627.00000,24627.25000,24354.25000,24605.00000
2025-09-16T12:00:00+00:00,24361.50000,24608.50000,24341.50000,24353.00000
2025-09-16T13:00:00+00:00,24353.00000,24609.75000,24280.50000,24538.25000
2025-09-16T14:00:00+00:00,24538.00000,24561.25000,24279.50000,24537.75000
2025-09-16T15:00:00+00:00,24538.00000,24542.50000,24261.25000,24267.25000
2025-09-16T16:00:00+00:00,24267.75000,24532.75000,24258.25000,24523.75000
2025-09-16T17:00:00+00:00,24523.75000,24545.75000,24282.00000,24294.00000
2025-09-16T18:00:00+00:00,24534.25000,24549.00000,24283.75000,24546.75000
2025-09-16T19:00:00+00:00,24546.75000,24563.00000,24279.25000,24524.25000
2025-09-16T20:00:00+00:00,24524.25000,24543.25000,24283.00000,24530.25000
2025-09-16T22:00:00+00:00,24290.00000,24551.75000,24287.25000,24546.00000
2025-09-16T23:00:00+00:00,24307.50000,24550.25000,24306.25000,24543.50000
2025-09-17T00:00:00+00:00,24543.00000,24549.75000,24531.00000,24540.25000
2025-09-17T01:00:00+00:00,24540.50000,24547.25000,24528.75000,24531.00000
2025-09-17T02:00:00+00:00,24531.00000,24533.00000,24513.00000,24523.75000
2025-09-17T03:00:00+00:00,24523.75000,24526.00000,24517.00000,24518.00000
2025-09-17T04:00:00+00:00,24518.50000,24521.75000,24508.00000,24518.75000
2025-09-17T05:00:00+00:00,24519.25000,24527.00000,24497.50000,24518.50000
2025-09-17T06:00:00+00:00,24518.50000,24534.75000,24509.50000,24532.25000
2025-09-17T07:00:00+00:00,24531.75000,24553.00000,24524.50000,24550.00000
2025-09-17T08:00:00+00:00,24549.25000,24550.50000,24456.25000,24513.00000
2025-09-17T09:00:00+00:00,24513.75000,24528.50000,24506.50000,24511.75000
2025-09-17T10:00:00+00:00,24511.75000,24520.50000,24490.00000,24500.00000
2025-09-17T11:00:00+00:00,24500.50000,24516.25000,24486.50000,24502.50000
2025-09-17T12:00:00+00:00,24502.50000,24526.00000,24498.50000,24524.75000
2025-09-17T13:00:00+00:00,24524.50000,24540.75000,24460.25000,24477.25000
2025-09-17T14:00:00+00:00,24477.50000,24480.75000,24410.00000,24420.50000
2025-09-17T15:00:00+00:00,24420.25000,24445.00000,24398.00000,24411.25000
2025-09-17T16:00:00+00:00,24410.75000,24422.00000,24374.75000,24389.75000
2025-09-17T17:00:00+00:00,24389.75000,24461.25000,24388.00000,24455.50000
2025-09-17T18:00:00+00:00,24455.75000,24524.00000,24242.00000,24393.25000
2025-09-17T19:00:00+00:00,24392.25000,24550.50000,24383.00000,24475.25000
2025-09-17T20:00:00+00:00,24475.25000,24523.75000,24472.25000,24502.00000
2025-09-17T22:00:00+00:00,24498.50000,24574.25000,24495.25000,24567.50000
2025-09-17T23:00:00+00:00,24567.50000,24589.00000,24567.50000,24583.50000
2025-09-18T00:00:00+00:00,24584.25000,24584.25000,24560.25000,24564.50000
2025-09-18T01:00:00+00:00,24564.75000,24598.00000,24560.50000,24592.75000
2025-09-18T02:00:00+00:00,24591.75000,24623.25000,24587.00000,24620.75000
2025-09-18T03:00:00+00:00,24620.75000,24645.00000,24620.00000,24638.25000
2025-09-18T04:00:00+00:00,24631.00000,24653.25000,24631.00000,24645.75000
2025-09-18T05:00:00+00:00,24645.50000,24650.75000,24611.00000,24615.00000
2025-09-18T06:00:00+00:00,24614.50000,24625.75000,24586.50000,24624.50000
2025-09-18T07:00:00+00:00,24625.25000,24670.75000,24619.50000,24663.25000
2025-09-18T08:00:00+00:00,24663.50000,24732.50000,24656.25000,24727.50000
2025-09-18T09:00:00+00:00,24728.75000,24732.25000,24708.25000,24718.00000
2025-09-18T10:00:00+00:00,24717.75000,24729.50000,24693.00000,24706.50000
2025-09-18T11:00:00+00:00,24706.75000,24755.75000,24700.50000,24742.25000
2025-09-18T12:00:00+00:00,24742.50000,24762.75000,24689.50000,24689.75000
2025-09-18T13:00:00+00:00,24690.25000,24713.25000,24598.75000,24697.00000
2025-09-18T14:00:00+00:00,24696.75000,24809.25000,24694.00000,24734.50000
2025-09-18T15:00:00+00:00,24734.75000,24816.00000,24725.75000,24736.50000
2025-09-18T16:00:00+00:00,24736.00000,24793.25000,24720.75000,24787.75000
2025-09-18T17:00:00+00:00,24787.50000,24796.75000,24723.50000,24734.25000
2025-09-18T18:00:00+00:00,24734.50000,24769.00000,24727.75000,24756.25000
2025-09-18T19:00:00+00:00,24756.00000,24758.75000,24696.75000,24698.50000
2025-09-18T20:00:00+00:00,24698.25000,24722.75000,24685.00000,24713.75000
2025-09-18T22:00:00+00:00,24717.75000,24743.00000,24711.50000,24738.00000
2025-09-18T23:00:00+00:00,24737.75000,24748.75000,24731.00000,24740.00000
2025-09-19T00:00:00+00:00,24739.50000,24749.00000,24694.75000,24710.25000
2025-09-19T01:00:00+00:00,24710.00000,24720.50000,24701.50000,24716.50000
2025-09-19T02:00:00+00:00,24716.75000,24722.75000,24700.00000,24712.00000
2025-09-19T03:00:00+00:00,24712.00000,24737.50000,24704.00000,24710.25000
2025-09-19T04:00:00+00:00,24701.00000,24722.75000,24682.00000,24720.00000
2025-09-19T05:00:00+00:00,24720.50000,24723.50000,24697.25000,24706.50000
2025-09-19T06:00:00+00:00,24706.25000,24716.75000,24672.00000,24673.00000
2025-09-19T07:00:00+00:00,24672.00000,24691.75000,24655.00000,24685.00000
2025-09-19T08:00:00+00:00,24685.25000,24714.75000,24680.50000,24705.00000
2025-09-19T09:00:00+00:00,24706.25000,24729.75000,24703.25000,24706.75000
2025-09-19T10:00:00+00:00,24708.50000,24732.25000,24700.50000,24724.50000
2025-09-19T11:00:00+00:00,24724.50000,24736.25000,24713.00000,24736.25000
2025-09-19T12:00:00+00:00,24735.75000,24754.75000,24731.50000,24738.25000
2025-09-19T13:00:00+00:00,24738.25000,24817.50000,24734.75000,24791.00000
2025-09-19T14:00:00+00:00,24790.50000,24807.50000,24734.00000,24763.50000
2025-09-19T15:00:00+00:00,24763.50000,24778.50000,24708.00000,24771.25000
2025-09-19T16:00:00+00:00,24771.00000,24835.50000,24770.50000,24821.50000
2025-09-19T17:00:00+00:00,24821.50000,24829.25000,24795.50000,24815.75000
2025-09-19T18:00:00+00:00,24816.50000,24833.00000,24804.25000,24825.25000
2025-09-19T19:00:00+00:00,24825.00000,24888.00000,24821.50000,24860.25000
2025-09-19T20:00:00+00:00,24860.00000,24880.25000,24852.75000,24861.00000
2025-09-22T04:00:00+00:00,24855.75000,24857.00000,24848.25000,24852.25000
2025-09-22T05:00:00+00:00,24852.75000,24861.50000,24840.00000,24841.00000
2025-09-22T06:00:00+00:00,24841.75000,24847.25000,24816.00000,24818.00000
2025-09-22T07:00:00+00:00,24818.50000,24831.00000,24748.75000,24784.50000
2025-09-22T08:00:00+00:00,24785.75000,24824.50000,24778.50000,24781.25000
2025-09-22T09:00:00+00:00,24782.00000,24792.25000,24760.25000,24784.50000
2025-09-22T10:00:00+00:00,24784.25000,24807.75000,24772.25000,24776.25000
2025-09-22T11:00:00+00:00,24775.75000,24790.00000,24768.00000,24789.50000
2025-09-22T12:00:00+00:00,24789.00000,24806.00000,24765.75000,24799.00000
2025-09-22T13:00:00+00:00,24798.50000,24880.50000,24783.00000,24872.25000
2025-09-22T14:00:00+00:00,24872.75000,24931.00000,24855.00000,24926.75000
2025-09-22T15:00:00+00:00,24926.50000,24937.75000,24897.25000,24911.25000
2025-09-22T16:00:00+00:00,24911.25000,24994.50000,24910.00000,24986.75000
2025-09-22T17:00:00+00:00,24986.50000,25000.50000,24973.25000,24988.75000
2025-09-22T18:00:00+00:00,24988.50000,25019.25000,24986.50000,25012.75000
2025-09-22T19:00:00+00:00,25012.50000,25027.25000,24989.75000,24999.00000
2025-09-22T20:00:00+00:00,24998.50000,25001.75000,24980.50000,24996.25000
2025-09-22T22:00:00+00:00,24995.00000,25002.25000,24974.00000,24987.50000
2025-09-22T23:00:00+00:00,24987.00000,25006.25000,24984.00000,24997.25000
2025-09-23T00:00:00+00:00,24998.50000,25005.00000,24986.25000,24989.50000
2025-09-23T01:00:00+00:00,24989.50000,25007.75000,24985.00000,24995.00000
2025-09-23T02:00:00+00:00,24995.25000,25005.00000,24994.00000,25000.00000
2025-09-23T03:00:00+00:00,24998.75000,25006.50000,24996.25000,25003.75000
2025-09-23T04:00:00+00:00,24999.25000,25000.50000,24977.50000,24987.75000
2025-09-23T05:00:00+00:00,24987.00000,25015.00000,24983.50000,24997.00000
2025-09-23T06:00:00+00:00,24997.00000,25015.00000,24993.75000,25012.75000
2025-09-23T07:00:00+00:00,25012.50000,25012.75000,24980.00000,25000.50000
2025-09-23T08:00:00+00:00,24999.00000,25026.00000,24998.25000,25002.50000
2025-09-23T09:00:00+00:00,25003.00000,25014.00000,24996.00000,25013.50000
2025-09-23T10:00:00+00:00,25014.25000,25016.75000,24987.75000,25000.50000
2025-09-23T11:00:00+00:00,25001.50000,25004.00000,24973.00000,25000.25000
2025-09-23T12:00:00+00:00,25000.50000,25011.00000,24983.75000,25009.50000
2025-09-23T13:00:00+00:00,25009.25000,25010.75000,24932.50000,24940.00000
2025-09-23T14:00:00+00:00,24940.50000,24975.25000,24929.50000,24944.50000
2025-09-23T15:00:00+00:00,24944.50000,24969.75000,24929.50000,24946.25000
2025-09-23T16:00:00+00:00,24945.75000,24954.50000,24915.00000,24928.75000
2025-09-23T17:00:00+00:00,24928.75000,24930.50000,24780.50000,24835.75000
2025-09-23T18:00:00+00:00,24835.25000,24846.00000,24784.00000,24790.25000
2025-09-23T19:00:00+00:00,24790.75000,24843.00000,24789.75000,24830.25000
2025-09-23T20:00:00+00:00,24830.75000,24856.00000,24824.25000,24833.75000
2025-09-23T22:00:00+00:00,24839.50000,24863.00000,24836.00000,24853.50000
2025-09-23T23:00:00+00:00,24852.75000,24855.25000,24839.75000,24841.25000
2025-09-24T00:00:00+00:00,24841.50000,24847.00000,24810.50000,24837.75000
2025-09-24T01:00:00+00:00,24837.25000,24839.25000,24817.50000,24823.00000
2025-09-24T02:00:00+00:00,24824.00000,24837.75000,24817.25000,24835.25000
2025-09-24T03:00:00+00:00,24835.25000,24842.00000,24832.50000,24836.00000
2025-09-24T04:00:00+00:00,24841.00000,24852.25000,24837.00000,24851.75000
2025-09-24T05:00:00+00:00,24851.25000,24861.25000,24846.25000,24861.00000
2025-09-24T06:00:00+00:00,24860.75000,24893.00000,24859.25000,24881.75000
2025-09-24T07:00:00+00:00,24882.00000,24898.50000,24846.50000,24898.50000
2025-09-24T08:00:00+00:00,24898.25000,24907.00000,24884.50000,24896.25000
2025-09-24T09:00:00+00:00,24896.00000,24910.25000,24894.50000,24905.75000
2025-09-24T10:00:00+00:00,24905.75000,24913.50000,24883.00000,24904.50000
2025-09-24T11:00:00+00:00,24904.00000,24912.75000,24876.00000,24889.25000
2025-09-24T12:00:00+00:00,24888.75000,24896.50000,24869.50000,24881.50000
2025-09-24T13:00:00+00:00,24881.50000,24899.25000,24784.50000,24820.75000
2025-09-24T14:00:00+00:00,24821.00000,24841.00000,24790.25000,24794.00000
2025-09-24T15:00:00+00:00,24794.00000,24810.00000,24678.25000,24679.75000
2025-09-24T16:00:00+00:00,24679.75000,24706.00000,24627.00000,24685.00000
2025-09-24T17:00:00+00:00,24685.25000,24759.00000,24682.75000,24709.75000
2025-09-24T18:00:00+00:00,24709.50000,24741.50000,24682.75000,24739.00000
2025-09-24T19:00:00+00:00,24739.75000,24749.25000,24700.50000,24740.00000
2025-09-24T20:00:00+00:00,24739.50000,24754.75000,24739.25000,24747.50000
2025-09-24T22:00:00+00:00,24746.00000,24753.00000,24740.00000,24750.25000
2025-09-24T23:00:00+00:00,24749.50000,24757.00000,24740.25000,24755.75000
2025-09-25T00:00:00+00:00,24756.00000,24779.00000,24752.50000,24775.75000
2025-09-25T01:00:00+00:00,24775.00000,24793.50000,24772.25000,24784.00000
2025-09-25T02:00:00+00:00,24784.00000,24791.75000,24776.75000,24789.75000
2025-09-25T03:00:00+00:00,24789.00000,24789.00000,24780.75000,24785.00000
2025-09-25T04:00:00+00:00,24781.75000,24782.50000,24754.75000,24760.25000
2025-09-25T05:00:00+00:00,24760.00000,24763.00000,24737.50000,24753.25000
2025-09-25T06:00:00+00:00,24752.75000,24758.50000,24719.25000,24727.25000
2025-09-25T07:00:00+00:00,24728.75000,24747.75000,24694.25000,24736.75000
2025-09-25T08:00:00+00:00,24737.50000,24764.00000,24718.25000,24728.50000
2025-09-25T09:00:00+00:00,24728.50000,24737.75000,24689.00000,24706.25000
2025-09-25T10:00:00+00:00,24706.25000,24713.75000,24668.50000,24689.00000
2025-09-25T11:00:00+00:00,24688.50000,24691.25000,24586.75000,24595.00000
2025-09-25T12:00:00+00:00,24594.50000,24630.75000,24545.75000,24568.25000
2025-09-25T13:00:00+00:00,24567.75000,24587.00000,24422.50000,24452.75000
2025-09-25T14:00:00+00:00,24452.50000,24656.75000,24445.00000,24635.25000
2025-09-25T15:00:00+00:00,24635.00000,24696.75000,24583.75000,24677.75000
2025-09-25T16:00:00+00:00,24677.25000,24691.75000,24613.00000,24625.00000
2025-09-25T17:00:00+00:00,24624.75000,24644.75000,24511.75000,24517.25000
2025-09-25T18:00:00+00:00,24517.50000,24640.25000,24453.50000,24628.00000
2025-09-25T19:00:00+00:00,24627.75000,24646.25000,24592.00000,24630.75000
2025-09-25T20:00:00+00:00,24632.50000,24648.25000,24611.00000,24635.50000
2025-09-25T22:00:00+00:00,24642.50000,24665.25000,24625.75000,24637.25000
2025-09-25T23:00:00+00:00,24636.75000,24642.00000,24616.00000,24616.75000
2025-09-26T00:00:00+00:00,24616.75000,24632.75000,24606.00000,24626.50000
2025-09-26T01:00:00+00:00,24624.50000,24625.00000,24593.50000,24597.50000
2025-09-26T02:00:00+00:00,24597.50000,24623.00000,24594.75000,24604.25000
2025-09-26T03:00:00+00:00,24604.25000,24606.25000,24579.50000,24594.00000
2025-09-26T04:00:00+00:00,24593.75000,24614.50000,24579.00000,24580.50000
2025-09-26T05:00:00+00:00,24580.75000,24617.50000,24577.50000,24615.50000
2025-09-26T06:00:00+00:00,24616.00000,24672.25000,24611.25000,24649.25000
2025-09-26T07:00:00+00:00,24649.00000,24671.50000,24629.00000,24646.00000
2025-09-26T08:00:00+00:00,24647.00000,24659.25000,24585.00000,24585.50000
2025-09-26T09:00:00+00:00,24585.75000,24619.50000,24569.25000,24616.50000
2025-09-26T10:00:00+00:00,24616.50000,24628.00000,24583.25000,24599.00000
2025-09-26T11:00:00+00:00,24598.50000,24654.75000,24590.50000,24639.25000
2025-09-26T12:00:00+00:00,24639.00000,24747.50000,24628.25000,24694.75000
2025-09-26T13:00:00+00:00,24694.00000,24715.00000,24597.00000,24706.25000
2025-09-26T14:00:00+00:00,24707.50000,24733.25000,24520.00000,24565.00000
2025-09-26T15:00:00+00:00,24566.25000,24636.50000,24545.75000,24581.00000
2025-09-26T16:00:00+00:00,24581.50000,24700.00000,24568.25000,24691.00000
2025-09-26T17:00:00+00:00,24691.50000,24717.00000,24665.00000,24692.00000
2025-09-26T18:00:00+00:00,24691.75000,24737.00000,24671.75000,24725.75000
2025-09-26T19:00:00+00:00,24725.50000,24735.75000,24700.25000,24726.00000
2025-09-26T20:00:00+00:00,24725.50000,24746.50000,24722.25000,24726.50000
2025-09-28T22:00:00+00:00,24744.25000,24769.75000,24740.50000,24756.00000
2025-09-28T23:00:00+00:00,24755.25000,24777.75000,24755.25000,24771.75000
2025-09-29T00:00:00+00:00,24772.50000,24807.00000,24765.00000,24793.50000
2025-09-29T01:00:00+00:00,24793.25000,24805.00000,24775.00000,24793.75000
2025-09-29T02:00:00+00:00,24793.00000,24813.75000,24786.25000,24813.50000
2025-09-29T03:00:00+00:00,24813.00000,24818.00000,24804.75000,24815.25000
2025-09-29T04:00:00+00:00,24815.00000,24834.25000,24813.25000,24828.25000
2025-09-29T05:00:00+00:00,24828.50000,24837.75000,24821.50000,24825.75000
2025-09-29T06:00:00+00:00,24826.25000,24855.50000,24813.50000,24844.75000
2025-09-29T07:00:00+00:00,24845.00000,24864.25000,24823.25000,24853.50000
2025-09-29T08:00:00+00:00,24852.75000,24894.75000,24851.00000,24893.50000
2025-09-29T09:00:00+00:00,24894.50000,24898.75000,24871.50000,24872.00000
2025-09-29T10:00:00+00:00,24872.00000,24902.25000,24865.25000,24888.50000
2025-09-29T11:00:00+00:00,24889.75000,24893.75000,24853.75000,24876.50000
2025-09-29T12:00:00+00:00,24876.50000,24909.50000,24864.25000,24900.00000
2025-09-29T13:00:00+00:00,24899.25000,24955.50000,24846.50000,24942.00000
2025-09-29T14:00:00+00:00,24942.00000,24975.50000,24917.50000,24929.00000
2025-09-29T15:00:00+00:00,24929.25000,24942.75000,24830.75000,24849.25000
2025-09-29T16:00:00+00:00,24849.00000,24867.50000,24822.00000,24834.75000
2025-09-29T17:00:00+00:00,24835.00000,24849.25000,24800.25000,24844.75000
2025-09-29T18:00:00+00:00,24845.00000,24870.00000,24834.25000,24843.00000
2025-09-29T19:00:00+00:00,24842.75000,24848.25000,24780.50000,24837.75000
2025-09-29T20:00:00+00:00,24837.00000,24846.25000,24805.25000,24811.25000
2025-09-29T22:00:00+00:00,24817.75000,24837.75000,24807.75000,24833.75000
2025-09-29T23:00:00+00:00,24834.75000,24842.00000,24821.50000,24824.00000
2025-09-30T00:00:00+00:00,24822.50000,24840.50000,24805.75000,24837.25000
2025-09-30T01:00:00+00:00,24836.50000,24837.00000,24810.75000,24819.50000
2025-09-30T02:00:00+00:00,24819.50000,24854.00000,24817.25000,24849.25000
2025-09-30T03:00:00+00:00,24849.00000,24856.75000,24839.00000,24842.75000
2025-09-30T04:00:00+00:00,24843.25000,24844.50000,24823.00000,24823.25000
2025-09-30T05:00:00+00:00,24823.00000,24840.25000,24816.25000,24836.25000
2025-09-30T06:00:00+00:00,24836.50000,24855.50000,24810.00000,24812.25000
2025-09-30T07:00:00+00:00,24812.25000,24818.25000,24754.75000,24790.75000
2025-09-30T08:00:00+00:00,24790.00000,24812.00000,24763.00000,24801.00000
2025-09-30T09:00:00+00:00,24800.50000,24820.25000,24786.00000,24794.75000
2025-09-30T10:00:00+00:00,24794.25000,24815.00000,24774.00000,24808.50000
2025-09-30T11:00:00+00:00,24807.75000,24817.00000,24789.75000,24803.00000
2025-09-30T12:00:00+00:00,24803.00000,24845.00000,24788.00000,24833.75000
2025-09-30T13:00:00+00:00,24833.00000,24837.00000,24722.25000,24785.50000
2025-09-30T14:00:00+00:00,24785.50000,24854.50000,24747.00000,24842.25000
2025-09-30T15:00:00+00:00,24842.50000,24862.75000,24755.50000,24810.75000
2025-09-30T16:00:00+00:00,24810.50000,24843.75000,24767.75000,24783.25000
2025-09-30T17:00:00+00:00,24783.00000,24797.50000,24731.75000,24769.00000
2025-09-30T18:00:00+00:00,24768.50000,24851.75000,24762.00000,24837.75000
2025-09-30T19:00:00+00:00,24838.00000,24913.75000,24821.50000,24897.50000
2025-09-30T20:00:00+00:00,24899.75000,24901.25000,24834.75000,24838.25000
2025-09-30T22:00:00+00:00,24843.00000,24876.75000,24822.00000,24835.50000
2025-09-30T23:00:00+00:00,24834.50000,24848.75000,24820.25000,24830.25000
2025-10-01T00:00:00+00:00,24830.75000,24837.00000,24785.50000,24794.25000
2025-10-01T01:00:00+00:00,24794.25000,24811.00000,24783.75000,24804.00000
2025-10-01T02:00:00+00:00,24804.00000,24805.50000,24781.00000,24787.25000
2025-10-01T03:00:00+00:00,24787.25000,24788.25000,24763.50000,24771.00000
2025-10-01T04:00:00+00:00,24777.75000,24782.25000,24769.50000,24773.75000
2025-10-01T05:00:00+00:00,24774.50000,24780.00000,24758.00000,24761.25000
2025-10-01T06:00:00+00:00,24762.00000,24769.50000,24633.25000,24652.00000
2025-10-01T07:00:00+00:00,24651.50000,24689.75000,24637.50000,24671.50000
2025-10-01T08:00:00+00:00,24670.75000,24732.50000,24653.25000,24720.25000
2025-10-01T09:00:00+00:00,24719.50000,24766.75000,24713.75000,24745.75000
2025-10-01T10:00:00+00:00,24745.75000,24764.00000,24721.75000,24731.50000
2025-10-01T11:00:00+00:00,24732.75000,24803.25000,24731.00000,24798.50000
2025-10-01T12:00:00+00:00,24798.50000,24805.50000,24747.25000,24777.00000
2025-10-01T13:00:00+00:00,24777.50000,24841.50000,24726.50000,24784.75000
2025-10-01T14:00:00+00:00,24781.25000,24912.00000,24750.00000,24897.50000
2025-10-01T15:00:00+00:00,24896.75000,24938.50000,24875.25000,24931.00000
2025-10-01T16:00:00+00:00,24931.50000,24957.75000,24928.75000,24955.00000
2025-10-01T17:00:00+00:00,24955.00000,24990.00000,24952.25000,24983.50000
2025-10-01T18:00:00+00:00,24982.75000,25034.75000,24972.75000,25024.00000
2025-10-01T19:00:00+00:00,25023.75000,25036.75000,25000.75000,25011.50000
2025-10-01T20:00:00+00:00,25011.50000,25014.75000,24992.75000,25009.25000
2025-10-01T22:00:00+00:00,25009.25000,25020.25000,25001.75000,25012.25000
2025-10-01T23:00:00+00:00,25012.75000,25029.00000,25003.25000,25022.25000
2025-10-02T00:00:00+00:00,25022.00000,25063.50000,25019.25000,25060.00000
2025-10-02T01:00:00+00:00,25060.50000,25076.50000,25046.50000,25074.00000
2025-10-02T02:00:00+00:00,25074.00000,25075.50000,25052.00000,25057.25000
2025-10-02T03:00:00+00:00,25058.25000,25067.50000,25040.00000,25062.75000
2025-10-02T04:00:00+00:00,25070.75000,25074.50000,25051.00000,25066.75000
2025-10-02T05:00:00+00:00,25067.00000,25076.25000,25061.25000,25069.25000
2025-10-02T06:00:00+00:00,25069.50000,25076.25000,25056.50000,25063.00000
2025-10-02T07:00:00+00:00,25061.25000,25088.00000,25053.75000,25077.25000
2025-10-02T08:00:00+00:00,25076.75000,25114.25000,25073.75000,25113.00000
2025-10-02T09:00:00+00:00,25113.00000,25117.00000,25075.75000,25096.00000
2025-10-02T10:00:00+00:00,25095.00000,25124.75000,25093.50000,25111.00000
2025-10-02T11:00:00+00:00,25111.00000,25151.00000,25107.50000,25149.00000
2025-10-02T12:00:00+00:00,25149.25000,25164.25000,25143.25000,25162.00000
2025-10-02T13:00:00+00:00,25162.00000,25180.00000,25014.25000,25062.75000
2025-10-02T14:00:00+00:00,25063.50000,25091.50000,25019.00000,25021.75000
2025-10-02T15:00:00+00:00,25021.00000,25082.25000,24993.75000,25077.50000
2025-10-02T16:00:00+00:00,25077.50000,25080.25000,25034.00000,25077.25000
2025-10-02T17:00:00+00:00,25077.00000,25113.00000,25059.50000,25085.50000
2025-10-02T18:00:00+00:00,25085.50000,25120.00000,25079.25000,25112.25000
2025-10-02T19:00:00+00:00,25111.75000,25126.50000,25091.00000,25108.50000
2025-10-02T20:00:00+00:00,25108.75000,25125.25000,25099.50000,25105.00000
2025-10-02T22:00:00+00:00,25101.50000,25107.75000,25073.00000,25104.25000
2025-10-02T23:00:00+00:00,25103.75000,25125.00000,25097.25000,25123.25000
2025-10-03T00:00:00+00:00,25124.50000,25157.50000,25116.00000,25146.75000
2025-10-03T01:00:00+00:00,25146.25000,25162.00000,25137.25000,25160.75000
2025-10-03T02:00:00+00:00,25161.25000,25164.00000,25146.25000,25158.00000
2025-10-03T03:00:00+00:00,25156.75000,25175.25000,25155.50000,25172.00000
2025-10-03T04:00:00+00:00,25174.75000,25175.25000,25166.25000,25174.25000
2025-10-03T05:00:00+00:00,25173.75000,25192.00000,25171.00000,25171.00000
2025-10-03T06:00:00+00:00,25171.50000,25191.75000,25156.00000,25183.00000
2025-10-03T07:00:00+00:00,25183.50000,25193.75000,25172.50000,25181.75000
2025-10-03T08:00:00+00:00,25181.00000,25185.75000,25173.25000,25183.00000
2025-10-03T09:00:00+00:00,25183.25000,25193.00000,25171.75000,25192.75000
2025-10-03T10:00:00+00:00,25193.00000,25196.50000,25157.50000,25161.75000
2025-10-03T11:00:00+00:00,25162.25000,25171.00000,25128.25000,25137.00000
2025-10-03T12:00:00+00:00,25137.25000,25148.25000,25103.00000,25120.25000
2025-10-03T13:00:00+00:00,25119.75000,25168.00000,25100.75000,25105.75000
2025-10-03T14:00:00+00:00,25105.75000,25128.75000,25051.00000,25117.00000
2025-10-03T15:00:00+00:00,25117.00000,25152.00000,25099.25000,25145.00000
2025-10-03T16:00:00+00:00,25144.75000,25156.00000,25108.00000,25118.00000
2025-10-03T17:00:00+00:00,25117.50000,25117.50000,24923.25000,24974.00000
2025-10-03T18:00:00+00:00,24973.50000,25044.50000,24926.00000,25009.00000
2025-10-03T19:00:00+00:00,25008.50000,25030.00000,24980.00000,24996.25000
2025-10-03T20:00:00+00:00,24996.50000,25006.25000,24974.00000,24982.00000
2025-10-06T04:00:00+00:00,25083.25000,25109.00000,25081.75000,25101.50000
2025-10-06T05:00:00+00:00,25101.50000,25102.75000,25080.00000,25088.50000
2025-10-06T06:00:00+00:00,25088.50000,25107.25000,25082.00000,25101.50000
2025-10-06T07:00:00+00:00,25101.00000,25106.00000,25045.75000,25080.50000
2025-10-06T08:00:00+00:00,25081.25000,25114.75000,25078.25000,25106.75000
2025-10-06T09:00:00+00:00,25106.50000,25139.50000,25104.50000,25134.00000
2025-10-06T10:00:00+00:00,25134.50000,25185.00000,25125.00000,25171.25000
2025-10-06T11:00:00+00:00,25171.00000,25186.00000,25128.50000,25184.25000
2025-10-06T12:00:00+00:00,25185.00000,25241.50000,25179.00000,25191.25000
2025-10-06T13:00:00+00:00,25191.75000,25221.75000,25116.75000,25155.50000
2025-10-06T14:00:00+00:00,25156.00000,25185.00000,25108.50000,25152.25000
2025-10-06T15:00:00+00:00,25152.00000,25216.00000,25143.00000,25208.00000
2025-10-06T16:00:00+00:00,25207.75000,25211.50000,25182.75000,25202.25000
2025-10-06T17:00:00+00:00,25202.50000,25231.75000,25183.00000,25227.50000
2025-10-06T18:00:00+00:00,25227.75000,25252.75000,25218.50000,25238.75000
2025-10-06T19:00:00+00:00,25238.25000,25239.00000,25180.50000,25184.25000
2025-10-06T20:00:00+00:00,25184.50000,25190.00000,25174.00000,25184.00000
2025-10-06T22:00:00+00:00,25184.50000,25197.00000,25135.25000,25141.25000
2025-10-06T23:00:00+00:00,25141.25000,25153.00000,25131.25000,25142.00000
2025-10-07T00:00:00+00:00,25141.25000,25147.50000,25122.50000,25131.00000
2025-10-07T01:00:00+00:00,25131.50000,25148.75000,25126.25000,25146.75000
2025-10-07T02:00:00+00:00,25147.75000,25154.50000,25139.00000,25151.50000
2025-10-07T03:00:00+00:00,25151.50000,25164.25000,25147.50000,25160.00000
2025-10-07T04:00:00+00:00,25169.00000,25183.50000,25168.00000,25181.50000
2025-10-07T05:00:00+00:00,25181.00000,25186.25000,25169.25000,25172.50000
2025-10-07T06:00:00+00:00,25171.50000,25178.25000,25138.00000,25162.00000
2025-10-07T07:00:00+00:00,25163.00000,25166.00000,25136.25000,25159.75000
2025-10-07T08:00:00+00:00,25160.25000,25173.75000,25127.75000,25172.50000
2025-10-07T09:00:00+00:00,25173.00000,25192.00000,25168.75000,25189.00000
2025-10-07T10:00:00+00:00,25189.25000,25195.75000,25172.50000,25174.00000
2025-10-07T11:00:00+00:00,25174.25000,25211.75000,25170.00000,25211.75000
2025-10-07T12:00:00+00:00,25211.25000,25257.50000,25195.75000,25254.00000
2025-10-07T13:00:00+00:00,25254.25000,25275.00000,25217.00000,25241.25000
2025-10-07T14:00:00+00:00,25242.00000,25257.50000,25172.25000,25186.00000
2025-10-07T15:00:00+00:00,25186.50000,25191.50000,24984.75000,25029.50000
2025-10-07T16:00:00+00:00,25029.75000,25092.00000,24998.00000,25024.75000
2025-10-07T17:00:00+00:00,25024.50000,25065.00000,25013.50000,25015.50000
2025-10-07T18:00:00+00:00,25016.00000,25053.25000,24991.00000,25053.25000
2025-10-07T19:00:00+00:00,25053.00000,25073.00000,25027.00000,25045.25000
2025-10-07T20:00:00+00:00,25045.25000,25069.00000,25045.25000,25054.75000
2025-10-07T22:00:00+00:00,25059.75000,25083.25000,25054.50000,25080.75000
2025-10-07T23:00:00+00:00,25079.25000,25080.25000,25031.25000,25033.75000
2025-10-08T00:00:00+00:00,25033.25000,25066.75000,25027.50000,25061.50000
2025-10-08T01:00:00+00:00,25061.00000,25085.00000,25059.00000,25073.50000
2025-10-08T02:00:00+00:00,25073.75000,25092.25000,25072.25000,25088.00000
2025-10-08T03:00:00+00:00,25088.00000,25091.00000,25079.25000,25086.75000
2025-10-08T04:00:00+00:00,25091.00000,25094.00000,25081.00000,25087.50000
2025-10-08T05:00:00+00:00,25088.00000,25088.00000,25058.00000,25058.25000
2025-10-08T06:00:00+00:00,25059.25000,25064.75000,25026.25000,25052.75000
2025-10-08T07:00:00+00:00,25052.50000,25092.00000,25041.00000,25083.50000
2025-10-08T08:00:00+00:00,25083.75000,25111.50000,25071.25000,25086.50000
2025-10-08T09:00:00+00:00,25086.75000,25097.75000,25074.50000,25087.50000
2025-10-08T10:00:00+00:00,25087.75000,25100.50000,25058.50000,25097.50000
2025-10-08T11:00:00+00:00,25097.50000,25104.50000,25058.25000,25089.00000
2025-10-08T12:00:00+00:00,25088.25000,25089.25000,25042.50000,25062.50000
2025-10-08T13:00:00+00:00,25063.25000,25183.75000,25054.75000,25174.50000
2025-10-08T14:00:00+00:00,25174.25000,25231.00000,25172.75000,25193.75000
2025-10-08T15:00:00+00:00,25194.00000,25261.00000,25190.00000,25254.50000
2025-10-08T16:00:00+00:00,25254.75000,25276.25000,25233.50000,25251.50000
2025-10-08T17:00:00+00:00,25251.25000,25290.75000,25238.25000,25273.75000
2025-10-08T18:00:00+00:00,25273.25000,25297.50000,25265.25000,25270.75000
2025-10-08T19:00:00+00:00,25270.50000,25344.25000,25267.00000,25329.75000
2025-10-08T20:00:00+00:00,25329.50000,25364.75000,25320.50000,25354.00000
2025-10-08T22:00:00+00:00,25351.50000,25369.50000,25340.50000,25366.00000
2025-10-08T23:00:00+00:00,25366.25000,25394.00000,25363.25000,25378.75000
2025-10-09T00:00:00+00:00,25379.00000,25379.00000,25357.00000,25363.00000
2025-10-09T01:00:00+00:00,25362.50000,25369.25000,25320.50000,25331.50000
2025-10-09T02:00:00+00:00,25331.00000,25339.00000,25307.00000,25309.75000
2025-10-09T03:00:00+00:00,25309.50000,25345.00000,25309.50000,25326.00000
2025-10-09T04:00:00+00:00,25327.25000,25342.25000,25325.00000,25340.25000
2025-10-09T05:00:00+00:00,25340.00000,25364.75000,25336.00000,25355.25000
2025-10-09T06:00:00+00:00,25356.50000,25367.75000,25326.25000,25337.25000
2025-10-09T07:00:00+00:00,25336.75000,25349.00000,25329.50000,25337.50000
2025-10-09T08:00:00+00:00,25336.75000,25344.00000,25294.50000,25300.25000
2025-10-09T09:00:00+00:00,25300.50000,25335.00000,25295.25000,25320.50000
2025-10-09T10:00:00+00:00,25321.25000,25332.75000,25303.50000,25318.25000
2025-10-09T11:00:00+00:00,25317.75000,25341.25000,25311.75000,25313.75000
2025-10-09T12:00:00+00:00,25314.25000,25334.25000,25310.50000,25332.50000
2025-10-09T13:00:00+00:00,25332.75000,25337.50000,25251.50000,25279.00000
2025-10-09T14:00:00+00:00,25279.50000,25288.75000,25193.50000,25250.50000
2025-10-09T15:00:00+00:00,25251.50000,25274.50000,25197.75000,25263.00000
2025-10-09T16:00:00+00:00,25263.50000,25274.00000,25196.00000,25203.75000
2025-10-09T17:00:00+00:00,25204.25000,25233.75000,25160.75000,25215.50000
2025-10-09T18:00:00+00:00,25215.50000,25244.00000,25182.50000,25235.00000
2025-10-09T19:00:00+00:00,25235.25000,25295.75000,25233.25000,25294.50000
2025-10-09T20:00:00+00:00,25294.75000,25299.75000,25270.25000,25287.25000
2025-10-09T22:00:00+00:00,25287.75000,25321.50000,25286.50000,25319.25000
2025-10-09T23:00:00+00:00,25319.50000,25336.00000,25308.75000,25335.00000
2025-10-10T00:00:00+00:00,25335.00000,25346.75000,25321.25000,25336.50000
2025-10-10T01:00:00+00:00,25336.75000,25353.00000,25333.00000,25351.75000
2025-10-10T02:00:00+00:00,25351.25000,25355.00000,25336.25000,25338.25000
2025-10-10T03:00:00+00:00,25338.00000,25341.75000,25310.50000,25317.75000
2025-10-10T04:00:00+00:00,25320.25000,25326.75000,25300.00000,25307.00000
2025-10-10T05:00:00+00:00,25307.75000,25334.00000,25296.50000,25333.25000
2025-10-10T06:00:00+00:00,25333.75000,25354.25000,25295.00000,25303.75000
2025-10-10T07:00:00+00:00,25304.75000,25324.50000,25298.75000,25318.50000
2025-10-10T08:00:00+00:00,25318.50000,25342.50000,25313.75000,25336.25000
2025-10-10T09:00:00+00:00,25336.75000,25339.00000,25251.25000,25256.00000
2025-10-10T10:00:00+00:00,25256.50000,25301.50000,25254.25000,25300.25000
2025-10-10T11:00:00+00:00,25300.00000,25324.50000,25299.50000,25323.25000
2025-10-10T12:00:00+00:00,25322.25000,25335.00000,25288.75000,25298.00000
2025-10-10T13:00:00+00:00,25297.50000,25388.00000,25293.50000,25355.50000
2025-10-10T14:00:00+00:00,25357.50000,25370.75000,25127.75000,25194.75000
2025-10-10T15:00:00+00:00,25193.00000,25195.25000,24670.75000,24827.00000
2025-10-10T16:00:00+00:00,24824.25000,24848.00000,24647.50000,24658.00000
2025-10-10T17:00:00+00:00,24657.25000,24751.00000,24604.00000,24680.00000
2025-10-10T18:00:00+00:00,24680.00000,24718.50000,24572.00000,24588.25000
2025-10-10T19:00:00+00:00,24589.00000,24635.75000,24384.25000,24402.75000
2025-10-10T20:00:00+00:00,24402.25000,24448.00000,24158.50000,24397.00000
2025-10-12T22:00:00+00:00,24397.00000,24711.75000,24397.00000,24689.25000
2025-10-12T23:00:00+00:00,24689.75000,24794.00000,24650.75000,24785.75000
2025-10-13T00:00:00+00:00,24786.75000,24835.00000,24756.25000,24826.75000
2025-10-13T01:00:00+00:00,24827.25000,24855.50000,24822.00000,24852.00000
2025-10-13T02:00:00+00:00,24852.25000,24855.25000,24805.00000,24806.75000
2025-10-13T03:00:00+00:00,24806.75000,24845.25000,24763.00000,24778.00000
2025-10-13T04:00:00+00:00,24778.25000,24826.25000,24774.00000,24818.50000
2025-10-13T05:00:00+00:00,24818.00000,24841.25000,24802.00000,24837.50000
2025-10-13T06:00:00+00:00,24836.25000,24853.25000,24787.25000,24850.75000
2025-10-13T07:00:00+00:00,24851.25000,24936.00000,24833.25000,24904.50000
2025-10-13T08:00:00+00:00,24904.00000,24909.50000,24841.25000,24875.25000
2025-10-13T09:00:00+00:00,24874.25000,24880.75000,24836.25000,24845.75000
2025-10-13T10:00:00+00:00,24846.25000,24877.75000,24825.25000,24850.00000
2025-10-13T11:00:00+00:00,24851.50000,24866.25000,24733.00000,24797.25000
2025-10-13T12:00:00+00:00,24795.50000,24836.00000,24766.75000,24787.75000
2025-10-13T13:00:00+00:00,24787.25000,24892.00000,24724.50000,24888.00000
2025-10-13T14:00:00+00:00,24887.00000,24913.50000,24744.00000,24758.50000
2025-10-13T15:00:00+00:00,24759.00000,24901.75000,24746.00000,24893.50000
2025-10-13T16:00:00+00:00,24893.75000,24956.25000,24869.75000,24948.25000
2025-10-13T17:00:00+00:00,24948.00000,24959.00000,24888.50000,24926.50000
2025-10-13T18:00:00+00:00,24926.25000,24965.00000,24889.75000,24901.00000
2025-10-13T19:00:00+00:00,24901.25000,24948.50000,24883.00000,24921.00000
2025-10-13T20:00:00+00:00,24921.00000,24927.25000,24899.00000,24904.50000
2025-10-13T21:00:00+00:00,24904.50000,24904.50000,24904.50000,24904.50000
2025-10-13T22:00:00+00:00,24913.75000,24931.50000,24897.00000,24930.50000
2025-10-13T23:00:00+00:00,24930.50000,24933.00000,24898.75000,24912.25000
2025-10-14T00:00:00+00:00,24911.50000,25044.25000,24904.50000,25007.50000
2025-10-14T01:00:00+00:00,25006.00000,25012.50000,24967.00000,25006.00000
2025-10-14T02:00:00+00:00,25005.25000,25020.50000,24950.75000,24954.25000
2025-10-14T03:00:00+00:00,24955.00000,24958.25000,24904.00000,24915.25000
2025-10-14T04:00:00+00:00,24878.75000,24878.75000,24750.00000,24806.25000
2025-10-14T05:00:00+00:00,24805.25000,24814.50000,24785.75000,24805.25000
2025-10-14T06:00:00+00:00,24711.50000,24749.25000,24665.50000,24686.00000
2025-10-14T07:00:00+00:00,24686.00000,24726.00000,24598.50000,24647.50000
2025-10-14T08:00:00+00:00,24646.00000,24697.75000,24586.25000,24691.50000
2025-10-14T09:00:00+00:00,24692.25000,24713.00000,24629.75000,24638.75000
2025-10-14T10:00:00+00:00,24638.25000,24643.00000,24502.50000,24558.25000
2025-10-14T11:00:00+00:00,24559.25000,24665.00000,24546.00000,24653.75000
2025-10-14T12:00:00+00:00,24653.75000,24661.50000,24555.50000,24620.50000
2025-10-14T13:00:00+00:00,24619.25000,24656.25000,24421.00000,24576.25000
2025-10-14T14:00:00+00:00,24575.00000,24743.75000,24556.75000,24690.00000
2025-10-14T15:00:00+00:00,24690.00000,24839.25000,24684.25000,24805.00000
2025-10-14T16:00:00+00:00,24805.00000,24947.50000,24762.00000,24892.25000
2025-10-14T17:00:00+00:00,24892.00000,24938.00000,24858.50000,24899.50000
2025-10-14T18:00:00+00:00,24900.25000,24926.75000,24881.50000,24899.25000
2025-10-14T19:00:00+00:00,24899.25000,24927.00000,24686.00000,24756.50000
2025-10-14T20:00:00+00:00,24756.75000,24789.75000,24697.25000,24756.25000
2025-10-14T22:00:00+00:00,24754.00000,24816.25000,24750.50000,24779.25000
2025-10-14T23:00:00+00:00,24777.75000,24817.75000,24768.75000,24773.25000
2025-10-15T00:00:00+00:00,24772.00000,24799.50000,24740.50000,24798.00000
2025-10-15T01:00:00+00:00,24797.00000,24814.75000,24763.00000,24801.25000
2025-10-15T02:00:00+00:00,24801.75000,24855.75000,24800.00000,24813.00000
2025-10-15T03:00:00+00:00,24812.50000,24830.50000,24788.75000,24801.25000
2025-10-15T04:00:00+00:00,24815.75000,24847.75000,24814.00000,24843.50000
2025-10-15T05:00:00+00:00,24844.50000,24920.00000,24844.50000,24885.25000
2025-10-15T06:00:00+00:00,24885.00000,24908.50000,24868.50000,24902.00000
2025-10-15T07:00:00+00:00,24901.50000,24926.50000,24876.50000,24900.25000
2025-10-15T08:00:00+00:00,24900.25000,24934.75000,24898.25000,24929.50000
2025-10-15T09:00:00+00:00,24928.50000,24991.50000,24925.25000,24972.50000
2025-10-15T10:00:00+00:00,24972.00000,24980.00000,24949.25000,24966.75000
2025-10-15T11:00:00+00:00,24965.25000,24972.00000,24937.75000,24960.00000
2025-10-15T12:00:00+00:00,24960.50000,25025.50000,24955.00000,25021.75000
2025-10-15T13:00:00+00:00,25022.50000,25023.25000,24897.00000,25014.00000
2025-10-15T14:00:00+00:00,25013.75000,25115.00000,25013.00000,25100.00000
2025-10-15T15:00:00+00:00,25100.25000,25109.75000,24877.25000,24934.25000
2025-10-15T16:00:00+00:00,24934.50000,24992.25000,24892.25000,24903.00000
2025-10-15T17:00:00+00:00,24902.75000,24914.00000,24663.50000,24903.50000
2025-10-15T18:00:00+00:00,24903.75000,24959.00000,24859.00000,24953.00000
2025-10-15T19:00:00+00:00,24952.75000,24956.25000,24845.25000,24924.75000
2025-10-15T20:00:00+00:00,24925.00000,24964.25000,24912.50000,24941.25000
2025-10-15T22:00:00+00:00,24937.00000,24992.25000,24936.50000,24976.25000
2025-10-15T23:00:00+00:00,24976.25000,24979.25000,24925.00000,24943.25000
2025-10-16T00:00:00+00:00,24943.00000,24956.25000,24874.75000,24913.75000
2025-10-16T01:00:00+00:00,24912.00000,24946.25000,24905.75000,24937.50000
2025-10-16T02:00:00+00:00,24938.75000,24949.25000,24895.75000,24936.75000
2025-10-16T03:00:00+00:00,24937.75000,24947.25000,24906.75000,24916.25000
2025-10-16T04:00:00+00:00,24927.00000,24940.25000,24917.25000,24929.25000
2025-10-16T05:00:00+00:00,24929.75000,24975.75000,24919.00000,24953.75000
2025-10-16T06:00:00+00:00,24954.25000,25028.25000,24954.25000,25025.50000
2025-10-16T07:00:00+00:00,25024.25000,25055.50000,24973.25000,25039.00000
2025-10-16T08:00:00+00:00,25038.75000,25057.00000,25005.25000,25019.00000
2025-10-16T09:00:00+00:00,25020.00000,25045.75000,25006.00000,25041.75000
2025-10-16T10:00:00+00:00,25042.50000,25071.50000,25039.75000,25053.00000
2025-10-16T11:00:00+00:00,25053.75000,25085.25000,25045.75000,25065.25000
2025-10-16T12:00:00+00:00,25064.25000,25099.25000,25020.00000,25080.00000
2025-10-16T13:00:00+00:00,25080.25000,25125.50000,25026.75000,25062.25000
2025-10-16T14:00:00+00:00,25062.50000,25179.50000,25013.75000,25106.50000
2025-10-16T15:00:00+00:00,25107.50000,25131.25000,24946.00000,24972.50000
2025-10-16T16:00:00+00:00,24972.25000,24996.25000,24732.00000,24927.50000
2025-10-16T17:00:00+00:00,24926.75000,24967.00000,24826.25000,24865.50000
2025-10-16T18:00:00+00:00,24864.50000,24871.50000,24643.50000,24798.50000
2025-10-16T19:00:00+00:00,24797.00000,24846.00000,24692.50000,24831.25000
2025-10-16T20:00:00+00:00,24831.00000,24854.50000,24745.50000,24794.25000
2025-10-16T22:00:00+00:00,24793.75000,24858.50000,24740.25000,24741.50000
2025-10-16T23:00:00+00:00,24742.75000,24768.50000,24720.00000,24758.25000
2025-10-17T00:00:00+00:00,24759.25000,24795.00000,24745.25000,24779.00000
2025-10-17T01:00:00+00:00,24778.50000,24835.75000,24729.75000,24758.75000
2025-10-17T02:00:00+00:00,24758.50000,24772.75000,24729.25000,24765.00000
2025-10-17T03:00:00+00:00,24764.50000,24768.00000,24705.25000,24733.75000
2025-10-17T04:00:00+00:00,24728.75000,24738.00000,24700.25000,24706.75000
2025-10-17T05:00:00+00:00,24707.75000,24711.25000,24616.25000,24660.50000
2025-10-17T06:00:00+00:00,24662.00000,24690.75000,24570.00000,24580.75000
2025-10-17T07:00:00+00:00,24581.00000,24588.50000,24451.75000,24475.75000
2025-10-17T08:00:00+00:00,24478.25000,24527.50000,24410.25000,24492.00000
2025-10-17T09:00:00+00:00,24491.75000,24561.50000,24486.00000,24496.50000
2025-10-17T10:00:00+00:00,24497.00000,24575.50000,24483.00000,24574.25000
2025-10-17T11:00:00+00:00,24574.50000,24733.50000,24568.50000,24729.00000
2025-10-17T12:00:00+00:00,24728.50000,24802.75000,24710.50000,24738.25000
2025-10-17T13:00:00+00:00,24737.00000,24889.50000,24672.50000,24822.00000
2025-10-17T14:00:00+00:00,24822.25000,24960.75000,24749.00000,24764.00000
2025-10-17T15:00:00+00:00,24764.50000,24873.50000,24675.00000,24849.50000
2025-10-17T16:00:00+00:00,24849.50000,24973.25000,24849.00000,24902.25000
2025-10-17T17:00:00+00:00,24903.25000,24946.50000,24829.00000,24936.50000
2025-10-17T18:00:00+00:00,24935.25000,25030.00000,24935.00000,24996.75000
2025-10-17T19:00:00+00:00,24997.75000,25055.75000,24979.25000,24988.25000
2025-10-17T20:00:00+00:00,24987.75000,25043.00000,24976.00000,24986.50000
2025-10-19T22:00:00+00:00,25065.75000,25099.25000,24986.50000,25060.25000
2025-10-19T23:00:00+00:00,25061.50000,25064.00000,24987.25000,25012.00000
2025-10-20T00:00:00+00:00,25011.75000,25056.00000,24956.25000,25047.00000
2025-10-20T01:00:00+00:00,25049.25000,25076.50000,25031.00000,25047.00000
2025-10-20T02:00:00+00:00,25045.50000,25058.25000,25026.75000,25051.75000
2025-10-20T03:00:00+00:00,25054.00000,25099.00000,25052.00000,25095.00000
2025-10-20T04:00:00+00:00,25095.75000,25119.75000,25085.00000,25111.75000
2025-10-20T05:00:00+00:00,25111.50000,25127.50000,25095.25000,25113.00000
2025-10-20T06:00:00+00:00,25112.25000,25125.75000,25087.25000,25111.25000
2025-10-20T07:00:00+00:00,25111.75000,25152.50000,25099.00000,25121.75000
2025-10-20T08:00:00+00:00,25121.75000,25133.25000,25066.50000,25074.50000
2025-10-20T09:00:00+00:00,25073.75000,25099.50000,25061.75000,25087.00000
2025-10-20T10:00:00+00:00,25087.25000,25102.75000,25040.00000,25041.50000
2025-10-20T11:00:00+00:00,25040.75000,25090.00000,25038.00000,25084.50000
2025-10-20T12:00:00+00:00,25083.50000,25132.25000,25076.00000,25129.50000
2025-10-20T13:00:00+00:00,25129.50000,25240.00000,25114.75000,25222.00000
2025-10-20T14:00:00+00:00,25222.50000,25322.00000,25212.00000,25314.00000
2025-10-20T15:00:00+00:00,25314.25000,25345.50000,25289.25000,25316.75000
2025-10-20T16:00:00+00:00,25319.00000,25327.50000,25290.75000,25314.50000
2025-10-20T17:00:00+00:00,25314.25000,25354.50000,25311.75000,25336.75000
2025-10-20T18:00:00+00:00,25336.25000,25353.25000,25306.50000,25327.25000
2025-10-20T19:00:00+00:00,25327.50000,25336.50000,25297.00000,25300.00000
2025-10-20T20:00:00+00:00,25300.25000,25327.75000,25289.75000,25326.75000
2025-10-20T22:00:00+00:00,25326.75000,25330.00000,25308.00000,25320.50000
2025-10-20T23:00:00+00:00,25321.00000,25345.00000,25316.50000,25323.25000
2025-10-21T00:00:00+00:00,25323.50000,25343.25000,25310.75000,25341.75000
2025-10-21T01:00:00+00:00,25341.50000,25359.25000,25330.00000,25344.50000
2025-10-21T02:00:00+00:00,25344.25000,25368.00000,25342.25000,25347.50000
2025-10-21T03:00:00+00:00,25346.50000,25355.75000,25318.25000,25330.00000
2025-10-21T04:00:00+00:00,25324.75000,25327.75000,25295.50000,25307.75000
2025-10-21T05:00:00+00:00,25308.50000,25317.50000,25275.75000,25297.00000
2025-10-21T06:00:00+00:00,25297.75000,25298.00000,25266.25000,25278.75000
2025-10-21T07:00:00+00:00,25278.75000,25291.00000,25261.25000,25277.00000
2025-10-21T08:00:00+00:00,25278.00000,25284.50000,25253.00000,25267.75000
2025-10-21T09:00:00+00:00,25267.50000,25296.00000,25266.00000,25281.50000
2025-10-21T10:00:00+00:00,25282.00000,25288.25000,25258.75000,25279.25000
2025-10-21T11:00:00+00:00,25279.50000,25308.50000,25274.00000,25307.50000
2025-10-21T12:00:00+00:00,25306.75000,25315.25000,25291.00000,25298.25000
2025-10-21T13:00:00+00:00,25298.50000,25305.75000,25211.75000,25234.75000
2025-10-21T14:00:00+00:00,25235.25000,25301.75000,25203.25000,25298.00000
2025-10-21T15:00:00+00:00,25297.75000,25326.75000,25242.00000,25322.75000
2025-10-21T16:00:00+00:00,25322.00000,25348.50000,25277.50000,25285.50000
2025-10-21T17:00:00+00:00,25285.75000,25317.50000,25250.00000,25313.25000
2025-10-21T18:00:00+00:00,25313.50000,25327.00000,25290.00000,25309.75000
2025-10-21T19:00:00+00:00,25309.25000,25334.25000,25286.75000,25291.50000
2025-10-21T20:00:00+00:00,25291.00000,25299.25000,25228.75000,25265.25000
2025-10-21T22:00:00+00:00,25283.75000,25285.50000,25257.75000,25270.50000
2025-10-21T23:00:00+00:00,25271.00000,25271.75000,25240.25000,25245.75000
2025-10-22T00:00:00+00:00,25246.50000,25255.75000,25221.00000,25225.00000
2025-10-22T01:00:00+00:00,25225.50000,25268.75000,25214.50000,25266.00000
2025-10-22T02:00:00+00:00,25266.00000,25282.25000,25253.00000,25273.25000
2025-10-22T03:00:00+00:00,25273.00000,25290.00000,25244.00000,25289.75000
2025-10-22T04:00:00+00:00,25316.75000,25333.00000,25310.75000,25317.00000
2025-10-22T05:00:00+00:00,25317.50000,25326.00000,25298.00000,25307.50000
2025-10-22T06:00:00+00:00,25308.75000,25338.25000,25294.00000,25318.00000
2025-10-22T07:00:00+00:00,25318.50000,25321.00000,25270.00000,25298.50000
2025-10-22T08:00:00+00:00,25297.50000,25298.75000,25251.25000,25267.25000
2025-10-22T09:00:00+00:00,25267.00000,25274.00000,25231.50000,25271.50000
2025-10-22T10:00:00+00:00,25272.00000,25305.50000,25263.50000,25286.25000
2025-10-22T11:00:00+00:00,25286.50000,25290.50000,25206.50000,25225.00000
2025-10-22T12:00:00+00:00,25224.75000,25268.25000,25218.25000,25260.50000
2025-10-22T13:00:00+00:00,25260.75000,25289.25000,25172.25000,25257.50000
2025-10-22T14:00:00+00:00,25258.00000,25280.75000,25050.50000,25173.00000
2025-10-22T15:00:00+00:00,25173.75000,25192.25000,25003.25000,25100.25000
2025-10-22T16:00:00+00:00,25101.00000,25110.00000,24867.00000,24992.75000
2025-10-22T17:00:00+00:00,24991.50000,25011.25000,24804.75000,24874.00000
2025-10-22T18:00:00+00:00,24873.75000,24960.00000,24827.00000,24957.50000
2025-10-22T19:00:00+00:00,24957.75000,25058.00000,24923.25000,25040.50000
2025-10-22T20:00:00+00:00,25041.00000,25076.50000,25023.50000,25040.00000
2025-10-22T22:00:00+00:00,25012.25000,25059.50000,25000.25000,25044.50000
2025-10-22T23:00:00+00:00,25044.25000,25064.50000,24992.00000,24997.00000
2025-10-23T00:00:00+00:00,24996.00000,25055.00000,24951.25000,25048.50000
2025-10-23T01:00:00+00:00,25048.25000,25105.00000,25047.25000,25099.00000
2025-10-23T02:00:00+00:00,25099.25000,25111.50000,25090.25000,25099.00000
2025-10-23T03:00:00+00:00,25100.00000,25113.25000,25074.25000,25083.50000
2025-10-23T04:00:00+00:00,25085.75000,25087.75000,25062.00000,25071.25000
2025-10-23T05:00:00+00:00,25072.75000,25093.50000,25053.75000,25091.00000
2025-10-23T06:00:00+00:00,25090.50000,25112.25000,25075.25000,25104.75000
2025-10-23T07:00:00+00:00,25104.50000,25128.00000,25069.00000,25092.25000
2025-10-23T08:00:00+00:00,25091.75000,25115.50000,25069.50000,25084.75000
2025-10-23T09:00:00+00:00,25083.75000,25092.50000,25025.25000,25059.00000
2025-10-23T10:00:00+00:00,25059.50000,25067.50000,25035.25000,25048.75000
2025-10-23T11:00:00+00:00,25049.00000,25053.00000,24962.75000,24973.25000
2025-10-23T12:00:00+00:00,24973.00000,25011.75000,24937.00000,25008.25000
2025-10-23T13:00:00+00:00,25008.00000,25179.75000,24940.75000,25160.50000
2025-10-23T14:00:00+00:00,25160.75000,25198.50000,25084.00000,25189.75000
2025-10-23T15:00:00+00:00,25189.75000,25216.50000,25119.50000,25193.75000
2025-10-23T16:00:00+00:00,25194.75000,25241.25000,25183.75000,25240.00000
2025-10-23T17:00:00+00:00,25240.00000,25283.25000,25189.50000,25278.75000
2025-10-23T18:00:00+00:00,25279.50000,25288.00000,25245.50000,25273.75000
2025-10-23T19:00:00+00:00,25274.25000,25282.50000,25230.50000,25253.00000
2025-10-23T20:00:00+00:00,25253.00000,25296.00000,25247.50000,25278.00000
2025-10-23T22:00:00+00:00,25283.25000,25303.00000,25276.00000,25291.75000
2025-10-23T23:00:00+00:00,25291.75000,25304.50000,25291.00000,25297.25000
2025-10-24T00:00:00+00:00,25298.25000,25305.50000,25284.75000,25301.00000
2025-10-24T01:00:00+00:00,25299.75000,25321.25000,25297.00000,25318.25000
2025-10-24T02:00:00+00:00,25317.50000,25326.00000,25303.25000,25309.25000
2025-10-24T03:00:00+00:00,25310.00000,25330.00000,25305.00000,25328.00000
2025-10-24T04:00:00+00:00,25321.00000,25335.25000,25320.25000,25332.75000
2025-10-24T05:00:00+00:00,25331.50000,25347.50000,25327.50000,25346.50000
2025-10-24T06:00:00+00:00,25346.75000,25381.50000,25345.00000,25360.75000
2025-10-24T07:00:00+00:00,25361.75000,25368.50000,25333.50000,25337.50000
2025-10-24T08:00:00+00:00,25338.00000,25371.25000,25324.00000,25353.75000
2025-10-24T09:00:00+00:00,25352.50000,25393.50000,25352.00000,25377.00000
2025-10-24T10:00:00+00:00,25377.00000,25391.00000,25364.50000,25366.75000
2025-10-24T11:00:00+00:00,25366.00000,25386.25000,25363.00000,25374.25000
2025-10-24T12:00:00+00:00,25374.50000,25523.25000,25344.00000,25458.25000
2025-10-24T13:00:00+00:00,25459.00000,25535.00000,25429.75000,25506.00000
2025-10-24T14:00:00+00:00,25506.00000,25548.75000,25431.50000,25468.75000
2025-10-24T15:00:00+00:00,25467.75000,25546.50000,25456.75000,25523.00000
2025-10-24T16:00:00+00:00,25522.75000,25563.00000,25520.00000,25551.50000
2025-10-24T17:00:00+00:00,25551.00000,25570.75000,25538.75000,25549.25000
2025-10-24T18:00:00+00:00,25549.00000,25555.00000,25528.25000,25544.00000
2025-10-24T19:00:00+00:00,25543.75000,25566.75000,25497.50000,25509.25000
2025-10-24T20:00:00+00:00,25509.00000,25525.75000,25497.75000,25509.25000
2025-10-26T22:00:00+00:00,25723.50000,25768.25000,25509.25000,25721.25000
2025-10-26T23:00:00+00:00,25722.00000,25742.00000,25709.75000,25717.75000
2025-10-27T00:00:00+00:00,25717.00000,25743.75000,25706.75000,25722.75000
2025-10-27T01:00:00+00:00,25723.25000,25732.00000,25711.00000,25717.50000
2025-10-27T02:00:00+00:00,25717.75000,25750.75000,25712.75000,25750.00000
2025-10-27T03:00:00+00:00,25750.25000,25773.00000,25747.75000,25761.00000
2025-10-27T04:00:00+00:00,25760.25000,25768.75000,25753.25000,25762.00000
2025-10-27T05:00:00+00:00,25764.00000,25789.50000,25761.50000,25783.00000
2025-10-27T06:00:00+00:00,25783.00000,25802.00000,25780.00000,25783.75000
2025-10-27T07:00:00+00:00,25782.50000,25816.50000,25779.25000,25793.00000
2025-10-27T08:00:00+00:00,25793.00000,25807.25000,25768.75000,25802.50000
2025-10-27T09:00:00+00:00,25803.75000,25839.50000,25790.00000,25839.50000
2025-10-27T10:00:00+00:00,25839.50000,25852.50000,25829.25000,25838.50000
2025-10-27T11:00:00+00:00,25838.00000,25848.50000,25811.75000,25819.75000
2025-10-27T12:00:00+00:00,25819.50000,25845.75000,25817.25000,25831.00000
2025-10-27T13:00:00+00:00,25830.75000,25859.50000,25796.75000,25848.75000
2025-10-27T14:00:00+00:00,25848.75000,25892.00000,25823.00000,25857.50000
2025-10-27T15:00:00+00:00,25857.75000,25910.00000,25855.50000,25893.00000
2025-10-27T16:00:00+00:00,25893.00000,25918.00000,25889.25000,25913.75000
2025-10-27T17:00:00+00:00,25913.50000,25929.00000,25891.00000,25926.50000
2025-10-27T18:00:00+00:00,25926.75000,25946.25000,25919.50000,25941.50000
2025-10-27T19:00:00+00:00,25941.75000,25981.25000,25920.50000,25960.75000
2025-10-27T20:00:00+00:00,25961.00000,26013.50000,25960.00000,26003.75000
2025-10-27T22:00:00+00:00,26002.50000,26002.75000,25986.00000,25996.00000
2025-10-27T23:00:00+00:00,25996.50000,26018.75000,25993.75000,25995.00000
2025-10-28T00:00:00+00:00,25994.00000,25995.50000,25974.00000,25975.75000
2025-10-28T01:00:00+00:00,25975.25000,25981.50000,25961.75000,25969.50000
2025-10-28T02:00:00+00:00,25968.75000,25981.00000,25963.50000,25977.00000
2025-10-28T03:00:00+00:00,25977.50000,25989.00000,25967.25000,25979.25000
2025-10-28T04:00:00+00:00,25979.00000,25982.00000,25956.25000,25956.75000
2025-10-28T05:00:00+00:00,25957.50000,25967.25000,25946.50000,25961.00000
2025-10-28T06:00:00+00:00,25961.75000,25985.00000,25954.00000,25958.00000
2025-10-28T07:00:00+00:00,25958.50000,25980.75000,25951.75000,25957.75000
2025-10-28T08:00:00+00:00,25958.75000,25973.50000,25943.00000,25968.50000
2025-10-28T09:00:00+00:00,25968.75000,25981.75000,25963.50000,25975.75000
2025-10-28T10:00:00+00:00,25975.50000,25989.50000,25967.75000,25977.50000
2025-10-28T11:00:00+00:00,25978.00000,26004.00000,25977.25000,25993.75000
2025-10-28T12:00:00+00:00,25993.75000,26025.00000,25992.50000,26012.50000
2025-10-28T13:00:00+00:00,26012.25000,26094.75000,26008.25000,26065.00000
2025-10-28T14:00:00+00:00,26065.00000,26076.50000,26008.75000,26035.00000
2025-10-28T15:00:00+00:00,26035.75000,26061.50000,26006.00000,26060.50000
2025-10-28T16:00:00+00:00,26060.75000,26146.25000,26060.50000,26108.50000
2025-10-28T17:00:00+00:00,26108.50000,26158.25000,26102.75000,26153.25000
2025-10-28T18:00:00+00:00,26153.50000,26197.00000,26147.25000,26194.75000
2025-10-28T19:00:00+00:00,26194.75000,26231.50000,26157.75000,26160.00000
2025-10-28T20:00:00+00:00,26160.25000,26178.00000,26150.75000,26172.50000
2025-10-28T22:00:00+00:00,26179.75000,26190.25000,26168.50000,26173.50000
2025-10-28T23:00:00+00:00,26172.25000,26189.75000,26164.50000,26183.50000
2025-10-29T00:00:00+00:00,26184.25000,26194.00000,26166.00000,26175.00000
2025-10-29T01:00:00+00:00,26174.25000,26222.75000,26172.75000,26215.50000
2025-10-29T02:00:00+00:00,26216.00000,26252.50000,26214.25000,26239.25000
2025-10-29T03:00:00+00:00,26239.75000,26250.75000,26224.25000,26244.00000
2025-10-29T04:00:00+00:00,26229.25000,26249.50000,26221.00000,26246.25000
2025-10-29T05:00:00+00:00,26246.25000,26263.75000,26245.00000,26260.75000
2025-10-29T06:00:00+00:00,26261.25000,26290.75000,26256.50000,26280.50000
2025-10-29T07:00:00+00:00,26281.00000,26299.00000,26261.00000,26292.75000
2025-10-29T08:00:00+00:00,26291.75000,26309.50000,26260.25000,26269.75000
2025-10-29T09:00:00+00:00,26268.75000,26271.25000,26226.50000,26237.75000
2025-10-29T10:00:00+00:00,26237.00000,26273.25000,26230.25000,26250.25000
2025-10-29T11:00:00+00:00,26249.50000,26296.75000,26245.50000,26275.50000
2025-10-29T12:00:00+00:00,26274.75000,26288.00000,26244.00000,26260.25000
2025-10-29T13:00:00+00:00,26260.75000,26319.50000,26254.75000,26318.25000
2025-10-29T14:00:00+00:00,26319.00000,26326.50000,26243.50000,26259.50000
2025-10-29T15:00:00+00:00,26260.25000,26278.00000,26218.50000,26237.75000
2025-10-29T16:00:00+00:00,26237.75000,26266.50000,26203.25000,26254.25000
2025-10-29T17:00:00+00:00,26254.00000,26268.25000,26219.00000,26254.00000
2025-10-29T18:00:00+00:00,26255.00000,26290.00000,26049.25000,26184.25000
2025-10-29T19:00:00+00:00,26185.25000,26287.50000,26111.75000,26280.50000
2025-10-29T20:00:00+00:00,26280.50000,26379.75000,26159.75000,26221.00000
2025-10-29T22:00:00+00:00,26154.50000,26255.75000,26150.00000,26200.00000
2025-10-29T23:00:00+00:00,26199.25000,26247.25000,26162.75000,26234.75000
2025-10-30T00:00:00+00:00,26236.25000,26318.25000,26236.25000,26288.75000
2025-10-30T01:00:00+00:00,26288.50000,26311.50000,26260.00000,26298.25000
2025-10-30T02:00:00+00:00,26298.75000,26371.75000,26296.00000,26356.00000
2025-10-30T03:00:00+00:00,26357.00000,26399.00000,26356.25000,26371.00000
2025-10-30T04:00:00+00:00,26322.50000,26323.50000,26140.00000,26206.00000
2025-10-30T05:00:00+00:00,26206.50000,26328.25000,26194.75000,26281.25000
2025-10-30T06:00:00+00:00,26280.50000,26283.50000,26211.75000,26223.75000
2025-10-30T07:00:00+00:00,26224.50000,26285.50000,26190.00000,26269.75000
2025-10-30T08:00:00+00:00,26269.75000,26290.00000,26232.75000,26269.75000
2025-10-30T09:00:00+00:00,26271.50000,26291.25000,26195.25000,26206.25000
2025-10-30T10:00:00+00:00,26205.50000,26244.50000,26197.00000,26231.75000
2025-10-30T11:00:00+00:00,26232.25000,26287.00000,26225.00000,26260.50000
2025-10-30T12:00:00+00:00,26260.50000,26272.50000,26086.25000,26087.25000
2025-10-30T13:00:00+00:00,26087.00000,26147.25000,25942.25000,26125.00000
2025-10-30T14:00:00+00:00,26124.75000,26177.50000,25979.00000,26016.50000
2025-10-30T15:00:00+00:00,26016.25000,26077.00000,25965.25000,25991.00000
2025-10-30T16:00:00+00:00,25991.75000,26097.00000,25985.25000,26073.25000
2025-10-30T17:00:00+00:00,26073.25000,26075.50000,25999.00000,26067.50000
2025-10-30T18:00:00+00:00,26067.50000,26067.50000,25975.25000,25989.00000
2025-10-30T19:00:00+00:00,25989.00000,25993.75000,25869.25000,25872.00000
2025-10-30T20:00:00+00:00,25871.50000,26147.50000,25853.00000,25882.75000
2025-10-30T22:00:00+00:00,26150.50000,26192.00000,26134.50000,26148.50000
2025-10-30T23:00:00+00:00,26149.75000,26175.00000,26127.25000,26170.25000
2025-10-31T00:00:00+00:00,26171.25000,26199.75000,26136.50000,26195.00000
2025-10-31T01:00:00+00:00,26193.75000,26209.00000,26170.00000,26206.75000
2025-10-31T02:00:00+00:00,26207.50000,26213.50000,26164.75000,26185.50000
2025-10-31T03:00:00+00:00,26184.75000,26198.25000,26160.75000,26192.50000
2025-10-31T04:00:00+00:00,26202.75000,26210.00000,26186.75000,26192.25000
2025-10-31T05:00:00+00:00,26192.00000,26194.25000,26160.25000,26165.25000
2025-10-31T06:00:00+00:00,26164.25000,26192.25000,26154.75000,26160.75000
2025-10-31T07:00:00+00:00,26161.00000,26219.75000,26144.00000,26217.50000
2025-10-31T08:00:00+00:00,26217.00000,26218.00000,26157.50000,26197.25000
2025-10-31T09:00:00+00:00,26199.25000,26210.75000,26177.50000,26182.00000
2025-10-31T10:00:00+00:00,26182.25000,26195.50000,26161.75000,26181.00000
2025-10-31T11:00:00+00:00,26181.75000,26232.25000,26166.75000,26220.75000
2025-10-31T12:00:00+00:00,26220.50000,26274.00000,26204.25000,26211.25000
2025-10-31T13:00:00+00:00,26211.50000,26217.00000,26080.25000,26101.75000
2025-10-31T14:00:00+00:00,26102.25000,26182.00000,26060.00000,26164.50000
2025-10-31T15:00:00+00:00,26164.00000,26182.75000,26050.00000,26052.25000
2025-10-31T16:00:00+00:00,26052.25000,26053.50000,25929.75000,25949.50000
2025-10-31T17:00:00+00:00,25949.25000,25980.75000,25888.75000,25947.75000
2025-10-31T18:00:00+00:00,25948.00000,26022.50000,25944.50000,26014.00000
2025-10-31T19:00:00+00:00,26014.50000,26118.25000,25992.00000,25994.00000
2025-10-31T20:00:00+00:00,25993.00000,26004.00000,25967.00000,26004.00000
2025-11-02T23:00:00+00:00,26004.00000,26090.25000,26004.00000,26080.75000
2025-11-03T00:00:00+00:00,26081.75000,26118.00000,26078.75000,26116.00000
2025-11-03T01:00:00+00:00,26116.25000,26123.00000,26087.50000,26089.50000
2025-11-03T02:00:00+00:00,26088.75000,26114.50000,26070.00000,26083.00000
2025-11-03T03:00:00+00:00,26083.00000,26084.75000,26050.75000,26076.00000
2025-11-03T04:00:00+00:00,26075.50000,26086.25000,26065.25000,26082.25000
2025-11-03T05:00:00+00:00,26085.00000,26088.00000,26056.50000,26067.50000
2025-11-03T06:00:00+00:00,26068.25000,26081.75000,26031.75000,26048.00000
2025-11-03T07:00:00+00:00,26047.25000,26049.00000,26017.25000,26031.00000
2025-11-03T08:00:00+00:00,26031.25000,26097.00000,26019.50000,26086.00000
2025-11-03T09:00:00+00:00,26086.75000,26156.00000,26082.25000,26129.25000
2025-11-03T10:00:00+00:00,26131.25000,26163.00000,26123.50000,26138.50000
2025-11-03T11:00:00+00:00,26139.00000,26178.25000,26139.00000,26153.25000
2025-11-03T12:00:00+00:00,26153.00000,26182.00000,26144.00000,26153.00000
2025-11-03T13:00:00+00:00,26152.25000,26191.25000,26133.00000,26189.00000
2025-11-03T14:00:00+00:00,26189.50000,26266.00000,26118.75000,26134.25000
2025-11-03T15:00:00+00:00,26140.50000,26155.75000,26015.50000,26088.50000
2025-11-03T16:00:00+00:00,26088.50000,26128.00000,26043.50000,26118.50000
2025-11-03T17:00:00+00:00,26118.75000,26159.50000,26083.25000,26149.75000
2025-11-03T18:00:00+00:00,26150.00000,26166.25000,26123.75000,26129.50000
2025-11-03T19:00:00+00:00,26129.50000,26138.50000,26066.25000,26116.50000
2025-11-03T20:00:00+00:00,26116.50000,26124.50000,26071.50000,26110.50000
2025-11-03T21:00:00+00:00,26110.50000,26180.00000,26097.25000,26109.50000
2025-11-03T23:00:00+00:00,26104.50000,26104.50000,26060.75000,26069.75000
2025-11-04T00:00:00+00:00,26068.00000,26068.00000,25981.25000,26013.75000
2025-11-04T01:00:00+00:00,26015.00000,26031.00000,25988.75000,26008.50000
2025-11-04T02:00:00+00:00,26007.25000,26008.00000,25940.25000,25941.75000
2025-11-04T03:00:00+00:00,25941.25000,25975.75000,25924.25000,25928.25000
2025-11-04T04:00:00+00:00,25929.00000,25941.75000,25905.50000,25925.00000
2025-11-04T05:00:00+00:00,25917.50000,25922.25000,25807.00000,25821.50000
2025-11-04T06:00:00+00:00,25822.00000,25825.50000,25742.00000,25776.00000
2025-11-04T07:00:00+00:00,25775.25000,25801.50000,25735.50000,25792.25000
2025-11-04T08:00:00+00:00,25791.75000,25791.75000,25729.75000,25765.00000
2025-11-04T09:00:00+00:00,25766.25000,25789.50000,25668.25000,25674.75000
2025-11-04T10:00:00+00:00,25675.00000,25772.75000,25645.00000,25758.25000
2025-11-04T11:00:00+00:00,25758.75000,25792.50000,25747.25000,25766.75000
2025-11-04T12:00:00+00:00,25767.50000,25790.75000,25725.00000,25754.50000
2025-11-04T13:00:00+00:00,25754.25000,25766.00000,25684.50000,25716.25000
2025-11-04T14:00:00+00:00,25715.75000,25880.75000,25663.00000,25875.25000
2025-11-04T15:00:00+00:00,25874.75000,25893.50000,25763.75000,25789.50000
2025-11-04T16:00:00+00:00,25789.00000,25822.75000,25723.25000,25756.25000
2025-11-04T17:00:00+00:00,25756.25000,25757.75000,25642.25000,25679.25000
2025-11-04T18:00:00+00:00,25677.25000,25684.50000,25601.75000,25669.25000
2025-11-04T19:00:00+00:00,25668.00000,25688.25000,25574.25000,25605.25000
2025-11-04T20:00:00+00:00,25605.75000,25642.50000,25544.00000,25579.50000
2025-11-04T21:00:00+00:00,25579.50000,25593.00000,25522.75000,25577.00000
2025-11-04T23:00:00+00:00,25545.00000,25574.25000,25501.75000,25504.25000
2025-11-05T00:00:00+00:00,25503.25000,25503.25000,25407.50000,25410.25000
2025-11-05T01:00:00+00:00,25409.25000,25411.00000,25282.00000,25337.75000
2025-11-05T02:00:00+00:00,25338.50000,25423.75000,25296.00000,25415.25000
2025-11-05T03:00:00+00:00,25416.00000,25520.00000,25415.25000,25516.25000
2025-11-05T04:00:00+00:00,25515.25000,25517.00000,25442.75000,25462.00000
2025-11-05T05:00:00+00:00,25496.25000,25535.50000,25463.75000,25481.75000
2025-11-05T06:00:00+00:00,25481.00000,25554.00000,25456.00000,25529.00000
2025-11-05T07:00:00+00:00,25529.50000,25535.75000,25470.25000,25473.75000
2025-11-05T08:00:00+00:00,25475.25000,25538.00000,25453.50000,25512.75000
2025-11-05T09:00:00+00:00,25513.75000,25552.25000,25480.75000,25519.25000
2025-11-05T10:00:00+00:00,25517.75000,25536.75000,25412.00000,25414.00000
2025-11-05T11:00:00+00:00,25413.00000,25484.50000,25404.00000,25481.75000
2025-11-05T12:00:00+00:00,25480.00000,25536.00000,25458.25000,25529.00000
2025-11-05T13:00:00+00:00,25528.00000,25596.00000,25508.25000,25587.00000
2025-11-05T14:00:00+00:00,25586.75000,25696.00000,25488.00000,25696.00000
2025-11-05T15:00:00+00:00,25680.50000,25736.00000,25615.00000,25720.75000
2025-11-05T16:00:00+00:00,25719.75000,25788.50000,25658.25000,25774.25000
2025-11-05T17:00:00+00:00,25774.00000,25828.25000,25740.25000,25812.25000
2025-11-05T18:00:00+00:00,25811.75000,25872.75000,25804.50000,25864.50000
2025-11-05T19:00:00+00:00,25864.25000,25880.00000,25823.25000,25863.25000
2025-11-05T20:00:00+00:00,25863.25000,25877.75000,25729.50000,25740.75000
2025-11-05T21:00:00+00:00,25741.00000,25764.00000,25694.50000,25729.00000
2025-11-05T23:00:00+00:00,25738.50000,25774.00000,25702.25000,25772.75000
2025-11-06T00:00:00+00:00,25773.00000,25775.00000,25653.00000,25699.25000
2025-11-06T01:00:00+00:00,25696.75000,25697.75000,25617.25000,25673.50000
2025-11-06T02:00:00+00:00,25673.00000,25718.50000,25639.25000,25715.50000
2025-11-06T03:00:00+00:00,25714.50000,25735.75000,25700.25000,25721.00000
2025-11-06T04:00:00+00:00,25719.50000,25742.00000,25704.50000,25738.25000
2025-11-06T05:00:00+00:00,25729.25000,25736.75000,25688.00000,25693.00000
2025-11-06T06:00:00+00:00,25692.25000,25712.50000,25672.50000,25682.75000
2025-11-06T07:00:00+00:00,25682.25000,25716.00000,25643.00000,25646.50000
2025-11-06T08:00:00+00:00,25645.00000,25684.00000,25629.50000,25672.25000
2025-11-06T09:00:00+00:00,25672.50000,25747.00000,25671.00000,25727.25000
2025-11-06T10:00:00+00:00,25728.25000,25778.25000,25725.75000,25752.00000
2025-11-06T11:00:00+00:00,25752.50000,25776.00000,25742.50000,25747.50000
2025-11-06T12:00:00+00:00,25747.25000,25791.00000,25746.25000,25779.50000
2025-11-06T13:00:00+00:00,25778.50000,25822.25000,25761.25000,25766.00000
2025-11-06T14:00:00+00:00,25766.75000,25774.25000,25510.00000,25513.00000
2025-11-06T15:00:00+00:00,25513.25000,25547.00000,25290.75000,25303.00000
2025-11-06T16:00:00+00:00,25302.75000,25370.25000,25201.25000,25220.50000
2025-11-06T17:00:00+00:00,25220.25000,25356.25000,25197.75000,25337.25000
2025-11-06T18:00:00+00:00,25337.25000,25371.25000,25225.50000,25330.25000
2025-11-06T19:00:00+00:00,25331.25000,25438.50000,25321.00000,25404.25000
2025-11-06T20:00:00+00:00,25403.75000,25414.75000,25226.50000,25259.00000
2025-11-06T21:00:00+00:00,25258.75000,25319.00000,25241.75000,25310.50000
2025-11-06T22:00:00+00:00,25311.25000,25311.50000,25311.25000,25311.50000
2025-11-06T23:00:00+00:00,25314.75000,25335.75000,25272.00000,25316.75000
2025-11-07T00:00:00+00:00,25317.00000,25349.75000,25279.25000,25322.00000
2025-11-07T01:00:00+00:00,25324.00000,25332.75000,25201.00000,25271.50000
2025-11-07T02:00:00+00:00,25272.75000,25275.00000,25207.25000,25267.50000
2025-11-07T03:00:00+00:00,25269.25000,25281.50000,25203.00000,25223.00000
2025-11-07T04:00:00+00:00,25222.50000,25265.00000,25162.00000,25253.00000
2025-11-07T05:00:00+00:00,25295.75000,25333.00000,25286.50000,25332.00000
2025-11-07T06:00:00+00:00,25332.50000,25340.75000,25307.25000,25325.50000
2025-11-07T07:00:00+00:00,25326.25000,25349.00000,25313.50000,25336.25000
2025-11-07T08:00:00+00:00,25336.25000,25354.75000,25272.00000,25313.25000
2025-11-07T09:00:00+00:00,25311.75000,25328.50000,25241.25000,25260.00000
2025-11-07T10:00:00+00:00,25259.75000,25277.75000,25185.75000,25219.25000
2025-11-07T11:00:00+00:00,25219.25000,25220.25000,25084.25000,25180.25000
2025-11-07T12:00:00+00:00,25178.50000,25195.50000,25061.75000,25092.75000
2025-11-07T13:00:00+00:00,25092.50000,25147.25000,25066.75000,25111.50000
2025-11-07T14:00:00+00:00,25111.25000,25124.00000,24917.75000,25028.00000
2025-11-07T15:00:00+00:00,25018.00000,25045.00000,24823.00000,24823.50000
2025-11-07T16:00:00+00:00,24822.75000,24861.00000,24718.75000,24746.75000
2025-11-07T17:00:00+00:00,24745.75000,24864.50000,24709.25000,24841.25000
2025-11-07T18:00:00+00:00,24841.50000,24953.50000,24821.25000,24922.50000
2025-11-07T19:00:00+00:00,24922.50000,25116.75000,24900.75000,25114.50000
2025-11-07T20:00:00+00:00,25113.75000,25173.00000,25023.50000,25164.50000
2025-11-07T21:00:00+00:00,25164.75000,25226.75000,25160.75000,25166.25000
2025-11-09T23:00:00+00:00,25337.50000,25357.50000,25166.25000,25335.25000
2025-11-10T00:00:00+00:00,25336.00000,25345.50000,25269.00000,25330.75000
2025-11-10T01:00:00+00:00,25329.25000,25437.00000,25326.25000,25428.50000
2025-11-10T02:00:00+00:00,25428.75000,25449.00000,25409.00000,25432.00000
2025-11-10T03:00:00+00:00,25431.75000,25489.00000,25431.25000,25461.00000
2025-11-10T04:00:00+00:00,25460.75000,25486.00000,25455.25000,25470.75000
2025-11-10T05:00:00+00:00,25466.75000,25496.75000,25466.75000,25483.75000
2025-11-10T06:00:00+00:00,25483.25000,25503.50000,25466.50000,25470.50000
2025-11-10T07:00:00+00:00,25469.50000,25499.50000,25463.25000,25489.50000
2025-11-10T08:00:00+00:00,25490.00000,25540.25000,25457.00000,25532.00000
2025-11-10T09:00:00+00:00,25532.50000,25569.50000,25518.00000,25553.00000
2025-11-10T10:00:00+00:00,25554.50000,25558.25000,25525.75000,25529.00000
2025-11-10T11:00:00+00:00,25530.25000,25546.50000,25504.00000,25545.75000
2025-11-10T12:00:00+00:00,25546.25000,25551.50000,25513.00000,25538.25000
2025-11-10T13:00:00+00:00,25540.25000,25559.00000,25519.50000,25556.00000
2025-11-10T14:00:00+00:00,25555.75000,25657.25000,25521.50000,25638.25000
2025-11-10T15:00:00+00:00,25637.25000,25666.50000,25516.50000,25524.00000
2025-11-10T16:00:00+00:00,25523.75000,25537.75000,25452.50000,25521.25000
2025-11-10T17:00:00+00:00,25521.25000,25647.25000,25507.50000,25635.00000
2025-11-10T18:00:00+00:00,25635.50000,25682.50000,25628.75000,25646.75000
2025-11-10T19:00:00+00:00,25647.25000,25716.50000,25642.50000,25702.00000
2025-11-10T20:00:00+00:00,25702.25000,25760.50000,25696.75000,25712.50000
2025-11-10T21:00:00+00:00,25714.00000,25746.25000,25707.00000,25720.75000
2025-11-10T23:00:00+00:00,25722.25000,25746.00000,25701.00000,25742.00000
2025-11-11T00:00:00+00:00,25741.75000,25768.75000,25729.25000,25739.00000
2025-11-11T01:00:00+00:00,25740.75000,25768.25000,25733.50000,25743.50000
2025-11-11T02:00:00+00:00,25743.25000,25754.50000,25720.25000,25736.00000
2025-11-11T03:00:00+00:00,25736.00000,25745.75000,25717.25000,25737.25000
2025-11-11T04:00:00+00:00,25736.75000,25740.75000,25683.00000,25683.50000
2025-11-11T05:00:00+00:00,25671.00000,25682.75000,25652.75000,25654.00000
2025-11-11T06:00:00+00:00,25653.00000,25705.00000,25652.00000,25683.75000
2025-11-11T07:00:00+00:00,25684.75000,25690.25000,25646.00000,25652.00000
2025-11-11T08:00:00+00:00,25653.25000,25682.75000,25630.25000,25632.75000
2025-11-11T09:00:00+00:00,25635.75000,25654.75000,25596.75000,25602.25000
2025-11-11T10:00:00+00:00,25602.25000,25632.75000,25596.25000,25620.75000
2025-11-11T11:00:00+00:00,25621.25000,25647.75000,25608.50000,25623.00000
2025-11-11T12:00:00+00:00,25623.25000,25639.75000,25582.25000,25591.00000
2025-11-11T13:00:00+00:00,25591.50000,25627.25000,25571.75000,25597.00000
2025-11-11T14:00:00+00:00,25596.75000,25646.00000,25560.25000,25627.00000
2025-11-11T15:00:00+00:00,25626.75000,25628.00000,25486.50000,25513.00000
2025-11-11T16:00:00+00:00,25513.00000,25591.50000,25478.50000,25510.25000
2025-11-11T17:00:00+00:00,25510.25000,25631.25000,25506.75000,25618.00000
2025-11-11T18:00:00+00:00,25617.50000,25696.25000,25607.25000,25690.50000
2025-11-11T19:00:00+00:00,25690.50000,25691.25000,25637.75000,25663.25000
2025-11-11T20:00:00+00:00,25663.75000,25688.50000,25619.75000,25646.50000
2025-11-11T21:00:00+00:00,25647.00000,25687.50000,25626.75000,25659.00000
2025-11-11T23:00:00+00:00,25668.00000,25673.50000,25629.50000,25650.25000
2025-11-12T00:00:00+00:00,25650.50000,25699.50000,25649.25000,25684.50000
2025-11-12T01:00:00+00:00,25685.50000,25738.50000,25679.00000,25731.00000
2025-11-12T02:00:00+00:00,25731.00000,25761.50000,25708.50000,25725.00000
2025-11-12T03:00:00+00:00,25725.50000,25734.50000,25709.50000,25729.00000
2025-11-12T04:00:00+00:00,25728.50000,25732.00000,25694.25000,25713.50000
2025-11-12T05:00:00+00:00,25724.00000,25754.75000,25717.50000,25743.75000
2025-11-12T06:00:00+00:00,25742.50000,25775.50000,25740.75000,25771.00000
2025-11-12T07:00:00+00:00,25772.00000,25813.00000,25772.00000,25778.25000
2025-11-12T08:00:00+00:00,25779.00000,25810.75000,25764.00000,25793.25000
2025-11-12T09:00:00+00:00,25793.00000,25826.00000,25770.50000,25819.50000
2025-11-12T10:00:00+00:00,25818.25000,25830.00000,25779.50000,25797.25000
2025-11-12T11:00:00+00:00,25797.50000,25804.25000,25729.50000,25736.25000
2025-11-12T12:00:00+00:00,25737.25000,25803.50000,25721.00000,25792.25000
2025-11-12T13:00:00+00:00,25791.25000,25812.50000,25787.25000,25800.50000
2025-11-12T14:00:00+00:00,25800.75000,25801.00000,25561.50000,25593.25000
2025-11-12T15:00:00+00:00,25593.50000,25660.00000,25528.50000,25557.00000
2025-11-12T16:00:00+00:00,25557.25000,25608.50000,25488.75000,25532.00000
2025-11-12T17:00:00+00:00,25532.25000,25629.00000,25518.00000,25608.75000
2025-11-12T18:00:00+00:00,25608.75000,25637.25000,25582.75000,25612.50000
2025-11-12T19:00:00+00:00,25613.00000,25624.50000,25552.25000,25580.25000
2025-11-12T20:00:00+00:00,25580.25000,25651.50000,25545.00000,25625.25000
2025-11-12T21:00:00+00:00,25625.75000,25654.50000,25619.50000,25625.00000
2025-11-12T23:00:00+00:00,25624.00000,25635.25000,25501.50000,25542.00000
2025-11-13T00:00:00+00:00,25542.00000,25600.00000,25538.50000,25564.25000
2025-11-13T01:00:00+00:00,25564.50000,25720.00000,25557.50000,25691.50000
2025-11-13T02:00:00+00:00,25691.00000,25702.00000,25645.00000,25659.00000
2025-11-13T03:00:00+00:00,25659.75000,25693.25000,25633.50000,25677.00000
2025-11-13T04:00:00+00:00,25675.50000,25699.25000,25664.50000,25691.75000
2025-11-13T05:00:00+00:00,25698.00000,25710.00000,25692.25000,25697.25000
2025-11-13T06:00:00+00:00,25696.50000,25721.50000,25684.50000,25711.50000
2025-11-13T07:00:00+00:00,25711.25000,25721.25000,25663.00000,25667.25000
2025-11-13T08:00:00+00:00,25667.25000,25687.25000,25643.50000,25677.75000
2025-11-13T09:00:00+00:00,25677.75000,25684.25000,25531.25000,25567.75000
2025-11-13T10:00:00+00:00,25567.75000,25629.25000,25562.00000,25597.50000
2025-11-13T11:00:00+00:00,25597.00000,25627.00000,25548.00000,25590.75000
2025-11-13T12:00:00+00:00,25590.00000,25615.75000,25550.50000,25585.50000
2025-11-13T13:00:00+00:00,25585.50000,25597.00000,25491.75000,25497.25000
2025-11-13T14:00:00+00:00,25497.75000,25509.50000,25280.50000,25381.25000
2025-11-13T15:00:00+00:00,25382.00000,25496.75000,25197.00000,25258.50000
2025-11-13T16:00:00+00:00,25257.75000,25277.75000,25159.00000,25192.50000
2025-11-13T17:00:00+00:00,25192.50000,25254.75000,25125.75000,25136.00000
2025-11-13T18:00:00+00:00,25137.50000,25166.00000,25012.75000,25070.50000
2025-11-13T19:00:00+00:00,25070.00000,25132.50000,25002.50000,25054.50000
2025-11-13T20:00:00+00:00,25054.25000,25145.00000,25015.00000,25100.25000
2025-11-13T21:00:00+00:00,25100.00000,25167.00000,25079.50000,25087.50000
2025-11-13T23:00:00+00:00,25095.25000,25151.75000,25087.75000,25108.75000
2025-11-14T00:00:00+00:00,25108.25000,25143.75000,25095.00000,25105.75000
2025-11-14T01:00:00+00:00,25106.00000,25149.25000,25103.50000,25118.75000
2025-11-14T02:00:00+00:00,25118.50000,25159.75000,25118.00000,25134.25000
2025-11-14T03:00:00+00:00,25134.25000,25144.25000,25085.50000,25110.50000
2025-11-14T04:00:00+00:00,25111.00000,25117.75000,25026.50000,25027.50000
2025-11-14T05:00:00+00:00,25024.75000,25118.25000,24973.25000,25101.25000
2025-11-14T06:00:00+00:00,25100.25000,25103.50000,25005.00000,25069.50000
2025-11-14T07:00:00+00:00,25067.50000,25073.75000,24932.50000,25000.25000
2025-11-14T08:00:00+00:00,25000.75000,25012.00000,24900.25000,24984.50000
2025-11-14T09:00:00+00:00,24984.00000,25039.75000,24928.75000,24941.00000
2025-11-14T10:00:00+00:00,24938.75000,24994.25000,24927.50000,24944.75000
2025-11-14T11:00:00+00:00,24943.50000,24943.50000,24775.75000,24828.50000
2025-11-14T12:00:00+00:00,24830.00000,24833.00000,24670.50000,24724.25000
2025-11-14T13:00:00+00:00,24724.00000,24766.25000,24657.00000,24716.75000
2025-11-14T14:00:00+00:00,24717.00000,24970.25000,24626.50000,24953.00000
2025-11-14T15:00:00+00:00,24953.00000,25179.00000,24863.25000,25143.00000
2025-11-14T16:00:00+00:00,25142.50000,25268.25000,25069.00000,25247.75000
2025-11-14T17:00:00+00:00,25247.75000,25293.25000,25160.25000,25203.50000
2025-11-14T18:00:00+00:00,25204.00000,25224.25000,25088.25000,25172.75000
2025-11-14T19:00:00+00:00,25172.50000,25241.75000,25124.50000,25228.00000
2025-11-14T20:00:00+00:00,25228.00000,25251.25000,25071.25000,25103.25000
2025-11-14T21:00:00+00:00,25105.50000,25162.50000,25076.00000,25140.00000
2025-11-16T23:00:00+00:00,25073.00000,25188.25000,25056.50000,25170.75000
2025-11-17T00:00:00+00:00,25169.25000,25243.50000,25114.00000,25232.25000
2025-11-17T01:00:00+00:00,25231.75000,25257.50000,25197.75000,25198.00000
2025-11-17T02:00:00+00:00,25199.75000,25259.25000,25199.75000,25252.75000
2025-11-17T03:00:00+00:00,25251.00000,25269.75000,25236.50000,25265.50000
2025-11-17T04:00:00+00:00,25265.50000,25284.75000,25257.00000,25273.00000
2025-11-17T05:00:00+00:00,25275.25000,25286.25000,25240.75000,25246.25000
2025-11-17T06:00:00+00:00,25246.75000,25271.25000,25229.00000,25238.00000
2025-11-17T07:00:00+00:00,25236.25000,25327.75000,25231.00000,25312.25000
2025-11-17T08:00:00+00:00,25314.50000,25361.25000,25302.25000,25355.25000
2025-11-17T09:00:00+00:00,25355.25000,25360.50000,25264.50000,25284.25000
2025-11-17T10:00:00+00:00,25284.00000,25290.75000,25168.75000,25199.00000
2025-11-17T11:00:00+00:00,25199.25000,25244.50000,25170.50000,25202.75000
2025-11-17T12:00:00+00:00,25203.25000,25203.50000,25112.00000,25131.00000
2025-11-17T13:00:00+00:00,25131.00000,25139.50000,25010.00000,25078.25000
2025-11-17T14:00:00+00:00,25078.50000,25254.00000,24955.00000,25198.50000
2025-11-17T15:00:00+00:00,25199.25000,25216.00000,25053.75000,25080.50000
2025-11-17T16:00:00+00:00,25080.50000,25201.00000,24945.00000,25196.75000
2025-11-17T17:00:00+00:00,25196.25000,25199.75000,24997.00000,25001.00000
2025-11-17T18:00:00+00:00,25001.00000,25050.75000,24886.75000,24895.25000
2025-11-17T19:00:00+00:00,24895.50000,24911.50000,24754.25000,24756.25000
2025-11-17T20:00:00+00:00,24756.25000,24890.75000,24731.75000,24887.50000
2025-11-17T21:00:00+00:00,24889.50000,24926.25000,24877.25000,24905.50000
2025-11-17T23:00:00+00:00,24905.50000,24954.50000,24882.00000,24920.50000
2025-11-18T00:00:00+00:00,24920.75000,24938.00000,24830.25000,24851.50000
2025-11-18T01:00:00+00:00,24852.50000,24959.50000,24852.50000,24934.75000
2025-11-18T02:00:00+00:00,24934.50000,24953.75000,24838.00000,24840.25000
2025-11-18T03:00:00+00:00,24839.75000,24841.00000,24762.00000,24785.50000
2025-11-18T04:00:00+00:00,24784.75000,24784.75000,24607.00000,24732.50000
2025-11-18T05:00:00+00:00,24744.00000,24767.50000,24707.25000,24709.50000
2025-11-18T06:00:00+00:00,24710.25000,24747.50000,24640.25000,24660.25000
2025-11-18T07:00:00+00:00,24659.00000,24741.75000,24603.75000,24699.75000
2025-11-18T08:00:00+00:00,24699.50000,24857.00000,24697.00000,24802.25000
2025-11-18T09:00:00+00:00,24803.25000,24859.50000,24767.00000,24837.25000
2025-11-18T10:00:00+00:00,24836.75000,24847.00000,24788.25000,24827.50000
2025-11-18T11:00:00+00:00,24825.25000,24836.75000,24760.50000,24800.75000
2025-11-18T12:00:00+00:00,24800.75000,24802.00000,24659.50000,24692.50000
2025-11-18T13:00:00+00:00,24694.50000,24771.00000,24694.50000,24731.75000
2025-11-18T14:00:00+00:00,24731.75000,24832.00000,24522.00000,24522.50000
2025-11-18T15:00:00+00:00,24521.75000,24613.00000,24430.00000,24458.50000
2025-11-18T16:00:00+00:00,24458.75000,24697.00000,24380.00000,24653.25000
2025-11-18T17:00:00+00:00,24653.00000,24783.25000,24493.50000,24752.75000
2025-11-18T18:00:00+00:00,24754.00000,24804.50000,24692.00000,24708.75000
2025-11-18T19:00:00+00:00,24710.25000,24810.25000,24686.00000,24775.50000
2025-11-18T20:00:00+00:00,24775.25000,24795.75000,24579.00000,24583.00000
2025-11-18T21:00:00+00:00,24585.25000,24593.25000,24524.25000,24531.25000
2025-11-18T23:00:00+00:00,24551.00000,24635.25000,24540.75000,24590.50000
2025-11-19T00:00:00+00:00,24588.50000,24601.50000,24497.50000,24557.00000
2025-11-19T01:00:00+00:00,24557.25000,24628.00000,24510.25000,24551.00000
2025-11-19T02:00:00+00:00,24552.50000,24648.50000,24552.25000,24646.50000
2025-11-19T03:00:00+00:00,24647.00000,24655.50000,24534.75000,24542.75000
2025-11-19T04:00:00+00:00,24542.75000,24562.75000,24492.25000,24525.25000
2025-11-19T05:00:00+00:00,24532.75000,24558.75000,24445.00000,24534.75000
2025-11-19T06:00:00+00:00,24534.75000,24572.75000,24521.00000,24553.25000
2025-11-19T07:00:00+00:00,24551.00000,24626.25000,24531.75000,24607.75000
2025-11-19T08:00:00+00:00,24607.25000,24652.00000,24571.00000,24590.75000
2025-11-19T09:00:00+00:00,24590.25000,24682.50000,24570.00000,24676.50000
2025-11-19T10:00:00+00:00,24676.50000,24710.25000,24663.00000,24700.25000
2025-11-19T11:00:00+00:00,24699.50000,24733.25000,24688.00000,24693.00000
2025-11-19T12:00:00+00:00,24691.75000,24722.25000,24673.00000,24695.25000
2025-11-19T13:00:00+00:00,24695.50000,24709.00000,24640.75000,24664.75000
2025-11-19T14:00:00+00:00,24664.75000,24903.75000,24572.50000,24893.75000
2025-11-19T15:00:00+00:00,24894.00000,24988.00000,24748.00000,24769.50000
2025-11-19T16:00:00+00:00,24768.75000,24786.50000,24648.75000,24714.50000
2025-11-19T17:00:00+00:00,24714.50000,24721.25000,24507.00000,24635.25000
2025-11-19T18:00:00+00:00,24633.50000,24713.25000,24587.25000,24686.75000
2025-11-19T19:00:00+00:00,24688.25000,24701.25000,24571.00000,24658.50000
2025-11-19T20:00:00+00:00,24656.75000,24830.25000,24644.50000,24725.00000
2025-11-19T21:00:00+00:00,24725.00000,24976.25000,24675.75000,24958.75000
2025-11-19T23:00:00+00:00,24966.75000,25110.75000,24955.25000,25108.75000
2025-11-20T00:00:00+00:00,25107.75000,25162.00000,25087.25000,25128.50000
2025-11-20T01:00:00+00:00,25126.50000,25166.75000,25102.75000,25156.25000
2025-11-20T02:00:00+00:00,25156.00000,25170.75000,25129.00000,25168.00000
2025-11-20T03:00:00+00:00,25167.75000,25196.00000,25139.00000,25168.50000
2025-11-20T04:00:00+00:00,25168.50000,25188.25000,25151.25000,25186.00000
2025-11-20T05:00:00+00:00,25207.50000,25209.00000,25157.75000,25167.75000
2025-11-20T06:00:00+00:00,25169.00000,25185.00000,25133.00000,25175.00000
2025-11-20T07:00:00+00:00,25176.00000,25207.00000,25137.50000,25150.50000
2025-11-20T08:00:00+00:00,25150.25000,25185.00000,25120.75000,25133.50000
2025-11-20T09:00:00+00:00,25133.50000,25144.50000,25045.75000,25058.50000
2025-11-20T10:00:00+00:00,25061.50000,25126.25000,25022.25000,25113.50000
2025-11-20T11:00:00+00:00,25113.50000,25132.00000,25047.25000,25087.25000
2025-11-20T12:00:00+00:00,25089.50000,25158.25000,25060.75000,25156.25000
2025-11-20T13:00:00+00:00,25156.00000,25264.75000,25120.75000,25229.50000
2025-11-20T14:00:00+00:00,25230.00000,25291.50000,25146.25000,25274.25000
2025-11-20T15:00:00+00:00,25275.00000,25310.00000,25156.75000,25162.75000
2025-11-20T16:00:00+00:00,25162.75000,25164.75000,24512.00000,24554.75000
2025-11-20T17:00:00+00:00,24554.00000,24641.25000,24308.50000,24395.00000
2025-11-20T18:00:00+00:00,24395.25000,24598.75000,24235.50000,24278.50000
2025-11-20T19:00:00+00:00,24278.75000,24402.00000,24205.00000,24396.50000
2025-11-20T20:00:00+00:00,24396.25000,24396.25000,24098.00000,24137.25000
2025-11-20T21:00:00+00:00,24138.25000,24142.75000,24073.25000,24073.75000
2025-11-20T23:00:00+00:00,24110.00000,24166.25000,24018.00000,24136.75000
2025-11-21T00:00:00+00:00,24133.75000,24206.00000,24111.25000,24182.50000
2025-11-21T01:00:00+00:00,24183.50000,24235.25000,24165.25000,24206.25000
2025-11-21T02:00:00+00:00,24206.00000,24219.50000,24155.75000,24172.75000
2025-11-21T03:00:00+00:00,24172.25000,24238.50000,24159.50000,24192.25000
2025-11-21T04:00:00+00:00,24192.75000,24202.75000,24095.00000,24158.25000
2025-11-21T05:00:00+00:00,24179.00000,24210.00000,24127.50000,24141.00000
2025-11-21T06:00:00+00:00,24141.75000,24201.75000,24129.00000,24174.25000
2025-11-21T07:00:00+00:00,24174.25000,24199.00000,24060.25000,24078.25000
2025-11-21T08:00:00+00:00,24078.75000,24215.00000,24078.50000,24207.00000
2025-11-21T09:00:00+00:00,24207.75000,24217.00000,24030.00000,24035.25000
2025-11-21T10:00:00+00:00,24034.50000,24095.50000,23904.50000,24092.25000
2025-11-21T11:00:00+00:00,24091.25000,24153.25000,24010.25000,24055.50000
2025-11-21T12:00:00+00:00,24056.50000,24261.50000,23952.50000,24190.75000
2025-11-21T13:00:00+00:00,24191.75000,24292.00000,24144.50000,24244.50000
2025-11-21T14:00:00+00:00,24242.00000,24298.00000,24101.50000,24174.25000
2025-11-21T15:00:00+00:00,24174.25000,24228.50000,23927.25000,24021.75000
2025-11-21T16:00:00+00:00,24021.00000,24373.25000,23935.00000,24372.25000
2025-11-21T17:00:00+00:00,24371.75000,24415.50000,24305.50000,24350.25000
2025-11-21T18:00:00+00:00,24350.50000,24559.50000,24203.50000,24477.25000
2025-11-21T19:00:00+00:00,24477.50000,24596.25000,24427.50000,24458.75000
2025-11-21T20:00:00+00:00,24458.75000,24496.25000,24285.00000,24313.75000
2025-11-21T21:00:00+00:00,24312.00000,24358.25000,24302.75000,24347.50000
2025-11-23T23:00:00+00:00,24495.00000,24521.75000,24455.25000,24471.50000
2025-11-24T00:00:00+00:00,24470.25000,24475.00000,24404.00000,24447.25000
2025-11-24T01:00:00+00:00,24445.50000,24482.75000,24414.75000,24450.25000
2025-11-24T02:00:00+00:00,24450.25000,24516.25000,24433.50000,24515.25000
2025-11-24T03:00:00+00:00,24516.50000,24522.75000,24474.25000,24484.75000
2025-11-24T04:00:00+00:00,24483.00000,24491.50000,24431.75000,24454.75000
2025-11-24T05:00:00+00:00,24452.00000,24511.00000,24445.00000,24495.50000
2025-11-24T06:00:00+00:00,24496.25000,24501.50000,24462.00000,24475.50000
2025-11-24T07:00:00+00:00,24475.00000,24525.00000,24450.50000,24513.50000
2025-11-24T08:00:00+00:00,24513.00000,24563.25000,24456.25000,24552.75000
2025-11-24T09:00:00+00:00,24551.75000,24562.25000,24365.00000,24422.75000
2025-11-24T10:00:00+00:00,24424.00000,24438.75000,24361.75000,24402.50000
2025-11-24T11:00:00+00:00,24401.25000,24462.50000,24378.00000,24455.75000
2025-11-24T12:00:00+00:00,24455.00000,24516.25000,24423.00000,24505.75000
2025-11-24T13:00:00+00:00,24505.25000,24564.00000,24491.00000,24499.25000
2025-11-24T14:00:00+00:00,24498.00000,24722.75000,24495.25000,24683.50000
2025-11-24T15:00:00+00:00,24683.00000,24817.25000,24664.00000,24780.25000
2025-11-24T16:00:00+00:00,24780.00000,24889.75000,24779.50000,24846.25000
2025-11-24T17:00:00+00:00,24847.00000,24939.75000,24829.00000,24920.50000
2025-11-24T18:00:00+00:00,24920.25000,24953.75000,24914.00000,24925.50000
2025-11-24T19:00:00+00:00,24925.25000,24961.00000,24893.00000,24914.00000
2025-11-24T20:00:00+00:00,24914.25000,24993.50000,24912.75000,24936.50000
2025-11-24T21:00:00+00:00,24929.25000,24975.50000,24925.50000,24962.75000
2025-11-24T23:00:00+00:00,24966.25000,24986.50000,24950.75000,24960.00000
2025-11-25T00:00:00+00:00,24959.25000,24967.50000,24918.75000,24958.25000
2025-11-25T01:00:00+00:00,24957.75000,24962.50000,24919.25000,24923.50000
2025-11-25T02:00:00+00:00,24924.25000,24956.00000,24920.75000,24947.00000
2025-11-25T03:00:00+00:00,24947.75000,24959.00000,24915.25000,24922.50000
2025-11-25T04:00:00+00:00,24924.00000,24953.75000,24920.75000,24932.50000
2025-11-25T05:00:00+00:00,24940.00000,24955.25000,24913.25000,24921.00000
2025-11-25T06:00:00+00:00,24921.25000,24938.75000,24894.50000,24901.50000
2025-11-25T07:00:00+00:00,24902.25000,24937.75000,24880.75000,24914.25000
2025-11-25T08:00:00+00:00,24913.75000,24931.00000,24856.50000,24865.50000
2025-11-25T09:00:00+00:00,24867.00000,24899.25000,24822.00000,24857.75000
2025-11-25T10:00:00+00:00,24857.50000,24893.50000,24835.75000,24886.25000
2025-11-25T11:00:00+00:00,24887.75000,24897.75000,24844.75000,24875.00000
2025-11-25T12:00:00+00:00,24874.50000,24975.25000,24866.25000,24910.25000
2025-11-25T13:00:00+00:00,24910.25000,24960.00000,24873.50000,24883.50000
2025-11-25T14:00:00+00:00,24884.00000,24892.75000,24602.00000,24817.00000
2025-11-25T15:00:00+00:00,24819.00000,24873.00000,24655.50000,24818.00000
2025-11-25T16:00:00+00:00,24818.25000,24913.50000,24773.50000,24899.25000
2025-11-25T17:00:00+00:00,24899.25000,25060.75000,24893.75000,24986.25000
2025-11-25T18:00:00+00:00,24986.50000,25049.50000,24982.75000,25023.75000
2025-11-25T19:00:00+00:00,25024.00000,25033.25000,24938.00000,25013.75000
2025-11-25T20:00:00+00:00,25014.50000,25135.25000,25012.50000,25079.75000
2025-11-25T21:00:00+00:00,25080.25000,25099.75000,25059.50000,25085.50000
2025-11-25T23:00:00+00:00,25071.25000,25094.00000,25061.25000,25086.25000
2025-11-26T00:00:00+00:00,25085.75000,25127.00000,25066.50000,25120.25000
2025-11-26T01:00:00+00:00,25120.00000,25171.00000,25111.25000,25166.00000
2025-11-26T02:00:00+00:00,25165.25000,25183.75000,25156.25000,25181.75000
2025-11-26T03:00:00+00:00,25182.50000,25196.50000,25168.25000,25180.75000
2025-11-26T04:00:00+00:00,25181.25000,25188.50000,25160.50000,25169.50000
2025-11-26T05:00:00+00:00,25186.00000,25202.50000,25181.50000,25199.50000
2025-11-26T06:00:00+00:00,25200.00000,25221.50000,25186.75000,25211.25000
2025-11-26T07:00:00+00:00,25211.00000,25235.75000,25208.75000,25212.00000
2025-11-26T08:00:00+00:00,25212.50000,25224.75000,25171.00000,25172.50000
2025-11-26T09:00:00+00:00,25172.50000,25175.00000,25137.50000,25148.50000
2025-11-26T10:00:00+00:00,25149.75000,25203.50000,25148.50000,25197.00000
2025-11-26T11:00:00+00:00,25196.25000,25215.25000,25173.75000,25179.50000
2025-11-26T12:00:00+00:00,25178.75000,25185.00000,25118.50000,25175.00000
2025-11-26T13:00:00+00:00,25175.50000,25220.50000,25168.00000,25214.00000
2025-11-26T14:00:00+00:00,25214.25000,25280.25000,25155.25000,25167.50000
2025-11-26T15:00:00+00:00,25167.00000,25271.50000,25133.75000,25268.00000
2025-11-26T16:00:00+00:00,25268.25000,25376.00000,25263.25000,25354.25000
2025-11-26T17:00:00+00:00,25355.00000,25369.25000,25313.25000,25338.75000
2025-11-26T18:00:00+00:00,25339.00000,25360.00000,25281.00000,25316.50000
2025-11-26T19:00:00+00:00,25316.50000,25355.25000,25297.75000,25332.50000
2025-11-26T20:00:00+00:00,25332.50000,25360.75000,25294.75000,25296.25000
2025-11-26T21:00:00+00:00,25296.50000,25331.50000,25293.25000,25314.00000
2025-11-26T23:00:00+00:00,25313.00000,25336.75000,25312.00000,25323.75000
2025-11-27T00:00:00+00:00,25323.50000,25333.25000,25315.00000,25330.25000
2025-11-27T01:00:00+00:00,25330.75000,25339.25000,25304.00000,25333.75000
2025-11-27T02:00:00+00:00,25334.75000,25338.50000,25314.75000,25316.25000
2025-11-27T03:00:00+00:00,25316.75000,25324.00000,25305.00000,25313.50000
2025-11-27T04:00:00+00:00,25313.00000,25326.00000,25308.75000,25323.25000
2025-11-28T14:30:00+00:00,25373.00000,25422.00000,25331.00000,25369.25000
2025-11-28T15:30:00+00:00,25370.50000,25421.75000,25352.25000,25409.50000
2025-11-28T16:30:00+00:00,25409.00000,25436.25000,25367.50000,25426.25000
2025-11-28T17:30:00+00:00,25426.75000,25490.50000,25394.25000,25487.00000
2025-11-30T23:00:00+00:00,25498.50000,25524.25000,25442.75000,25466.25000
2025-12-01T00:00:00+00:00,25467.50000,25471.00000,25305.25000,25321.00000
2025-12-01T01:00:00+00:00,25320.75000,25344.25000,25266.00000,25318.25000
2025-12-01T02:00:00+00:00,25319.00000,25327.75000,25267.50000,25282.75000
2025-12-01T03:00:00+00:00,25281.25000,25283.75000,25237.25000,25260.25000
2025-12-01T04:00:00+00:00,25258.50000,25266.00000,25227.25000,25235.25000
2025-12-01T05:00:00+00:00,25231.00000,25257.50000,25193.25000,25252.00000
2025-12-01T06:00:00+00:00,25251.25000,25271.25000,25232.25000,25267.75000
2025-12-01T07:00:00+00:00,25268.00000,25285.00000,25238.25000,25280.00000
2025-12-01T08:00:00+00:00,25278.75000,25342.75000,25268.00000,25307.75000
2025-12-01T09:00:00+00:00,25308.00000,25341.50000,25273.25000,25283.25000
2025-12-01T10:00:00+00:00,25282.25000,25333.50000,25282.25000,25313.00000
2025-12-01T11:00:00+00:00,25312.50000,25319.75000,25279.75000,25295.00000
2025-12-01T12:00:00+00:00,25296.00000,25307.50000,25210.75000,25226.00000
2025-12-01T13:00:00+00:00,25226.75000,25270.75000,25214.75000,25266.00000
2025-12-01T14:00:00+00:00,25266.00000,25379.50000,25209.25000,25365.50000
2025-12-01T15:00:00+00:00,25365.75000,25420.00000,25267.50000,25412.75000
2025-12-01T16:00:00+00:00,25413.00000,25451.00000,25322.50000,25435.50000
2025-12-01T17:00:00+00:00,25434.75000,25495.75000,25414.25000,25450.50000
2025-12-01T18:00:00+00:00,25450.75000,25492.75000,25446.50000,25486.50000
2025-12-01T19:00:00+00:00,25486.75000,25488.00000,25357.00000,25373.75000
2025-12-01T20:00:00+00:00,25373.75000,25421.25000,25365.00000,25402.00000
2025-12-01T21:00:00+00:00,25402.00000,25413.50000,25383.25000,25399.75000
2025-12-01T23:00:00+00:00,25411.50000,25425.00000,25378.50000,25398.75000
2025-12-02T00:00:00+00:00,25399.00000,25419.50000,25383.00000,25408.00000
2025-12-02T01:00:00+00:00,25408.00000,25445.00000,25400.00000,25413.50000
2025-12-02T02:00:00+00:00,25413.00000,25432.25000,25386.00000,25424.00000
2025-12-02T03:00:00+00:00,25423.75000,25426.50000,25348.25000,25391.00000
2025-12-02T04:00:00+00:00,25390.50000,25400.00000,25366.50000,25369.00000
2025-12-02T05:00:00+00:00,25376.25000,25380.00000,25359.50000,25373.00000
2025-12-02T06:00:00+00:00,25373.00000,25386.75000,25334.25000,25368.50000
2025-12-02T07:00:00+00:00,25369.50000,25388.00000,25351.00000,25358.75000
2025-12-02T08:00:00+00:00,25357.00000,25426.75000,25324.75000,25421.00000
2025-12-02T09:00:00+00:00,25420.50000,25451.50000,25418.75000,25442.25000
2025-12-02T10:00:00+00:00,25441.50000,25499.75000,25436.50000,25490.00000
2025-12-02T11:00:00+00:00,25489.50000,25508.75000,25476.25000,25481.25000
2025-12-02T12:00:00+00:00,25481.25000,25501.25000,25458.00000,25498.75000
2025-12-02T13:00:00+00:00,25498.50000,25514.75000,25480.50000,25506.75000
2025-12-02T14:00:00+00:00,25507.25000,25613.00000,25471.25000,25597.75000
2025-12-02T15:00:00+00:00,25598.50000,25670.00000,25531.00000,25647.75000
2025-12-02T16:00:00+00:00,25648.00000,25663.50000,25414.50000,25509.25000
2025-12-02T17:00:00+00:00,25509.75000,25622.25000,25504.50000,25506.25000
2025-12-02T18:00:00+00:00,25506.25000,25587.25000,25496.50000,25577.00000
2025-12-02T19:00:00+00:00,25577.25000,25643.00000,25563.25000,25633.75000
2025-12-02T20:00:00+00:00,25634.00000,25646.75000,25591.50000,25600.50000
2025-12-02T21:00:00+00:00,25600.75000,25607.50000,25586.50000,25603.75000
2025-12-02T23:00:00+00:00,25611.00000,25633.50000,25610.00000,25623.75000
2025-12-03T00:00:00+00:00,25624.75000,25639.50000,25576.00000,25626.50000
2025-12-03T01:00:00+00:00,25627.25000,25649.50000,25625.25000,25640.00000
2025-12-03T02:00:00+00:00,25640.00000,25673.75000,25637.00000,25655.25000
2025-12-03T03:00:00+00:00,25654.75000,25677.00000,25642.25000,25668.50000
2025-12-03T04:00:00+00:00,25668.00000,25672.75000,25657.25000,25660.50000
2025-12-03T05:00:00+00:00,25673.25000,25678.25000,25654.50000,25660.25000
2025-12-03T06:00:00+00:00,25660.50000,25665.75000,25637.50000,25657.25000
2025-12-03T07:00:00+00:00,25657.50000,25676.75000,25643.00000,25651.75000
2025-12-03T08:00:00+00:00,25651.25000,25667.75000,25613.25000,25659.50000
2025-12-03T09:00:00+00:00,25659.25000,25661.00000,25613.75000,25638.25000
2025-12-03T10:00:00+00:00,25637.75000,25650.75000,25605.25000,25624.25000
2025-12-03T11:00:00+00:00,25624.75000,25644.75000,25610.25000,25634.50000
2025-12-03T12:00:00+00:00,25633.75000,25663.75000,25614.75000,25654.75000
2025-12-03T13:00:00+00:00,25654.50000,25677.75000,25639.50000,25648.50000
2025-12-03T14:00:00+00:00,25648.00000,25653.00000,25421.50000,25494.50000
2025-12-03T15:00:00+00:00,25497.50000,25605.50000,25482.25000,25563.00000
2025-12-03T16:00:00+00:00,25563.25000,25621.50000,25521.75000,25560.25000
2025-12-03T17:00:00+00:00,25560.75000,25637.25000,25555.00000,25625.50000
2025-12-03T18:00:00+00:00,25625.25000,25654.75000,25608.25000,25629.00000
2025-12-03T19:00:00+00:00,25628.50000,25672.25000,25625.75000,25669.75000
2025-12-03T20:00:00+00:00,25670.00000,25685.25000,25640.75000,25657.25000
2025-12-03T21:00:00+00:00,25657.50000,25662.00000,25636.00000,25657.50000
2025-12-03T23:00:00+00:00,25650.25000,25658.75000,25633.75000,25647.50000
2025-12-04T00:00:00+00:00,25647.50000,25666.00000,25622.00000,25632.75000
2025-12-04T01:00:00+00:00,25632.50000,25662.75000,25628.50000,25639.25000
2025-12-04T02:00:00+00:00,25640.25000,25657.50000,25619.25000,25649.00000
2025-12-04T03:00:00+00:00,25649.25000,25650.00000,25613.25000,25630.25000
2025-12-04T04:00:00+00:00,25631.50000,25643.00000,25618.50000,25640.50000
2025-12-04T05:00:00+00:00,25637.50000,25649.75000,25628.25000,25639.25000
2025-12-04T06:00:00+00:00,25640.25000,25665.75000,25639.25000,25654.25000
2025-12-04T07:00:00+00:00,25655.25000,25669.75000,25651.25000,25657.00000
2025-12-04T08:00:00+00:00,25656.00000,25657.50000,25603.25000,25634.00000
2025-12-04T09:00:00+00:00,25634.25000,25692.50000,25611.50000,25684.25000
2025-12-04T10:00:00+00:00,25685.00000,25691.25000,25640.75000,25644.00000
2025-12-04T11:00:00+00:00,25644.75000,25657.50000,25626.25000,25656.00000
2025-12-04T12:00:00+00:00,25656.00000,25674.50000,25651.75000,25658.75000
2025-12-04T13:00:00+00:00,25657.75000,25666.50000,25618.25000,25632.00000
2025-12-04T14:00:00+00:00,25631.75000,25732.50000,25540.25000,25555.50000
2025-12-04T15:00:00+00:00,25555.50000,25639.25000,25520.50000,25569.75000
2025-12-04T16:00:00+00:00,25569.50000,25650.25000,25505.00000,25642.00000
2025-12-04T17:00:00+00:00,25642.00000,25653.25000,25585.75000,25617.50000
2025-12-04T18:00:00+00:00,25617.50000,25632.50000,25574.75000,25604.00000
2025-12-04T19:00:00+00:00,25603.75000,25612.00000,25488.75000,25589.00000
2025-12-04T20:00:00+00:00,25589.25000,25632.75000,25551.75000,25627.25000
2025-12-04T21:00:00+00:00,25627.75000,25637.75000,25617.00000,25632.50000
2025-12-04T23:00:00+00:00,25629.75000,25648.75000,25608.50000,25621.00000
2025-12-05T00:00:00+00:00,25620.75000,25657.50000,25611.00000,25654.00000
2025-12-05T01:00:00+00:00,25654.00000,25684.00000,25652.50000,25682.00000
2025-12-05T02:00:00+00:00,25681.75000,25713.25000,25679.00000,25689.50000
2025-12-05T03:00:00+00:00,25689.75000,25707.00000,25683.25000,25701.00000
2025-12-05T04:00:00+00:00,25700.25000,25717.25000,25696.75000,25713.00000
2025-12-05T05:00:00+00:00,25718.00000,25724.25000,25708.00000,25723.50000
2025-12-05T06:00:00+00:00,25723.75000,25730.00000,25702.25000,25713.00000
2025-12-05T07:00:00+00:00,25712.00000,25729.25000,25704.00000,25725.00000
2025-12-05T08:00:00+00:00,25725.50000,25755.75000,25721.50000,25725.75000
2025-12-05T09:00:00+00:00,25724.25000,25736.25000,25706.25000,25718.50000
2025-12-05T10:00:00+00:00,25717.50000,25736.75000,25712.50000,25715.75000
2025-12-05T11:00:00+00:00,25716.00000,25727.25000,25704.25000,25719.00000
2025-12-05T12:00:00+00:00,25720.25000,25736.00000,25688.50000,25703.25000
2025-12-05T13:00:00+00:00,25703.00000,25710.00000,25579.75000,25614.25000
2025-12-05T14:00:00+00:00,25613.75000,25803.25000,25611.50000,25791.25000
2025-12-05T15:00:00+00:00,25791.25000,25868.00000,25716.25000,25743.00000
2025-12-05T16:00:00+00:00,25743.00000,25767.00000,25651.25000,25730.25000
2025-12-05T17:00:00+00:00,25729.50000,25740.75000,25664.75000,25730.50000
2025-12-05T18:00:00+00:00,25729.75000,25758.50000,25700.00000,25726.75000
2025-12-05T19:00:00+00:00,25727.75000,25743.75000,25702.50000,25737.50000
2025-12-05T20:00:00+00:00,25737.75000,25740.25000,25677.75000,25726.00000
2025-12-05T21:00:00+00:00,25726.25000,25743.75000,25723.25000,25732.00000
2025-12-07T23:00:00+00:00,25738.75000,25756.50000,25723.50000,25746.50000
2025-12-08T00:00:00+00:00,25746.25000,25750.25000,25700.25000,25747.25000
2025-12-08T01:00:00+00:00,25746.25000,25772.00000,25743.00000,25768.25000
2025-12-08T02:00:00+00:00,25768.00000,25783.25000,25761.50000,25782.50000
2025-12-08T03:00:00+00:00,25783.00000,25794.25000,25777.00000,25789.50000
2025-12-08T04:00:00+00:00,25789.75000,25803.25000,25787.00000,25800.25000
2025-12-08T05:00:00+00:00,25798.25000,25804.25000,25791.00000,25794.25000
2025-12-08T06:00:00+00:00,25794.75000,25811.50000,25785.50000,25790.50000
2025-12-08T07:00:00+00:00,25789.50000,25821.25000,25775.25000,25805.25000
2025-12-08T08:00:00+00:00,25805.50000,25806.25000,25768.25000,25774.75000
2025-12-08T09:00:00+00:00,25774.75000,25798.00000,25768.50000,25774.50000
2025-12-08T10:00:00+00:00,25774.00000,25799.00000,25762.50000,25793.00000
2025-12-08T11:00:00+00:00,25793.50000,25797.75000,25771.00000,25773.50000
2025-12-08T12:00:00+00:00,25775.00000,25811.25000,25764.75000,25803.50000
2025-12-08T13:00:00+00:00,25803.25000,25833.00000,25784.50000,25810.50000
2025-12-08T14:00:00+00:00,25810.25000,25860.75000,25721.50000,25744.50000
2025-12-08T15:00:00+00:00,25744.75000,25778.00000,25649.75000,25663.00000
2025-12-08T16:00:00+00:00,25662.75000,25671.50000,25626.25000,25639.50000
2025-12-08T17:00:00+00:00,25640.25000,25690.00000,25593.75000,25680.50000
2025-12-08T18:00:00+00:00,25680.25000,25696.25000,25564.75000,25592.50000
2025-12-08T19:00:00+00:00,25592.75000,25622.25000,25568.00000,25591.75000
2025-12-08T20:00:00+00:00,25591.75000,25671.75000,25582.50000,25669.00000
2025-12-08T21:00:00+00:00,25669.00000,25707.50000,25656.25000,25706.75000
2025-12-08T23:00:00+00:00,25713.00000,25728.50000,25692.00000,25726.25000
2025-12-09T00:00:00+00:00,25727.25000,25727.25000,25711.50000,25719.75000
2025-12-09T01:00:00+00:00,25719.25000,25729.50000,25684.00000,25693.50000
2025-12-09T02:00:00+00:00,25693.25000,25708.50000,25675.25000,25692.75000
2025-12-09T03:00:00+00:00,25692.25000,25702.25000,25685.25000,25698.00000
2025-12-09T04:00:00+00:00,25698.75000,25699.75000,25682.75000,25687.00000
2025-12-09T05:00:00+00:00,25676.00000,25679.25000,25662.00000,25663.50000
2025-12-09T06:00:00+00:00,25664.00000,25688.25000,25646.75000,25683.25000
2025-12-09T07:00:00+00:00,25683.00000,25697.00000,25676.25000,25691.25000
2025-12-09T08:00:00+00:00,25690.50000,25712.50000,25682.25000,25695.75000
2025-12-09T09:00:00+00:00,25695.50000,25696.00000,25650.00000,25656.25000
2025-12-09T10:00:00+00:00,25655.50000,25692.50000,25601.00000,25668.75000
2025-12-09T11:00:00+00:00,25668.50000,25681.75000,25630.75000,25672.50000
2025-12-09T12:00:00+00:00,25672.75000,25676.25000,25645.50000,25663.75000
2025-12-09T13:00:00+00:00,25663.50000,25666.00000,25607.00000,25617.00000
2025-12-09T14:00:00+00:00,25616.50000,25653.50000,25560.00000,25629.50000
2025-12-09T15:00:00+00:00,25630.50000,25685.25000,25605.50000,25684.50000
2025-12-09T16:00:00+00:00,25683.75000,25716.00000,25668.25000,25709.00000
2025-12-09T17:00:00+00:00,25709.00000,25733.00000,25689.25000,25717.75000
2025-12-09T18:00:00+00:00,25716.75000,25735.75000,25690.75000,25721.75000
2025-12-09T19:00:00+00:00,25721.75000,25724.25000,25683.00000,25702.50000
2025-12-09T20:00:00+00:00,25701.75000,25722.00000,25683.75000,25703.25000
2025-12-09T21:00:00+00:00,25703.00000,25703.75000,25674.75000,25676.25000
2025-12-09T23:00:00+00:00,25680.00000,25691.50000,25669.50000,25671.50000
2025-12-10T00:00:00+00:00,25671.75000,25693.75000,25650.50000,25651.25000
2025-12-10T01:00:00+00:00,25650.50000,25664.50000,25639.25000,25656.25000
2025-12-10T02:00:00+00:00,25656.00000,25679.00000,25655.00000,25674.25000
2025-12-10T03:00:00+00:00,25673.50000,25686.50000,25662.75000,25673.75000
2025-12-10T04:00:00+00:00,25674.00000,25710.00000,25674.00000,25692.50000
2025-12-10T05:00:00+00:00,25677.00000,25686.75000,25668.25000,25681.50000
2025-12-10T06:00:00+00:00,25682.25000,25713.25000,25681.00000,25703.75000
2025-12-10T07:00:00+00:00,25703.25000,25730.50000,25698.25000,25728.25000
2025-12-10T08:00:00+00:00,25728.75000,25745.75000,25705.25000,25720.50000
2025-12-10T09:00:00+00:00,25721.00000,25732.25000,25703.75000,25709.25000
2025-12-10T10:00:00+00:00,25709.00000,25734.00000,25616.00000,25650.25000
2025-12-10T11:00:00+00:00,25650.75000,25694.75000,25638.50000,25665.50000
2025-12-10T12:00:00+00:00,25666.25000,25668.75000,25627.25000,25648.25000
2025-12-10T13:00:00+00:00,25649.00000,25720.00000,25645.00000,25672.50000
2025-12-10T14:00:00+00:00,25673.00000,25682.75000,25567.00000,25631.25000
2025-12-10T15:00:00+00:00,25630.50000,25656.50000,25550.25000,25566.75000
2025-12-10T16:00:00+00:00,25567.00000,25658.25000,25528.75000,25650.50000
2025-12-10T17:00:00+00:00,25650.50000,25682.25000,25615.75000,25665.25000
2025-12-10T18:00:00+00:00,25664.75000,25667.75000,25595.00000,25616.75000
2025-12-10T19:00:00+00:00,25614.50000,25834.75000,25602.50000,25824.75000
2025-12-10T20:00:00+00:00,25824.00000,25870.75000,25788.00000,25800.00000
2025-12-10T21:00:00+00:00,25799.25000,25811.25000,25758.75000,25800.50000
2025-12-10T23:00:00+00:00,25769.50000,25796.00000,25715.75000,25730.50000
2025-12-11T00:00:00+00:00,25730.25000,25734.00000,25671.00000,25684.00000
2025-12-11T01:00:00+00:00,25683.25000,25683.75000,25650.50000,25660.75000
2025-12-11T02:00:00+00:00,25659.25000,25661.25000,25523.75000,25549.25000
2025-12-11T03:00:00+00:00,25550.00000,25550.25000,25383.00000,25486.50000
2025-12-11T04:00:00+00:00,25486.50000,25534.00000,25476.00000,25509.50000
2025-12-11T05:00:00+00:00,25497.50000,25521.50000,25483.50000,25514.00000
2025-12-11T06:00:00+00:00,25514.50000,25523.50000,25470.75000,25510.00000
2025-12-11T07:00:00+00:00,25510.25000,25542.25000,25475.00000,25539.75000
2025-12-11T08:00:00+00:00,25539.00000,25544.25000,25474.25000,25536.50000
2025-12-11T09:00:00+00:00,25536.25000,25623.75000,25529.25000,25603.50000
2025-12-11T10:00:00+00:00,25604.00000,25616.50000,25580.00000,25598.00000
2025-12-11T11:00:00+00:00,25598.00000,25630.00000,25591.25000,25623.50000
2025-12-11T12:00:00+00:00,25622.75000,25701.00000,25617.00000,25692.50000
2025-12-11T13:00:00+00:00,25692.50000,25699.50000,25632.00000,25643.50000
2025-12-11T14:00:00+00:00,25643.75000,25681.00000,25400.50000,25414.50000
2025-12-11T15:00:00+00:00,25414.75000,25629.25000,25390.25000,25531.00000
2025-12-11T16:00:00+00:00,25531.25000,25589.25000,25456.25000,25501.25000
2025-12-11T17:00:00+00:00,25501.25000,25647.50000,25494.75000,25592.50000
2025-12-11T18:00:00+00:00,25592.00000,25687.00000,25582.00000,25637.50000
2025-12-11T19:00:00+00:00,25636.75000,25722.75000,25635.25000,25689.50000
2025-12-11T20:00:00+00:00,25690.25000,25720.00000,25660.50000,25715.00000
2025-12-11T21:00:00+00:00,25715.00000,25861.50000,25708.50000,25834.75000
2025-12-11T23:00:00+00:00,25701.00000,25733.25000,25648.75000,25671.75000
2025-12-12T00:00:00+00:00,25670.75000,25686.25000,25640.75000,25646.75000
2025-12-12T01:00:00+00:00,25647.75000,25681.25000,25646.50000,25678.50000
2025-12-12T02:00:00+00:00,25677.50000,25703.75000,25674.25000,25694.50000
2025-12-12T03:00:00+00:00,25695.00000,25697.50000,25663.75000,25669.25000
2025-12-12T04:00:00+00:00,25669.75000,25673.50000,25656.25000,25659.00000
2025-12-12T05:00:00+00:00,25668.75000,25699.25000,25659.25000,25691.25000
2025-12-12T06:00:00+00:00,25691.25000,25704.25000,25676.00000,25679.75000
2025-12-12T07:00:00+00:00,25679.00000,25679.00000,25657.25000,25665.25000
2025-12-12T08:00:00+00:00,25666.50000,25682.75000,25651.00000,25662.75000
2025-12-12T09:00:00+00:00,25662.00000,25667.25000,25562.00000,25587.75000
2025-12-12T10:00:00+00:00,25586.75000,25622.00000,25565.25000,25583.25000
2025-12-12T11:00:00+00:00,25584.50000,25588.50000,25532.50000,25552.00000
2025-12-12T12:00:00+00:00,25553.75000,25596.00000,25538.25000,25567.25000
2025-12-12T13:00:00+00:00,25568.25000,25626.25000,25558.50000,25625.75000
2025-12-12T14:00:00+00:00,25625.50000,25632.25000,25501.50000,25558.25000
2025-12-12T15:00:00+00:00,25558.25000,25559.00000,25214.00000,25240.50000
2025-12-12T16:00:00+00:00,25240.25000,25277.25000,25118.00000,25174.50000
2025-12-12T17:00:00+00:00,25173.50000,25311.50000,25162.75000,25276.50000
2025-12-12T18:00:00+00:00,25277.25000,25372.50000,25262.75000,25278.25000
2025-12-12T19:00:00+00:00,25279.00000,25285.50000,25215.25000,25234.00000
2025-12-12T20:00:00+00:00,25231.25000,25262.75000,25145.50000,25209.75000
2025-12-12T21:00:00+00:00,25209.50000,25226.00000,25199.25000,25213.50000
2025-12-14T23:00:00+00:00,25146.50000,25200.00000,25141.25000,25194.00000
2025-12-15T00:00:00+00:00,25191.00000,25240.25000,25188.00000,25234.25000
2025-12-15T01:00:00+00:00,25235.50000,25265.00000,25221.75000,25260.75000
2025-12-15T02:00:00+00:00,25260.75000,25284.25000,25254.00000,25262.25000
2025-12-15T03:00:00+00:00,25261.50000,25273.25000,25244.50000,25255.25000
2025-12-15T04:00:00+00:00,25255.75000,25275.00000,25233.25000,25267.00000
2025-12-15T05:00:00+00:00,25269.25000,25282.50000,25254.50000,25278.00000
2025-12-15T06:00:00+00:00,25275.75000,25279.50000,25249.25000,25274.00000
2025-12-15T07:00:00+00:00,25274.25000,25282.25000,25237.75000,25253.00000
2025-12-15T08:00:00+00:00,25253.50000,25291.25000,25230.25000,25286.25000
2025-12-15T09:00:00+00:00,25284.75000,25333.50000,25274.75000,25325.00000
2025-12-15T10:00:00+00:00,25324.00000,25346.00000,25316.50000,25338.75000
2025-12-15T11:00:00+00:00,25337.00000,25357.50000,25328.00000,25354.75000
2025-12-15T12:00:00+00:00,25354.50000,25361.50000,25324.00000,25352.75000
2025-12-15T13:00:00+00:00,25351.25000,25383.50000,25336.25000,25380.75000
2025-12-15T14:00:00+00:00,25380.00000,25410.00000,25213.75000,25223.75000
2025-12-15T15:00:00+00:00,25225.75000,25235.75000,25033.25000,25153.00000
2025-12-15T16:00:00+00:00,25154.25000,25266.75000,25119.00000,25162.50000
2025-12-15T17:00:00+00:00,25161.00000,25187.75000,25084.25000,25131.25000
2025-12-15T18:00:00+00:00,25130.00000,25169.50000,25080.25000,25152.50000
2025-12-15T19:00:00+00:00,25152.50000,25181.50000,25106.25000,25150.00000
2025-12-15T20:00:00+00:00,25149.50000,25157.25000,25082.50000,25084.00000
2025-12-15T21:00:00+00:00,25085.25000,25107.50000,25077.00000,25101.50000
2025-12-15T23:00:00+00:00,25101.25000,25122.00000,25037.00000,25058.25000
2025-12-16T00:00:00+00:00,25058.75000,25068.25000,24993.00000,25003.00000
2025-12-16T01:00:00+00:00,25005.00000,25014.00000,24864.75000,24903.50000
2025-12-16T02:00:00+00:00,24902.75000,24937.00000,24878.25000,24903.00000
2025-12-16T03:00:00+00:00,24902.75000,24921.75000,24855.75000,24912.50000
2025-12-16T04:00:00+00:00,24915.75000,24927.50000,24874.25000,24917.00000
2025-12-16T05:00:00+00:00,24905.00000,24909.00000,24858.50000,24865.25000
2025-12-16T06:00:00+00:00,24867.50000,24888.25000,24857.75000,24883.75000
2025-12-16T07:00:00+00:00,24886.00000,24899.00000,24828.00000,24877.75000
2025-12-16T08:00:00+00:00,24880.50000,25211.75000,24880.50000,25203.50000
2025-12-16T09:00:00+00:00,25204.00000,25231.50000,24919.50000,24936.25000
2025-12-16T10:00:00+00:00,24936.25000,25274.50000,24922.00000,25247.00000
2025-12-16T11:00:00+00:00,25246.00000,25294.00000,24988.75000,25293.00000
2025-12-16T12:00:00+00:00,25047.00000,25324.25000,25034.50000,25298.00000
2025-12-16T13:00:00+00:00,25298.00000,25386.50000,24994.50000,25252.00000
2025-12-16T14:00:00+00:00,25252.50000,25398.75000,24961.00000,25147.00000
2025-12-16T15:00:00+00:00,25149.25000,25409.00000,24937.25000,25321.75000
2025-12-16T16:00:00+00:00,25322.00000,25344.00000,24971.00000,25335.50000
2025-12-16T17:00:00+00:00,25335.75000,25355.00000,24952.50000,25200.00000
2025-12-16T18:00:00+00:00,25200.50000,25350.25000,24934.00000,25316.25000
2025-12-16T19:00:00+00:00,25315.75000,25349.25000,24985.50000,25318.50000
2025-12-16T20:00:00+00:00,25318.25000,25444.00000,25072.00000,25132.75000
2025-12-16T21:00:00+00:00,25131.50000,25376.00000,25069.25000,25321.50000
2025-12-16T23:00:00+00:00,25091.75000,25363.00000,25059.00000,25077.25000
2025-12-17T00:00:00+00:00,25315.00000,25327.75000,25026.25000,25305.25000
2025-12-17T01:00:00+00:00,25306.75000,25359.50000,25062.75000,25112.75000
2025-12-17T02:00:00+00:00,25114.50000,25374.00000,25089.25000,25121.75000
2025-12-17T03:00:00+00:00,25117.50000,25380.25000,25100.75000,25349.25000
2025-12-17T04:00:00+00:00,25351.50000,25366.50000,25072.25000,25314.25000
2025-12-17T05:00:00+00:00,25318.50000,25357.25000,25061.25000,25353.00000
2025-12-17T06:00:00+00:00,25113.75000,25417.75000,25111.50000,25395.75000
2025-12-17T07:00:00+00:00,25394.25000,25432.25000,25142.75000,25412.75000
2025-12-17T08:00:00+00:00,25412.75000,25436.50000,25149.75000,25415.75000
2025-12-17T09:00:00+00:00,25415.25000,25470.00000,25162.25000,25463.50000
2025-12-17T10:00:00+00:00,25462.75000,25491.75000,25213.00000,25482.75000
2025-12-17T11:00:00+00:00,25483.50000,25499.00000,25224.25000,25494.75000
2025-12-17T12:00:00+00:00,25494.25000,25508.50000,25232.50000,25486.75000
2025-12-17T13:00:00+00:00,25244.00000,25497.00000,25152.00000,25464.50000
2025-12-17T14:00:00+00:00,25464.75000,25482.00000,25011.50000,25332.00000
2025-12-17T15:00:00+00:00,25099.50000,25345.75000,24807.50000,25059.50000
2025-12-17T16:00:00+00:00,25058.25000,25122.50000,24758.75000,25034.50000
2025-12-17T17:00:00+00:00,25035.25000,25085.00000,24756.25000,25022.50000
2025-12-17T18:00:00+00:00,25022.00000,25078.00000,24795.25000,24957.75000
2025-12-17T19:00:00+00:00,24956.50000,24985.50000,24922.00000,24975.50000
2025-12-17T20:00:00+00:00,24975.00000,24983.25000,24887.75000,24892.00000
2025-12-17T21:00:00+00:00,24892.50000,24995.75000,24892.50000,24951.75000
2025-12-17T23:00:00+00:00,24983.50000,24999.00000,24925.00000,24932.00000
2025-12-18T00:00:00+00:00,24933.50000,24998.00000,24901.25000,24987.00000
2025-12-18T01:00:00+00:00,24987.75000,24993.75000,24950.50000,24962.25000
2025-12-18T02:00:00+00:00,24965.00000,25012.25000,24956.75000,24970.25000
2025-12-18T03:00:00+00:00,24969.75000,24972.00000,24902.25000,24941.00000
2025-12-18T04:00:00+00:00,24941.50000,24991.00000,24938.75000,24987.25000
2025-12-18T05:00:00+00:00,24992.75000,24993.00000,24965.50000,24985.25000
2025-12-18T06:00:00+00:00,24984.75000,24991.25000,24953.75000,24983.00000
2025-12-18T07:00:00+00:00,24984.00000,25041.25000,24982.50000,25031.75000
2025-12-18T08:00:00+00:00,25030.25000,25073.00000,25008.25000,25055.25000
2025-12-18T09:00:00+00:00,25055.00000,25097.25000,25031.00000,25096.50000
2025-12-18T10:00:00+00:00,25096.75000,25099.50000,25065.50000,25079.25000
2025-12-18T11:00:00+00:00,25079.00000,25104.00000,25074.50000,25100.00000
2025-12-18T12:00:00+00:00,25101.50000,25114.50000,25085.00000,25093.75000
2025-12-18T13:00:00+00:00,25094.75000,25264.00000,25064.75000,25223.00000
2025-12-18T14:00:00+00:00,25221.50000,25329.50000,25161.25000,25277.50000
2025-12-18T15:00:00+00:00,25277.50000,25407.25000,25174.75000,25366.00000
2025-12-18T16:00:00+00:00,25365.75000,25412.50000,25343.25000,25386.50000
2025-12-18T17:00:00+00:00,25386.75000,25386.75000,25184.50000,25355.25000
2025-12-18T18:00:00+00:00,25355.50000,25402.25000,25317.25000,25338.50000
2025-12-18T19:00:00+00:00,25338.00000,25340.00000,25193.75000,25208.00000
2025-12-18T20:00:00+00:00,25208.25000,25343.50000,25192.50000,25252.00000
2025-12-18T21:00:00+00:00,25252.25000,25257.25000,25196.50000,25219.00000
2025-12-18T23:00:00+00:00,25240.00000,25257.50000,25209.75000,25257.00000
2025-12-19T00:00:00+00:00,25257.25000,25266.50000,25220.50000,25243.25000
2025-12-19T01:00:00+00:00,25244.00000,25277.25000,25211.25000,25266.75000
2025-12-19T02:00:00+00:00,25266.25000,25286.75000,25250.00000,25251.75000
2025-12-19T03:00:00+00:00,25251.00000,25321.75000,25236.00000,25306.00000
2025-12-19T04:00:00+00:00,25307.50000,25318.25000,25286.25000,25307.00000
2025-12-19T05:00:00+00:00,25291.50000,25312.75000,25282.00000,25291.75000
2025-12-19T06:00:00+00:00,25291.75000,25305.25000,25266.75000,25298.25000
2025-12-19T07:00:00+00:00,25299.00000,25372.50000,25298.50000,25348.25000
2025-12-19T08:00:00+00:00,25346.25000,25387.25000,25340.75000,25370.50000
2025-12-19T09:00:00+00:00,25370.00000,25393.50000,25355.50000,25383.75000
2025-12-19T10:00:00+00:00,25383.25000,25383.50000,25354.00000,25361.00000
2025-12-19T11:00:00+00:00,25360.50000,25365.00000,25315.50000,25340.75000
2025-12-19T12:00:00+00:00,25341.75000,25356.75000,25279.00000,25280.25000
2025-12-19T13:00:00+00:00,25280.25000,25339.75000,25273.75000,25323.50000
2025-12-19T14:00:00+00:00,25323.00000,25573.00000,25298.25000,25560.25000
2025-12-19T15:00:00+00:00,25558.75000,25600.25000,25465.25000,25483.00000
2025-12-19T16:00:00+00:00,25483.00000,25565.00000,25460.00000,25505.25000
2025-12-19T17:00:00+00:00,25505.25000,25597.50000,25502.00000,25578.25000
2025-12-19T18:00:00+00:00,25577.75000,25592.00000,25543.75000,25551.75000
2025-12-19T19:00:00+00:00,25551.50000,25589.50000,25550.50000,25569.00000
2025-12-19T20:00:00+00:00,25569.50000,25593.00000,25549.75000,25581.00000
2025-12-19T21:00:00+00:00,25581.50000,25599.25000,25568.00000,25590.75000
2025-12-21T23:00:00+00:00,25643.50000,25675.00000,25632.25000,25668.50000
2025-12-22T00:00:00+00:00,25669.50000,25682.75000,25645.00000,25654.75000
2025-12-22T01:00:00+00:00,25654.75000,25697.00000,25653.75000,25688.75000
2025-12-22T02:00:00+00:00,25689.00000,25698.50000,25680.75000,25695.50000
2025-12-22T03:00:00+00:00,25695.75000,25699.25000,25673.50000,25678.75000
2025-12-22T04:00:00+00:00,25679.00000,25691.25000,25672.00000,25683.00000
2025-12-22T05:00:00+00:00,25680.25000,25682.50000,25662.25000,25674.50000
2025-12-22T06:00:00+00:00,25674.25000,25699.00000,25674.00000,25690.00000
2025-12-22T07:00:00+00:00,25690.25000,25711.00000,25688.75000,25702.25000
2025-12-22T08:00:00+00:00,25703.00000,25716.50000,25681.00000,25687.75000
2025-12-22T09:00:00+00:00,25687.50000,25725.75000,25683.25000,25712.50000
2025-12-22T10:00:00+00:00,25712.50000,25720.50000,25706.00000,25707.25000
2025-12-22T11:00:00+00:00,25707.75000,25719.25000,25698.50000,25699.75000
2025-12-22T12:00:00+00:00,25700.25000,25740.25000,25696.25000,25736.75000
2025-12-22T13:00:00+00:00,25736.75000,25757.00000,25730.75000,25752.50000
2025-12-22T14:00:00+00:00,25753.00000,25794.75000,25672.25000,25748.00000
2025-12-22T15:00:00+00:00,25747.00000,25754.75000,25628.00000,25674.50000
2025-12-22T16:00:00+00:00,25674.25000,25721.25000,25672.50000,25714.75000
2025-12-22T17:00:00+00:00,25715.00000,25727.25000,25686.50000,25721.00000
2025-12-22T18:00:00+00:00,25721.25000,25722.25000,25673.00000,25689.50000
2025-12-22T19:00:00+00:00,25689.75000,25712.25000,25676.25000,25690.50000
2025-12-22T20:00:00+00:00,25690.75000,25703.50000,25679.25000,25688.25000
2025-12-22T21:00:00+00:00,25688.25000,25706.50000,25688.00000,25700.25000
2025-12-22T23:00:00+00:00,25701.00000,25722.50000,25700.50000,25714.25000
2025-12-23T00:00:00+00:00,25713.50000,25724.25000,25709.00000,25722.00000
2025-12-23T01:00:00+00:00,25722.50000,25730.00000,25695.00000,25710.50000
2025-12-23T02:00:00+00:00,25710.75000,25738.75000,25709.25000,25723.00000
2025-12-23T03:00:00+00:00,25723.50000,25731.50000,25708.25000,25712.25000
2025-12-23T04:00:00+00:00,25711.25000,25713.50000,25683.00000,25688.00000
2025-12-23T05:00:00+00:00,25687.25000,25698.50000,25677.50000,25677.75000
2025-12-23T06:00:00+00:00,25677.25000,25681.25000,25653.25000,25667.75000
2025-12-23T07:00:00+00:00,25667.50000,25679.25000,25658.00000,25670.75000
2025-12-23T08:00:00+00:00,25669.50000,25708.25000,25666.25000,25691.00000
2025-12-23T09:00:00+00:00,25690.00000,25728.50000,25688.75000,25718.75000
2025-12-23T10:00:00+00:00,25718.50000,25725.00000,25699.00000,25706.50000
2025-12-23T11:00:00+00:00,25706.50000,25709.50000,25687.00000,25694.00000
2025-12-23T12:00:00+00:00,25694.25000,25702.00000,25661.00000,25685.25000
2025-12-23T13:00:00+00:00,25684.75000,25687.00000,25608.25000,25619.75000
2025-12-23T14:00:00+00:00,25621.00000,25751.25000,25609.00000,25692.75000
2025-12-23T15:00:00+00:00,25692.25000,25741.00000,25628.25000,25731.25000
2025-12-23T16:00:00+00:00,25731.50000,25776.50000,25726.50000,25773.25000
2025-12-23T17:00:00+00:00,25774.00000,25777.75000,25750.75000,25754.75000
2025-12-23T18:00:00+00:00,25754.25000,25780.25000,25751.50000,25774.00000
2025-12-23T19:00:00+00:00,25774.00000,25800.50000,25772.50000,25797.25000
2025-12-23T20:00:00+00:00,25797.00000,25820.50000,25792.25000,25811.25000
2025-12-23T21:00:00+00:00,25811.25000,25822.50000,25801.75000,25811.50000
2025-12-23T23:00:00+00:00,25815.75000,25819.25000,25800.25000,25809.75000
2025-12-24T00:00:00+00:00,25810.00000,25827.00000,25808.50000,25815.75000
2025-12-24T01:00:00+00:00,25816.50000,25822.50000,25802.00000,25808.00000
2025-12-24T02:00:00+00:00,25807.00000,25812.25000,25782.75000,25793.25000
2025-12-24T03:00:00+00:00,25793.00000,25802.50000,25786.25000,25797.00000
2025-12-24T04:00:00+00:00,25796.25000,25802.25000,25781.00000,25783.00000
2025-12-24T14:30:00+00:00,25822.75000,25827.50000,25784.00000,25809.75000
2025-12-24T15:30:00+00:00,25809.50000,25840.75000,25803.75000,25828.75000
2025-12-24T16:30:00+00:00,25829.00000,25885.00000,25828.00000,25876.25000
2025-12-24T17:30:00+00:00,25876.50000,25892.00000,25864.00000,25877.75000
2025-12-26T05:00:00+00:00,25879.50000,25888.50000,25871.00000,25876.25000
2025-12-26T06:00:00+00:00,25876.50000,25880.75000,25868.00000,25871.75000
2025-12-26T07:00:00+00:00,25871.50000,25873.25000,25849.50000,25860.25000
2025-12-26T08:00:00+00:00,25859.50000,25862.00000,25843.25000,25857.50000
2025-12-26T09:00:00+00:00,25857.25000,25878.50000,25854.75000,25876.00000
2025-12-26T10:00:00+00:00,25876.50000,25899.00000,25875.50000,25882.25000
2025-12-26T11:00:00+00:00,25884.25000,25888.50000,25866.25000,25876.50000
2025-12-26T12:00:00+00:00,25876.00000,25897.00000,25869.00000,25890.00000
2025-12-26T13:00:00+00:00,25890.00000,25923.25000,25886.75000,25896.50000
2025-12-26T14:00:00+00:00,25897.00000,25935.25000,25864.50000,25881.00000
2025-12-26T15:00:00+00:00,25881.00000,25906.00000,25834.25000,25899.50000
2025-12-26T16:00:00+00:00,25899.00000,25912.00000,25857.00000,25873.75000
2025-12-26T17:00:00+00:00,25873.50000,25881.75000,25847.75000,25871.75000
2025-12-26T18:00:00+00:00,25871.75000,25893.25000,25854.50000,25891.75000
2025-12-26T19:00:00+00:00,25891.75000,25899.00000,25873.00000,25891.25000
2025-12-26T20:00:00+00:00,25890.75000,25892.00000,25853.50000,25866.75000
2025-12-26T21:00:00+00:00,25866.75000,25874.00000,25854.00000,25859.25000
2025-12-28T23:00:00+00:00,25870.50000,25879.00000,25843.00000,25870.50000
2025-12-29T00:00:00+00:00,25870.00000,25893.75000,25853.75000,25891.25000
2025-12-29T01:00:00+00:00,25890.00000,25892.50000,25835.50000,25842.00000
2025-12-29T02:00:00+00:00,25842.50000,25850.00000,25821.00000,25846.00000
2025-12-29T03:00:00+00:00,25844.25000,25854.00000,25825.00000,25852.75000
2025-12-29T04:00:00+00:00,25852.50000,25868.00000,25852.50000,25859.75000
2025-12-29T05:00:00+00:00,25856.00000,25856.00000,25817.75000,25820.00000
2025-12-29T06:00:00+00:00,25820.25000,25842.75000,25811.00000,25816.25000
2025-12-29T07:00:00+00:00,25816.25000,25822.75000,25785.25000,25800.00000
2025-12-29T08:00:00+00:00,25800.50000,25803.50000,25732.00000,25738.75000
2025-12-29T09:00:00+00:00,25739.00000,25770.50000,25733.75000,25762.50000
2025-12-29T10:00:00+00:00,25762.50000,25769.25000,25744.00000,25746.00000
2025-12-29T11:00:00+00:00,25747.00000,25775.50000,25736.00000,25770.25000
2025-12-29T12:00:00+00:00,25770.25000,25776.75000,25734.25000,25746.50000
2025-12-29T13:00:00+00:00,25745.50000,25762.75000,25660.75000,25693.00000
2025-12-29T14:00:00+00:00,25694.75000,25819.00000,25656.75000,25724.50000
2025-12-29T15:00:00+00:00,25723.00000,25772.75000,25661.75000,25702.75000
2025-12-29T16:00:00+00:00,25702.50000,25718.25000,25680.00000,25695.50000
2025-12-29T17:00:00+00:00,25695.50000,25707.75000,25648.00000,25700.00000
2025-12-29T18:00:00+00:00,25699.25000,25729.00000,25680.50000,25694.50000
2025-12-29T19:00:00+00:00,25694.00000,25774.25000,25683.50000,25765.50000
2025-12-29T20:00:00+00:00,25765.75000,25766.25000,25729.25000,25741.00000
2025-12-29T21:00:00+00:00,25741.25000,25748.50000,25727.75000,25744.50000
2025-12-29T23:00:00+00:00,25740.00000,25747.75000,25705.25000,25707.25000
2025-12-30T00:00:00+00:00,25707.50000,25727.00000,25700.25000,25704.50000
2025-12-30T01:00:00+00:00,25705.00000,25725.25000,25696.75000,25724.00000
2025-12-30T02:00:00+00:00,25724.50000,25728.50000,25700.75000,25710.25000
2025-12-30T03:00:00+00:00,25711.50000,25742.00000,25709.50000,25734.50000
2025-12-30T04:00:00+00:00,25736.25000,25752.50000,25729.00000,25748.25000
2025-12-30T05:00:00+00:00,25747.50000,25748.00000,25721.00000,25744.50000
2025-12-30T06:00:00+00:00,25744.50000,25744.50000,25715.25000,25726.50000
2025-12-30T07:00:00+00:00,25725.75000,25726.50000,25684.75000,25703.75000
2025-12-30T08:00:00+00:00,25704.25000,25741.25000,25703.00000,25738.75000
2025-12-30T09:00:00+00:00,25739.50000,25752.25000,25729.25000,25739.00000
2025-12-30T10:00:00+00:00,25738.75000,25745.75000,25718.75000,25727.25000
2025-12-30T11:00:00+00:00,25728.50000,25736.00000,25702.50000,25732.50000
2025-12-30T12:00:00+00:00,25732.50000,25743.50000,25712.25000,25726.50000
2025-12-30T13:00:00+00:00,25726.25000,25744.75000,25691.25000,25713.75000
2025-12-30T14:00:00+00:00,25714.25000,25774.75000,25674.25000,25756.75000
2025-12-30T15:00:00+00:00,25756.00000,25761.50000,25681.50000,25744.00000
2025-12-30T16:00:00+00:00,25744.50000,25793.75000,25717.00000,25720.50000
2025-12-30T17:00:00+00:00,25720.00000,25739.00000,25699.50000,25728.75000
2025-12-30T18:00:00+00:00,25728.75000,25744.25000,25707.50000,25732.50000
2025-12-30T19:00:00+00:00,25732.50000,25743.00000,25705.50000,25712.00000
2025-12-30T20:00:00+00:00,25711.50000,25717.75000,25668.25000,25677.50000
2025-12-30T21:00:00+00:00,25678.00000,25691.75000,25669.75000,25676.00000
2025-12-30T23:00:00+00:00,25683.25000,25689.50000,25643.75000,25657.00000
2025-12-31T00:00:00+00:00,25656.75000,25657.00000,25604.75000,25614.25000
2025-12-31T01:00:00+00:00,25614.00000,25624.50000,25588.00000,25618.00000
2025-12-31T02:00:00+00:00,25617.50000,25635.75000,25605.00000,25626.25000
2025-12-31T03:00:00+00:00,25626.25000,25633.50000,25606.75000,25615.75000
2025-12-31T04:00:00+00:00,25616.75000,25633.75000,25614.00000,25619.00000
2025-12-31T05:00:00+00:00,25620.50000,25626.25000,25593.75000,25599.00000
2025-12-31T06:00:00+00:00,25599.00000,25606.00000,25579.25000,25596.00000
2025-12-31T07:00:00+00:00,25595.50000,25609.75000,25576.50000,25598.25000
2025-12-31T08:00:00+00:00,25597.25000,25603.50000,25552.50000,25559.00000
2025-12-31T09:00:00+00:00,25558.50000,25584.75000,25555.75000,25569.50000
2025-12-31T10:00:00+00:00,25569.25000,25591.50000,25561.00000,25584.50000
2025-12-31T11:00:00+00:00,25585.00000,25611.75000,25581.50000,25609.50000
2025-12-31T12:00:00+00:00,25609.25000,25632.00000,25598.25000,25629.00000
2025-12-31T13:00:00+00:00,25629.25000,25714.75000,25621.75000,25703.00000
2025-12-31T14:00:00+00:00,25702.75000,25716.75000,25581.50000,25605.50000
2025-12-31T15:00:00+00:00,25606.25000,25618.00000,25542.50000,25555.00000
2025-12-31T16:00:00+00:00,25554.25000,25607.50000,25552.75000,25605.00000
2025-12-31T17:00:00+00:00,25605.00000,25606.50000,25568.00000,25581.50000
2025-12-31T18:00:00+00:00,25581.50000,25629.50000,25572.50000,25614.25000
2025-12-31T19:00:00+00:00,25614.50000,25634.50000,25532.00000,25535.75000
2025-12-31T20:00:00+00:00,25535.75000,25539.50000,25444.50000,25455.25000
2025-12-31T21:00:00+00:00,25455.00000,25471.50000,25429.00000,25434.75000
2026-01-02T05:00:00+00:00,25625.75000,25644.00000,25612.50000,25639.00000
2026-01-02T06:00:00+00:00,25638.25000,25650.00000,25634.00000,25636.50000
2026-01-02T07:00:00+00:00,25636.25000,25647.50000,25624.75000,25637.50000
2026-01-02T08:00:00+00:00,25637.75000,25718.50000,25637.00000,25710.25000
2026-01-02T09:00:00+00:00,25709.00000,25740.50000,25705.25000,25733.00000
2026-01-02T10:00:00+00:00,25734.00000,25737.25000,25707.50000,25730.75000
2026-01-02T11:00:00+00:00,25730.25000,25742.75000,25714.00000,25727.25000
2026-01-02T12:00:00+00:00,25726.25000,25727.25000,25680.00000,25703.00000
2026-01-02T13:00:00+00:00,25703.25000,25709.00000,25679.25000,25692.75000
2026-01-02T14:00:00+00:00,25692.00000,25803.75000,25638.25000,25733.00000
2026-01-02T15:00:00+00:00,25733.75000,25780.00000,25360.50000,25375.00000
2026-01-02T16:00:00+00:00,25375.75000,25427.25000,25294.25000,25341.50000
2026-01-02T17:00:00+00:00,25341.25000,25405.50000,25310.75000,25323.75000
2026-01-02T18:00:00+00:00,25323.50000,25363.75000,25265.25000,25295.00000
2026-01-02T19:00:00+00:00,25294.50000,25457.00000,25288.50000,25399.50000
2026-01-02T20:00:00+00:00,25399.50000,25450.50000,25362.00000,25386.00000
2026-01-02T21:00:00+00:00,25386.00000,25415.00000,25379.25000,25385.25000
2026-01-04T23:00:00+00:00,25426.75000,25463.25000,25408.00000,25457.00000
2026-01-05T00:00:00+00:00,25459.25000,25479.50000,25434.75000,25466.75000
2026-01-05T01:00:00+00:00,25467.00000,25487.50000,25450.00000,25458.25000
2026-01-05T02:00:00+00:00,25459.25000,25483.25000,25452.25000,25474.00000
2026-01-05T03:00:00+00:00,25474.25000,25482.75000,25457.50000,25464.00000
2026-01-05T04:00:00+00:00,25463.75000,25491.75000,25457.75000,25486.25000
2026-01-05T05:00:00+00:00,25488.00000,25497.00000,25465.50000,25495.25000
2026-01-05T06:00:00+00:00,25494.50000,25507.25000,25468.75000,25506.25000
2026-01-05T07:00:00+00:00,25506.25000,25509.00000,25455.00000,25478.00000
2026-01-05T08:00:00+00:00,25478.00000,25556.75000,25467.75000,25512.00000
2026-01-05T09:00:00+00:00,25511.25000,25532.25000,25495.75000,25512.00000
2026-01-05T10:00:00+00:00,25512.25000,25559.00000,25511.25000,25553.75000
2026-01-05T11:00:00+00:00,25554.25000,25577.00000,25544.00000,25567.50000
2026-01-05T12:00:00+00:00,25567.50000,25588.25000,25544.50000,25557.25000
2026-01-05T13:00:00+00:00,25558.25000,25592.75000,25520.25000,25576.00000
2026-01-05T14:00:00+00:00,25576.00000,25672.50000,25538.75000,25599.75000
2026-01-05T15:00:00+00:00,25593.25000,25690.50000,25566.00000,25665.00000
2026-01-05T16:00:00+00:00,25665.25000,25708.00000,25651.25000,25658.25000
2026-01-05T17:00:00+00:00,25659.00000,25673.50000,25607.50000,25626.75000
2026-01-05T18:00:00+00:00,25627.00000,25632.25000,25557.00000,25612.75000
2026-01-05T19:00:00+00:00,25612.75000,25618.75000,25549.50000,25577.50000
2026-01-05T20:00:00+00:00,25577.00000,25613.00000,25565.00000,25587.00000
2026-01-05T21:00:00+00:00,25586.75000,25590.75000,25573.25000,25578.25000
2026-01-05T23:00:00+00:00,25583.00000,25598.75000,25560.75000,25565.50000
2026-01-06T00:00:00+00:00,25566.00000,25582.25000,25552.25000,25563.25000
2026-01-06T01:00:00+00:00,25563.50000,25602.75000,25555.25000,25597.50000
2026-01-06T02:00:00+00:00,25598.00000,25625.50000,25592.25000,25623.50000
2026-01-06T03:00:00+00:00,25623.75000,25629.25000,25616.00000,25620.25000
2026-01-06T04:00:00+00:00,25620.75000,25647.00000,25620.50000,25647.00000
2026-01-06T05:00:00+00:00,25643.50000,25653.25000,25638.50000,25642.75000
2026-01-06T06:00:00+00:00,25643.00000,25674.25000,25641.75000,25668.25000
2026-01-06T07:00:00+00:00,25669.50000,25670.00000,25642.25000,25646.75000
2026-01-06T08:00:00+00:00,25647.50000,25647.75000,25527.50000,25572.25000
2026-01-06T09:00:00+00:00,25572.50000,25608.00000,25557.00000,25586.75000
2026-01-06T10:00:00+00:00,25585.50000,25597.00000,25571.75000,25592.00000
2026-01-06T11:00:00+00:00,25593.50000,25610.25000,25590.25000,25596.75000
2026-01-06T12:00:00+00:00,25596.00000,25649.00000,25591.50000,25641.25000
2026-01-06T13:00:00+00:00,25640.25000,25650.50000,25590.50000,25616.50000
2026-01-06T14:00:00+00:00,25616.75000,25761.25000,25592.50000,25753.00000
2026-01-06T15:00:00+00:00,25753.00000,25779.00000,25676.75000,25687.50000
2026-01-06T16:00:00+00:00,25687.00000,25706.75000,25645.50000,25695.50000
2026-01-06T17:00:00+00:00,25696.00000,25772.50000,25674.50000,25760.25000
2026-01-06T18:00:00+00:00,25759.75000,25805.75000,25745.00000,25800.00000
2026-01-06T19:00:00+00:00,25805.00000,25821.00000,25794.00000,25809.75000
2026-01-06T20:00:00+00:00,25812.25000,25837.75000,25802.00000,25834.75000
2026-01-06T21:00:00+00:00,25818.50000,25833.00000,25817.00000,25831.25000
2026-01-06T23:00:00+00:00,25831.25000,25844.75000,25815.50000,25824.75000
2026-01-07T00:00:00+00:00,25825.25000,25842.25000,25819.00000,25829.50000
2026-01-07T01:00:00+00:00,25828.75000,25835.00000,25811.50000,25817.50000
2026-01-07T02:00:00+00:00,25815.75000,25832.75000,25801.75000,25806.25000
2026-01-07T03:00:00+00:00,25807.25000,25822.00000,25796.75000,25799.50000
2026-01-07T04:00:00+00:00,25800.00000,25804.00000,25780.50000,25785.25000
2026-01-07T05:00:00+00:00,25782.25000,25794.25000,25779.00000,25783.50000
2026-01-07T06:00:00+00:00,25782.75000,25799.75000,25768.25000,25769.25000
2026-01-07T07:00:00+00:00,25768.75000,25779.50000,25764.75000,25766.50000
2026-01-07T08:00:00+00:00,25766.00000,25788.00000,25753.50000,25753.75000
2026-01-07T09:00:00+00:00,25753.75000,25758.75000,25727.00000,25753.00000
2026-01-07T10:00:00+00:00,25752.50000,25762.00000,25727.75000,25739.50000
2026-01-07T11:00:00+00:00,25740.25000,25768.50000,25732.00000,25768.00000
2026-01-07T12:00:00+00:00,25768.00000,25782.25000,25753.00000,25766.25000
2026-01-07T13:00:00+00:00,25765.00000,25793.75000,25755.25000,25788.75000
2026-01-07T14:00:00+00:00,25788.25000,25880.00000,25761.50000,25855.00000
2026-01-07T15:00:00+00:00,25857.25000,25911.25000,25810.75000,25905.75000
2026-01-07T16:00:00+00:00,25905.00000,25971.00000,25879.25000,25970.00000
2026-01-07T17:00:00+00:00,25970.25000,25996.25000,25960.00000,25971.00000
2026-01-07T18:00:00+00:00,25971.00000,25979.00000,25926.00000,25955.50000
2026-01-07T19:00:00+00:00,25956.00000,25956.25000,25890.00000,25902.75000
2026-01-07T20:00:00+00:00,25902.75000,25913.50000,25814.50000,25834.25000
2026-01-07T21:00:00+00:00,25834.75000,25839.25000,25820.00000,25835.75000
2026-01-07T23:00:00+00:00,25838.75000,25849.75000,25818.75000,25822.75000
2026-01-08T00:00:00+00:00,25822.75000,25843.50000,25805.75000,25842.50000
2026-01-08T01:00:00+00:00,25842.00000,25844.50000,25817.00000,25837.75000
2026-01-08T02:00:00+00:00,25837.00000,25840.50000,25774.00000,25786.25000
2026-01-08T03:00:00+00:00,25786.50000,25795.25000,25769.75000,25776.75000
2026-01-08T04:00:00+00:00,25776.25000,25794.00000,25772.75000,25779.25000
2026-01-08T05:00:00+00:00,25778.75000,25779.50000,25737.25000,25738.25000
2026-01-08T06:00:00+00:00,25738.50000,25742.50000,25670.00000,25705.75000
2026-01-08T07:00:00+00:00,25705.75000,25805.25000,25680.50000,25749.75000
2026-01-08T08:00:00+00:00,25749.00000,25803.50000,25747.50000,25780.50000
2026-01-08T09:00:00+00:00,25780.75000,25795.50000,25751.00000,25770.00000
2026-01-08T10:00:00+00:00,25769.00000,25774.25000,25744.00000,25772.25000
2026-01-08T11:00:00+00:00,25772.75000,25786.00000,25738.75000,25771.75000
2026-01-08T12:00:00+00:00,25770.25000,25778.00000,25746.50000,25767.00000
2026-01-08T13:00:00+00:00,25766.50000,25818.00000,25758.00000,25799.50000
2026-01-08T14:00:00+00:00,25799.50000,25811.00000,25597.25000,25603.25000
2026-01-08T15:00:00+00:00,25603.75000,25713.50000,25569.00000,25684.25000
2026-01-08T16:00:00+00:00,25684.25000,25686.50000,25583.75000,25671.25000
2026-01-08T17:00:00+00:00,25670.75000,25703.75000,25627.00000,25680.50000
2026-01-08T18:00:00+00:00,25681.00000,25684.75000,25619.25000,25631.75000
2026-01-08T19:00:00+00:00,25631.25000,25657.75000,25595.00000,25634.25000
2026-01-08T20:00:00+00:00,25633.50000,25700.00000,25625.50000,25683.00000
2026-01-08T21:00:00+00:00,25683.00000,25741.75000,25681.25000,25712.00000
2026-01-08T23:00:00+00:00,25725.00000,25727.25000,25671.75000,25675.75000
2026-01-09T00:00:00+00:00,25675.25000,25695.00000,25664.25000,25666.00000
2026-01-09T01:00:00+00:00,25666.50000,25679.25000,25627.50000,25651.75000
2026-01-09T02:00:00+00:00,25651.50000,25694.00000,25649.50000,25684.00000
2026-01-09T03:00:00+00:00,25682.75000,25690.50000,25666.00000,25674.50000
2026-01-09T04:00:00+00:00,25675.25000,25680.75000,25657.00000,25677.50000
2026-01-09T05:00:00+00:00,25684.00000,25695.25000,25666.75000,25693.50000
2026-01-09T06:00:00+00:00,25693.25000,25702.50000,25672.50000,25689.75000
2026-01-09T07:00:00+00:00,25691.50000,25691.75000,25652.25000,25672.75000
2026-01-09T08:00:00+00:00,25673.75000,25701.75000,25665.25000,25674.50000
2026-01-09T09:00:00+00:00,25674.25000,25725.25000,25662.75000,25721.75000
2026-01-09T10:00:00+00:00,25722.50000,25738.00000,25717.00000,25727.75000
2026-01-09T11:00:00+00:00,25729.00000,25767.25000,25721.25000,25740.50000
2026-01-09T12:00:00+00:00,25740.00000,25753.75000,25712.00000,25748.75000
2026-01-09T13:00:00+00:00,25749.00000,25807.50000,25726.50000,25804.75000
2026-01-09T14:00:00+00:00,25805.25000,25824.75000,25648.50000,25734.75000
2026-01-09T15:00:00+00:00,25734.00000,25879.00000,25615.50000,25812.25000
2026-01-09T16:00:00+00:00,25811.75000,25920.50000,25810.75000,25910.25000
2026-01-09T17:00:00+00:00,25910.00000,25936.00000,25885.50000,25923.50000
2026-01-09T18:00:00+00:00,25923.50000,25967.75000,25882.00000,25961.25000
2026-01-09T19:00:00+00:00,25961.25000,25972.75000,25948.00000,25954.50000
2026-01-09T20:00:00+00:00,25954.25000,25985.50000,25930.25000,25932.75000
2026-01-09T21:00:00+00:00,25932.00000,25943.00000,25923.25000,25931.75000
2026-01-11T23:00:00+00:00,25914.25000,25919.50000,25879.75000,25894.25000
2026-01-12T00:00:00+00:00,25893.25000,25902.75000,25772.50000,25789.50000
2026-01-12T01:00:00+00:00,25789.75000,25797.00000,25723.25000,25778.50000
2026-01-12T02:00:00+00:00,25777.50000,25778.25000,25731.50000,25748.00000
2026-01-12T03:00:00+00:00,25748.25000,25753.25000,25710.25000,25737.75000
2026-01-12T04:00:00+00:00,25738.25000,25739.50000,25715.00000,25729.25000
2026-01-12T05:00:00+00:00,25727.00000,25742.50000,25676.25000,25698.75000
2026-01-12T06:00:00+00:00,25699.75000,25726.00000,25696.75000,25716.75000
2026-01-12T07:00:00+00:00,25718.00000,25746.25000,25715.75000,25731.50000
2026-01-12T08:00:00+00:00,25731.75000,25750.00000,25632.75000,25660.50000
2026-01-12T09:00:00+00:00,25660.00000,25706.50000,25660.00000,25698.00000
2026-01-12T10:00:00+00:00,25698.50000,25723.00000,25686.25000,25707.25000
2026-01-12T11:00:00+00:00,25707.50000,25733.00000,25705.25000,25718.75000
2026-01-12T12:00:00+00:00,25718.50000,25761.50000,25713.75000,25752.75000
2026-01-12T13:00:00+00:00,25752.50000,25763.00000,25728.25000,25743.50000
2026-01-12T14:00:00+00:00,25743.75000,25924.00000,25719.75000,25901.00000
2026-01-12T15:00:00+00:00,25901.25000,25933.50000,25863.75000,25915.50000
2026-01-12T16:00:00+00:00,25915.50000,25969.50000,25901.00000,25961.00000
2026-01-12T17:00:00+00:00,25961.00000,25974.00000,25938.25000,25968.00000
2026-01-12T18:00:00+00:00,25968.50000,25997.50000,25965.00000,25978.50000
2026-01-12T19:00:00+00:00,25978.50000,26016.50000,25962.00000,26014.75000
2026-01-12T20:00:00+00:00,26015.00000,26020.50000,25950.50000,25952.50000
2026-01-12T21:00:00+00:00,25952.00000,25974.00000,25932.75000,25942.25000
2026-01-12T23:00:00+00:00,25953.50000,25954.00000,25893.50000,25895.50000
2026-01-13T00:00:00+00:00,25895.25000,25898.25000,25871.50000,25875.25000
2026-01-13T01:00:00+00:00,25875.00000,25891.25000,25845.75000,25878.75000
2026-01-13T02:00:00+00:00,25879.75000,25897.75000,25874.25000,25878.25000
2026-01-13T03:00:00+00:00,25877.75000,25892.25000,25861.50000,25882.25000
2026-01-13T04:00:00+00:00,25883.50000,25891.75000,25869.00000,25886.25000
2026-01-13T05:00:00+00:00,25881.50000,25907.25000,25877.50000,25901.50000
2026-01-13T06:00:00+00:00,25902.00000,25932.75000,25900.75000,25917.00000
2026-01-13T07:00:00+00:00,25916.25000,25925.25000,25906.50000,25917.25000
2026-01-13T08:00:00+00:00,25917.25000,25924.25000,25895.50000,25906.25000
2026-01-13T09:00:00+00:00,25907.00000,25936.75000,25893.50000,25909.75000
2026-01-13T10:00:00+00:00,25908.75000,25914.25000,25871.75000,25878.00000
2026-01-13T11:00:00+00:00,25878.50000,25900.75000,25871.25000,25900.50000
2026-01-13T12:00:00+00:00,25901.25000,25918.75000,25888.25000,25895.25000
2026-01-13T13:00:00+00:00,25895.25000,26045.50000,25887.00000,25971.25000
2026-01-13T14:00:00+00:00,25970.25000,26042.75000,25930.75000,25948.75000
2026-01-13T15:00:00+00:00,25947.25000,25969.75000,25809.25000,25894.50000
2026-01-13T16:00:00+00:00,25894.50000,26025.75000,25847.25000,26008.50000
2026-01-13T17:00:00+00:00,26008.75000,26018.25000,25857.75000,25877.25000
2026-01-13T18:00:00+00:00,25876.50000,25910.75000,25833.75000,25839.75000
2026-01-13T19:00:00+00:00,25840.25000,25885.25000,25821.25000,25866.25000
2026-01-13T20:00:00+00:00,25866.00000,25912.00000,25803.25000,25903.75000
2026-01-13T21:00:00+00:00,25903.75000,25926.50000,25896.00000,25898.25000
2026-01-13T23:00:00+00:00,25900.75000,25913.75000,25886.50000,25891.00000
2026-01-14T00:00:00+00:00,25891.00000,25924.75000,25882.50000,25907.25000
2026-01-14T01:00:00+00:00,25906.75000,25924.50000,25879.00000,25886.50000
2026-01-14T02:00:00+00:00,25885.50000,25898.75000,25876.00000,25894.00000
2026-01-14T03:00:00+00:00,25893.00000,25925.75000,25890.00000,25915.00000
2026-01-14T04:00:00+00:00,25914.75000,25919.25000,25873.25000,25882.50000
2026-01-14T05:00:00+00:00,25877.25000,25882.25000,25852.75000,25856.25000
2026-01-14T06:00:00+00:00,25856.50000,25863.75000,25835.50000,25859.50000
2026-01-14T07:00:00+00:00,25861.25000,25871.75000,25848.75000,25862.75000
2026-01-14T08:00:00+00:00,25862.25000,25876.00000,25840.25000,25858.00000
2026-01-14T09:00:00+00:00,25858.50000,25879.00000,25835.75000,25852.00000
2026-01-14T10:00:00+00:00,25852.75000,25852.75000,25712.25000,25737.50000
2026-01-14T11:00:00+00:00,25737.75000,25769.25000,25714.25000,25743.00000
2026-01-14T12:00:00+00:00,25743.00000,25784.50000,25701.25000,25779.75000
2026-01-14T13:00:00+00:00,25779.00000,25805.50000,25732.50000,25754.75000
2026-01-14T14:00:00+00:00,25754.25000,25790.25000,25582.00000,25585.00000
2026-01-14T15:00:00+00:00,25586.25000,25693.50000,25469.50000,25492.00000
2026-01-14T16:00:00+00:00,25491.75000,25592.25000,25440.00000,25460.25000
2026-01-14T17:00:00+00:00,25459.50000,25509.00000,25433.25000,25449.75000
2026-01-14T18:00:00+00:00,25449.75000,25526.00000,25420.75000,25515.00000
2026-01-14T19:00:00+00:00,25515.25000,25534.00000,25486.00000,25500.50000
2026-01-14T20:00:00+00:00,25500.00000,25643.50000,25460.50000,25636.75000
2026-01-14T21:00:00+00:00,25636.75000,25659.00000,25553.25000,25612.00000
2026-01-14T23:00:00+00:00,25593.00000,25615.25000,25563.50000,25605.25000
2026-01-15T00:00:00+00:00,25605.00000,25610.75000,25586.00000,25603.25000
2026-01-15T01:00:00+00:00,25602.50000,25643.00000,25562.50000,25629.75000
2026-01-15T02:00:00+00:00,25630.25000,25634.25000,25595.75000,25609.00000
2026-01-15T03:00:00+00:00,25609.75000,25627.25000,25579.50000,25581.50000
2026-01-15T04:00:00+00:00,25581.50000,25599.75000,25569.50000,25580.00000
2026-01-15T05:00:00+00:00,25601.50000,25647.50000,25598.75000,25622.75000
2026-01-15T06:00:00+00:00,25622.00000,25723.00000,25611.25000,25700.75000
2026-01-15T07:00:00+00:00,25700.50000,25708.00000,25677.75000,25689.00000
2026-01-15T08:00:00+00:00,25689.00000,25747.25000,25673.75000,25738.25000
2026-01-15T09:00:00+00:00,25737.50000,25832.75000,25733.25000,25812.75000
2026-01-15T10:00:00+00:00,25812.25000,25830.25000,25800.00000,25817.00000
2026-01-15T11:00:00+00:00,25817.75000,25855.75000,25816.25000,25842.50000
2026-01-15T12:00:00+00:00,25841.25000,25854.25000,25811.25000,25852.75000
2026-01-15T13:00:00+00:00,25852.00000,25916.75000,25834.00000,25893.75000
2026-01-15T14:00:00+00:00,25893.75000,25952.75000,25843.00000,25864.00000
2026-01-15T15:00:00+00:00,25863.50000,25925.75000,25803.25000,25884.25000
2026-01-15T16:00:00+00:00,25884.50000,25937.25000,25877.25000,25924.75000
2026-01-15T17:00:00+00:00,25924.50000,25938.00000,25849.25000,25853.50000
2026-01-15T18:00:00+00:00,25853.25000,25911.00000,25848.75000,25886.00000
2026-01-15T19:00:00+00:00,25885.00000,25885.00000,25746.25000,25757.50000
2026-01-15T20:00:00+00:00,25756.00000,25771.75000,25676.50000,25719.25000
2026-01-15T21:00:00+00:00,25718.50000,25727.25000,25693.75000,25707.00000
2026-01-15T23:00:00+00:00,25720.50000,25750.75000,25704.25000,25741.50000
2026-01-16T00:00:00+00:00,25741.00000,25762.25000,25731.00000,25760.75000
2026-01-16T01:00:00+00:00,25760.00000,25783.25000,25748.50000,25769.50000
2026-01-16T02:00:00+00:00,25769.75000,25797.00000,25762.50000,25787.25000
2026-01-16T03:00:00+00:00,25787.75000,25800.00000,25784.00000,25786.50000
2026-01-16T04:00:00+00:00,25787.25000,25811.00000,25784.75000,25809.00000
2026-01-16T05:00:00+00:00,25811.75000,25820.25000,25803.00000,25807.75000
2026-01-16T06:00:00+00:00,25808.00000,25827.00000,25803.25000,25823.00000
2026-01-16T07:00:00+00:00,25823.75000,25838.00000,25807.50000,25824.50000
2026-01-16T08:00:00+00:00,25823.50000,25845.25000,25795.50000,25817.25000
2026-01-16T09:00:00+00:00,25816.25000,25842.50000,25810.00000,25815.50000
2026-01-16T10:00:00+00:00,25815.50000,25864.25000,25810.25000,25855.00000
2026-01-16T11:00:00+00:00,25855.50000,25873.25000,25825.75000,25833.25000
2026-01-16T12:00:00+00:00,25832.75000,25853.00000,25805.75000,25831.00000
2026-01-16T13:00:00+00:00,25830.25000,25838.50000,25802.00000,25826.50000
2026-01-16T14:00:00+00:00,25826.00000,25891.00000,25726.25000,25728.50000
2026-01-16T15:00:00+00:00,25729.00000,25765.50000,25591.50000,25680.50000
2026-01-16T16:00:00+00:00,25680.25000,25752.75000,25661.00000,25716.50000
2026-01-16T17:00:00+00:00,25716.50000,25721.50000,25657.75000,25660.00000
2026-01-16T18:00:00+00:00,25660.75000,25732.25000,25654.00000,25716.50000
2026-01-16T19:00:00+00:00,25716.25000,25748.00000,25672.75000,25716.25000
2026-01-16T20:00:00+00:00,25715.75000,25729.50000,25681.50000,25684.75000
2026-01-16T21:00:00+00:00,25684.25000,25702.25000,25671.00000,25689.00000
2026-01-19T04:00:00+00:00,25689.00000,25689.00000,25375.25000,25375.50000
2026-01-20T05:00:00+00:00,25379.75000,25412.50000,25367.25000,25383.50000
2026-01-20T06:00:00+00:00,25382.50000,25390.50000,25260.00000,25310.50000
2026-01-20T07:00:00+00:00,25311.00000,25320.50000,25256.75000,25284.25000
2026-01-20T08:00:00+00:00,25284.00000,25288.25000,25166.75000,25201.00000
2026-01-20T09:00:00+00:00,25201.75000,25220.25000,25095.25000,25134.25000
2026-01-20T10:00:00+00:00,25134.50000,25207.50000,25109.50000,25176.00000
2026-01-20T11:00:00+00:00,25174.75000,25228.00000,25172.75000,25205.50000
2026-01-20T12:00:00+00:00,25204.75000,25283.75000,25191.75000,25256.75000
2026-01-20T13:00:00+00:00,25258.00000,25277.25000,25181.00000,25212.50000
2026-01-20T14:00:00+00:00,25211.75000,25368.50000,25201.50000,25324.75000
2026-01-20T15:00:00+00:00,25322.00000,25417.00000,25254.75000,25362.75000
2026-01-20T16:00:00+00:00,25363.00000,25429.75000,25333.75000,25398.75000
2026-01-20T17:00:00+00:00,25398.50000,25406.75000,25257.50000,25292.75000
2026-01-20T18:00:00+00:00,25293.00000,25311.25000,25170.50000,25199.25000
2026-01-20T19:00:00+00:00,25199.00000,25225.00000,25128.00000,25168.75000
2026-01-20T20:00:00+00:00,25169.25000,25169.25000,25098.00000,25141.50000
2026-01-20T21:00:00+00:00,25142.00000,25167.25000,25122.50000,25142.75000
2026-01-20T23:00:00+00:00,25149.50000,25175.25000,25103.50000,25116.50000
2026-01-21T00:00:00+00:00,25117.25000,25186.00000,25116.25000,25179.00000
2026-01-21T01:00:00+00:00,25179.00000,25218.75000,25179.00000,25202.00000
2026-01-21T02:00:00+00:00,25202.25000,25209.00000,25168.00000,25179.00000
2026-01-21T03:00:00+00:00,25179.75000,25227.50000,25178.75000,25197.50000
2026-01-21T04:00:00+00:00,25196.75000,25213.25000,25183.00000,25198.75000
2026-01-21T05:00:00+00:00,25204.50000,25225.50000,25200.75000,25220.25000
2026-01-21T06:00:00+00:00,25219.75000,25231.50000,25191.75000,25196.25000
2026-01-21T07:00:00+00:00,25196.25000,25246.50000,25193.25000,25213.50000
2026-01-21T08:00:00+00:00,25212.50000,25234.00000,25194.25000,25204.75000
2026-01-21T09:00:00+00:00,25204.50000,25225.25000,25128.75000,25129.00000
2026-01-21T10:00:00+00:00,25129.50000,25188.25000,25121.75000,25153.25000
2026-01-21T11:00:00+00:00,25153.00000,25159.25000,25040.50000,25045.50000
2026-01-21T12:00:00+00:00,25047.00000,25089.75000,25025.00000,25085.75000
2026-01-21T13:00:00+00:00,25086.50000,25125.50000,25041.00000,25085.00000
2026-01-21T14:00:00+00:00,25083.00000,25339.25000,25072.25000,25324.75000
2026-01-21T15:00:00+00:00,25323.50000,25488.00000,25294.75000,25470.00000
2026-01-21T16:00:00+00:00,25469.75000,25494.25000,25220.50000,25229.25000
2026-01-21T17:00:00+00:00,25229.75000,25262.75000,25142.00000,25246.25000
2026-01-21T18:00:00+00:00,25244.75000,25294.75000,25150.75000,25283.25000
2026-01-21T19:00:00+00:00,25282.25000,25648.25000,25232.75000,25638.75000
2026-01-21T20:00:00+00:00,25639.00000,25653.50000,25446.00000,25471.00000
2026-01-21T21:00:00+00:00,25471.25000,25530.75000,25470.50000,25509.50000
2026-01-21T23:00:00+00:00,25529.50000,25569.25000,25523.25000,25552.50000
2026-01-22T00:00:00+00:00,25553.00000,25583.25000,25538.50000,25558.50000
2026-01-22T01:00:00+00:00,25559.50000,25601.00000,25552.75000,25594.50000
2026-01-22T02:00:00+00:00,25595.25000,25602.50000,25565.00000,25568.00000
2026-01-22T03:00:00+00:00,25568.25000,25595.00000,25568.25000,25589.50000
2026-01-22T04:00:00+00:00,25589.75000,25590.25000,25566.00000,25574.50000
2026-01-22T05:00:00+00:00,25575.75000,25575.75000,25527.75000,25534.25000
2026-01-22T06:00:00+00:00,25533.50000,25548.00000,25483.75000,25539.75000
2026-01-22T07:00:00+00:00,25539.25000,25593.50000,25499.00000,25588.50000
2026-01-22T08:00:00+00:00,25587.75000,25707.25000,25583.00000,25683.25000
2026-01-22T09:00:00+00:00,25682.50000,25715.75000,25672.25000,25698.50000
2026-01-22T10:00:00+00:00,25699.25000,25703.75000,25670.50000,25688.25000
2026-01-22T11:00:00+00:00,25688.75000,25714.00000,25667.00000,25675.00000
2026-01-22T12:00:00+00:00,25674.75000,25696.25000,25659.00000,25691.50000
2026-01-22T13:00:00+00:00,25691.50000,25739.75000,25677.75000,25736.25000
2026-01-22T14:00:00+00:00,25735.75000,25739.00000,25554.25000,25578.00000
2026-01-22T15:00:00+00:00,25582.00000,25658.75000,25536.75000,25606.00000
2026-01-22T16:00:00+00:00,25605.25000,25700.00000,25603.75000,25669.50000
2026-01-22T17:00:00+00:00,25668.75000,25722.00000,25652.50000,25712.25000
2026-01-22T18:00:00+00:00,25711.75000,25723.50000,25667.00000,25673.50000
2026-01-22T19:00:00+00:00,25673.50000,25715.25000,25634.00000,25639.75000
2026-01-22T20:00:00+00:00,25639.50000,25665.25000,25584.75000,25663.00000
2026-01-22T21:00:00+00:00,25661.50000,25676.50000,25609.75000,25630.00000
2026-01-22T23:00:00+00:00,25605.00000,25629.25000,25575.50000,25617.75000
2026-01-23T00:00:00+00:00,25616.75000,25654.75000,25597.50000,25654.25000
2026-01-23T01:00:00+00:00,25653.50000,25688.00000,25649.25000,25686.75000
2026-01-23T02:00:00+00:00,25686.75000,25689.50000,25665.00000,25668.75000
2026-01-23T03:00:00+00:00,25668.25000,25707.75000,25667.75000,25695.75000
2026-01-23T04:00:00+00:00,25696.00000,25707.50000,25684.25000,25702.25000
2026-01-23T05:00:00+00:00,25703.00000,25714.50000,25698.75000,25713.50000
2026-01-23T06:00:00+00:00,25713.50000,25731.50000,25703.25000,25704.75000
2026-01-23T07:00:00+00:00,25705.75000,25724.75000,25682.25000,25691.75000
2026-01-23T08:00:00+00:00,25692.00000,25692.00000,25581.00000,25600.75000
2026-01-23T09:00:00+00:00,25602.25000,25629.50000,25540.25000,25558.25000
2026-01-23T10:00:00+00:00,25558.25000,25574.75000,25550.00000,25574.25000
2026-01-23T11:00:00+00:00,25574.75000,25658.00000,25571.00000,25606.75000
2026-01-23T12:00:00+00:00,25606.50000,25632.75000,25584.00000,25628.75000
2026-01-23T13:00:00+00:00,25628.75000,25635.50000,25560.25000,25570.75000
2026-01-23T14:00:00+00:00,25570.75000,25668.00000,25556.75000,25663.75000
2026-01-23T15:00:00+00:00,25668.00000,25827.50000,25661.50000,25826.50000
2026-01-23T16:00:00+00:00,25826.50000,25845.75000,25761.00000,25789.00000
2026-01-23T17:00:00+00:00,25789.00000,25808.00000,25683.00000,25693.75000
2026-01-23T18:00:00+00:00,25693.75000,25764.25000,25688.50000,25725.50000
2026-01-23T19:00:00+00:00,25726.25000,25774.75000,25719.50000,25748.00000
2026-01-23T20:00:00+00:00,25748.00000,25755.75000,25691.25000,25734.50000
2026-01-23T21:00:00+00:00,25734.75000,25738.25000,25672.25000,25738.25000
2026-01-25T23:00:00+00:00,25465.50000,25572.25000,25463.25000,25559.00000
2026-01-26T00:00:00+00:00,25559.75000,25618.25000,25544.75000,25582.00000
2026-01-26T01:00:00+00:00,25582.00000,25668.75000,25571.25000,25649.50000
2026-01-26T02:00:00+00:00,25649.25000,25665.75000,25595.25000,25609.25000
2026-01-26T03:00:00+00:00,25611.00000,25657.50000,25610.50000,25634.75000
2026-01-26T04:00:00+00:00,25634.50000,25659.00000,25622.75000,25639.00000
2026-01-26T05:00:00+00:00,25635.75000,25676.00000,25627.25000,25674.00000
2026-01-26T06:00:00+00:00,25675.50000,25702.00000,25665.75000,25668.00000
2026-01-26T07:00:00+00:00,25669.50000,25711.00000,25666.75000,25700.00000
2026-01-26T08:00:00+00:00,25700.75000,25742.00000,25699.75000,25727.50000
2026-01-26T09:00:00+00:00,25727.75000,25735.00000,25582.00000,25618.25000
2026-01-26T10:00:00+00:00,25618.25000,25674.50000,25614.25000,25651.25000
2026-01-26T11:00:00+00:00,25651.50000,25673.00000,25641.75000,25670.50000
2026-01-26T12:00:00+00:00,25669.50000,25714.50000,25668.75000,25688.00000
2026-01-26T13:00:00+00:00,25688.50000,25721.75000,25658.00000,25716.25000
2026-01-26T14:00:00+00:00,25716.25000,25853.50000,25704.25000,25837.25000
2026-01-26T15:00:00+00:00,25837.00000,25898.50000,25803.00000,25881.25000
2026-01-26T16:00:00+00:00,25881.00000,25928.50000,25850.75000,25906.25000
2026-01-26T17:00:00+00:00,25906.50000,25936.50000,25881.75000,25891.25000
2026-01-26T18:00:00+00:00,25890.50000,25932.25000,25873.50000,25898.75000
2026-01-26T19:00:00+00:00,25898.25000,25913.75000,25877.75000,25878.50000
2026-01-26T20:00:00+00:00,25879.00000,25895.00000,25840.50000,25844.50000
2026-01-26T21:00:00+00:00,25844.25000,25871.00000,25834.00000,25861.25000
2026-01-26T23:00:00+00:00,25861.25000,25897.00000,25838.50000,25890.50000
2026-01-27T00:00:00+00:00,25890.50000,25902.75000,25875.00000,25898.75000
2026-01-27T01:00:00+00:00,25898.50000,25927.00000,25895.25000,25922.00000
2026-01-27T02:00:00+00:00,25922.00000,25975.00000,25921.25000,25971.25000
2026-01-27T03:00:00+00:00,25970.50000,25979.50000,25962.50000,25975.50000
2026-01-27T04:00:00+00:00,25975.75000,26002.75000,25971.50000,25990.00000
2026-01-27T05:00:00+00:00,25980.50000,26009.75000,25972.50000,26008.25000
2026-01-27T06:00:00+00:00,26007.75000,26028.25000,25999.00000,26001.25000
2026-01-27T07:00:00+00:00,26002.50000,26020.50000,25992.00000,26006.25000
2026-01-27T08:00:00+00:00,26006.00000,26011.75000,25967.00000,25984.50000
2026-01-27T09:00:00+00:00,25983.75000,25994.75000,25967.25000,25973.75000
2026-01-27T10:00:00+00:00,25974.00000,26007.75000,25970.00000,26005.75000
2026-01-27T11:00:00+00:00,26005.50000,26043.00000,25991.75000,26032.00000
2026-01-27T12:00:00+00:00,26031.50000,26033.50000,25991.00000,26004.00000
2026-01-27T13:00:00+00:00,26003.75000,26018.00000,25982.50000,25989.75000
2026-01-27T14:00:00+00:00,25990.50000,26058.00000,25917.25000,26053.25000
2026-01-27T15:00:00+00:00,26052.50000,26098.50000,26021.50000,26078.50000
2026-01-27T16:00:00+00:00,26078.50000,26106.75000,26073.25000,26079.75000
2026-01-27T17:00:00+00:00,26080.00000,26092.00000,26050.25000,26061.75000
2026-01-27T18:00:00+00:00,26062.00000,26097.75000,26038.00000,26090.25000
2026-01-27T19:00:00+00:00,26090.00000,26099.75000,26072.75000,26091.75000
2026-01-27T20:00:00+00:00,26092.00000,26114.25000,26068.25000,26075.50000
2026-01-27T21:00:00+00:00,26075.50000,26118.00000,26058.75000,26110.00000
2026-01-27T23:00:00+00:00,26111.25000,26148.00000,26111.25000,26137.50000
2026-01-28T00:00:00+00:00,26138.25000,26208.50000,26135.50000,26206.00000
2026-01-28T01:00:00+00:00,26206.75000,26228.25000,26201.75000,26205.25000
2026-01-28T02:00:00+00:00,26204.00000,26221.75000,26203.75000,26214.00000
2026-01-28T03:00:00+00:00,26213.75000,26218.75000,26192.50000,26199.00000
2026-01-28T04:00:00+00:00,26200.50000,26227.50000,26200.50000,26219.75000
2026-01-28T05:00:00+00:00,26224.75000,26248.75000,26224.75000,26245.50000
2026-01-28T06:00:00+00:00,26246.00000,26349.00000,26246.00000,26302.75000
2026-01-28T07:00:00+00:00,26301.75000,26324.00000,26289.00000,26316.00000
2026-01-28T08:00:00+00:00,26315.50000,26331.50000,26271.00000,26279.00000
2026-01-28T09:00:00+00:00,26279.50000,26290.50000,26252.50000,26284.50000
2026-01-28T10:00:00+00:00,26285.25000,26320.75000,26272.50000,26316.75000
2026-01-28T11:00:00+00:00,26317.25000,26326.75000,26287.50000,26318.75000
2026-01-28T12:00:00+00:00,26319.25000,26320.75000,26264.75000,26281.00000
2026-01-28T13:00:00+00:00,26281.25000,26306.00000,26255.25000,26273.50000
2026-01-28T14:00:00+00:00,26273.50000,26301.00000,26213.75000,26253.50000
2026-01-28T15:00:00+00:00,26253.00000,26265.50000,26159.50000,26162.75000
2026-01-28T16:00:00+00:00,26162.50000,26198.50000,26100.75000,26116.75000
2026-01-28T17:00:00+00:00,26117.25000,26165.50000,26110.50000,26140.75000
2026-01-28T18:00:00+00:00,26140.50000,26180.00000,26122.00000,26171.50000
2026-01-28T19:00:00+00:00,26171.00000,26210.25000,26112.75000,26160.75000
2026-01-28T20:00:00+00:00,26161.00000,26212.25000,26131.25000,26150.75000
2026-01-28T21:00:00+00:00,26150.00000,26287.75000,25993.25000,26268.25000
2026-01-28T23:00:00+00:00,26282.50000,26296.00000,26160.00000,26170.25000
2026-01-29T00:00:00+00:00,26173.25000,26180.50000,26104.25000,26163.00000
2026-01-29T01:00:00+00:00,26163.25000,26168.25000,26085.50000,26128.75000
2026-01-29T02:00:00+00:00,26129.25000,26177.25000,26122.75000,26162.50000
2026-01-29T03:00:00+00:00,26163.00000,26199.75000,26162.00000,26197.75000
2026-01-29T04:00:00+00:00,26200.00000,26233.25000,26195.25000,26229.75000
2026-01-29T05:00:00+00:00,26221.00000,26249.50000,26210.25000,26234.25000
2026-01-29T06:00:00+00:00,26233.25000,26266.75000,26231.75000,26246.75000
2026-01-29T07:00:00+00:00,26246.50000,26276.50000,26231.50000,26255.25000
2026-01-29T08:00:00+00:00,26255.50000,26280.50000,26226.50000,26248.75000
2026-01-29T09:00:00+00:00,26248.75000,26273.25000,26210.00000,26211.75000
2026-01-29T10:00:00+00:00,26211.00000,26237.00000,26187.00000,26191.75000
2026-01-29T11:00:00+00:00,26191.75000,26208.75000,26175.25000,26200.00000
2026-01-29T12:00:00+00:00,26201.00000,26221.75000,26156.50000,26176.25000
2026-01-29T13:00:00+00:00,26176.00000,26203.50000,26150.50000,26194.75000
2026-01-29T14:00:00+00:00,26194.25000,26196.75000,25858.00000,25864.00000
2026-01-29T15:00:00+00:00,25864.50000,25868.25000,25536.00000,25576.75000
2026-01-29T16:00:00+00:00,25576.75000,25739.75000,25538.00000,25711.25000
2026-01-29T17:00:00+00:00,25711.25000,25878.75000,25708.75000,25760.50000
2026-01-29T18:00:00+00:00,25760.25000,25891.50000,25758.25000,25836.75000
2026-01-29T19:00:00+00:00,25836.25000,25898.50000,25820.00000,25849.00000
2026-01-29T20:00:00+00:00,25849.25000,26020.00000,25841.50000,25994.25000
2026-01-29T21:00:00+00:00,25998.25000,26050.00000,25951.00000,25982.50000
2026-01-29T23:00:00+00:00,25998.50000,26020.00000,25882.75000,25972.25000
2026-01-30T00:00:00+00:00,25972.50000,25993.75000,25907.25000,25930.00000
2026-01-30T01:00:00+00:00,25931.00000,25933.75000,25797.75000,25852.25000
2026-01-30T02:00:00+00:00,25852.25000,25866.25000,25736.00000,25843.00000
2026-01-30T03:00:00+00:00,25843.75000,25888.00000,25827.75000,25847.00000
2026-01-30T04:00:00+00:00,25846.75000,25896.00000,25843.25000,25853.75000
2026-01-30T05:00:00+00:00,25885.75000,25886.00000,25832.25000,25833.00000
2026-01-30T06:00:00+00:00,25833.75000,25838.50000,25737.00000,25751.50000
2026-01-30T07:00:00+00:00,25750.75000,25804.00000,25700.00000,25707.25000
2026-01-30T08:00:00+00:00,25710.50000,25792.50000,25682.00000,25768.75000
2026-01-30T09:00:00+00:00,25768.75000,25786.75000,25649.75000,25696.75000
2026-01-30T10:00:00+00:00,25696.50000,25790.00000,25694.00000,25764.75000
2026-01-30T11:00:00+00:00,25765.25000,25884.00000,25763.75000,25871.00000
2026-01-30T12:00:00+00:00,25870.25000,25905.25000,25821.75000,25846.50000
2026-01-30T13:00:00+00:00,25847.00000,25888.00000,25752.50000,25826.25000
2026-01-30T14:00:00+00:00,25825.75000,25940.00000,25805.50000,25827.75000
2026-01-30T15:00:00+00:00,25827.25000,25934.00000,25770.75000,25841.50000
2026-01-30T16:00:00+00:00,25842.00000,25869.00000,25744.25000,25757.50000
2026-01-30T17:00:00+00:00,25758.25000,25795.75000,25678.25000,25679.50000
2026-01-30T18:00:00+00:00,25677.75000,25771.75000,25568.75000,25741.00000
2026-01-30T19:00:00+00:00,25741.25000,25781.50000,25652.00000,25658.50000
2026-01-30T20:00:00+00:00,25657.75000,25731.75000,25571.25000,25672.75000
2026-01-30T21:00:00+00:00,25677.75000,25707.00000,25625.50000,25670.00000
2026-02-01T23:00:00+00:00,25421.75000,25571.75000,25373.75000,25532.75000
2026-02-02T00:00:00+00:00,25532.50000,25645.75000,25487.00000,25605.50000
2026-02-02T01:00:00+00:00,25605.25000,25637.00000,25400.00000,25407.25000
2026-02-02T02:00:00+00:00,25408.25000,25449.75000,25357.25000,25367.75000
2026-02-02T03:00:00+00:00,25366.75000,25386.75000,25262.75000,25278.75000
2026-02-02T04:00:00+00:00,25281.50000,25376.00000,25216.25000,25352.50000
2026-02-02T05:00:00+00:00,25341.50000,25348.50000,25235.75000,25250.75000
2026-02-02T06:00:00+00:00,25250.00000,25274.00000,25180.25000,25232.00000
2026-02-02T07:00:00+00:00,25233.00000,25351.00000,25233.00000,25348.50000
2026-02-02T08:00:00+00:00,25348.50000,25426.00000,25340.50000,25401.75000
2026-02-02T09:00:00+00:00,25401.50000,25463.00000,25355.75000,25454.00000
2026-02-02T10:00:00+00:00,25453.25000,25473.50000,25391.25000,25406.50000
2026-02-02T11:00:00+00:00,25407.75000,25491.25000,25401.00000,25452.25000
2026-02-02T12:00:00+00:00,25451.00000,25527.25000,25450.00000,25487.75000
2026-02-02T13:00:00+00:00,25486.75000,25540.00000,25456.00000,25529.25000
2026-02-02T14:00:00+00:00,25529.75000,25799.50000,25520.25000,25749.25000
2026-02-02T15:00:00+00:00,25746.75000,25912.25000,25733.00000,25840.50000
2026-02-02T16:00:00+00:00,25840.25000,25905.25000,25803.00000,25893.50000
2026-02-02T17:00:00+00:00,25893.50000,25941.75000,25888.50000,25923.50000
2026-02-02T18:00:00+00:00,25923.75000,25949.50000,25897.50000,25941.75000
2026-02-02T19:00:00+00:00,25941.75000,25945.00000,25841.50000,25846.50000
2026-02-02T20:00:00+00:00,25846.75000,25900.00000,25821.75000,25856.25000
2026-02-02T21:00:00+00:00,25856.00000,25896.00000,25835.75000,25873.25000
2026-02-02T23:00:00+00:00,25876.50000,25977.00000,25866.50000,25948.25000
2026-02-03T00:00:00+00:00,25947.75000,25984.75000,25913.50000,25953.00000
2026-02-03T01:00:00+00:00,25954.00000,25990.75000,25948.00000,25960.25000
2026-02-03T02:00:00+00:00,25959.00000,25960.00000,25900.50000,25928.75000
2026-02-03T03:00:00+00:00,25926.50000,25964.75000,25913.00000,25956.50000
2026-02-03T04:00:00+00:00,25955.75000,25988.00000,25953.00000,25978.50000
2026-02-03T05:00:00+00:00,25960.50000,25996.75000,25952.00000,25986.25000
2026-02-03T06:00:00+00:00,25987.75000,26007.25000,25973.50000,25992.25000
2026-02-03T07:00:00+00:00,25991.25000,26027.75000,25974.25000,26012.50000
2026-02-03T08:00:00+00:00,26012.00000,26024.00000,25970.25000,25977.75000
2026-02-03T09:00:00+00:00,25977.00000,26009.75000,25958.25000,25969.25000
2026-02-03T10:00:00+00:00,25970.50000,25990.00000,25944.75000,25955.75000
2026-02-03T11:00:00+00:00,25955.75000,25965.25000,25935.00000,25945.50000
2026-02-03T12:00:00+00:00,25945.25000,25996.25000,25923.50000,25981.75000
2026-02-03T13:00:00+00:00,25983.00000,26003.50000,25961.50000,25967.25000
2026-02-03T14:00:00+00:00,25967.00000,25976.75000,25623.25000,25633.00000
2026-02-03T15:00:00+00:00,25632.75000,25646.75000,25470.25000,25617.50000
2026-02-03T16:00:00+00:00,25617.50000,25619.75000,25467.75000,25491.25000
2026-02-03T17:00:00+00:00,25491.50000,25502.50000,25345.00000,25387.25000
2026-02-03T18:00:00+00:00,25386.50000,25423.50000,25245.50000,25245.50000
2026-02-03T19:00:00+00:00,25245.50000,25359.25000,25219.00000,25316.25000
2026-02-03T20:00:00+00:00,25316.25000,25459.00000,25269.50000,25446.25000
2026-02-03T21:00:00+00:00,25445.75000,25477.00000,25380.50000,25421.25000
2026-02-03T23:00:00+00:00,25387.50000,25442.00000,25362.00000,25428.00000
2026-02-04T00:00:00+00:00,25427.75000,25435.75000,25375.75000,25376.50000
2026-02-04T01:00:00+00:00,25377.50000,25454.75000,25377.50000,25440.75000
2026-02-04T02:00:00+00:00,25441.50000,25473.75000,25399.50000,25412.25000
2026-02-04T03:00:00+00:00,25412.75000,25451.75000,25402.25000,25433.25000
2026-02-04T04:00:00+00:00,25433.50000,25448.00000,25418.00000,25426.50000
2026-02-04T05:00:00+00:00,25421.50000,25443.25000,25408.75000,25443.00000
2026-02-04T06:00:00+00:00,25442.50000,25489.75000,25435.50000,25471.50000
2026-02-04T07:00:00+00:00,25470.75000,25514.25000,25469.25000,25503.00000
2026-02-04T08:00:00+00:00,25502.25000,25509.50000,25400.75000,25426.50000
2026-02-04T09:00:00+00:00,25427.75000,25449.50000,25354.50000,25403.75000
2026-02-04T10:00:00+00:00,25402.25000,25466.25000,25395.25000,25449.50000
2026-02-04T11:00:00+00:00,25450.75000,25483.50000,25436.75000,25474.25000
2026-02-04T12:00:00+00:00,25474.75000,25490.50000,25396.75000,25405.75000
2026-02-04T13:00:00+00:00,25406.25000,25418.00000,25342.00000,25358.00000
2026-02-04T14:00:00+00:00,25356.25000,25390.00000,25186.00000,25194.25000
2026-02-04T15:00:00+00:00,25194.25000,25305.00000,25108.00000,25151.50000
2026-02-04T16:00:00+00:00,25152.25000,25171.50000,24928.00000,25035.50000
2026-02-04T17:00:00+00:00,25035.75000,25057.50000,24783.50000,24874.25000
2026-02-04T18:00:00+00:00,24873.75000,24959.75000,24819.00000,24925.00000
2026-02-04T19:00:00+00:00,24923.50000,25115.50000,24863.75000,25106.25000
2026-02-04T20:00:00+00:00,25106.00000,25123.75000,24983.50000,24996.50000
2026-02-04T21:00:00+00:00,24996.50000,25181.25000,24876.00000,25117.00000
2026-02-04T22:00:00+00:00,25116.50000,25116.50000,25116.25000,25116.25000
2026-02-04T23:00:00+00:00,25061.75000,25125.00000,25042.00000,25067.00000
2026-02-05T00:00:00+00:00,25067.50000,25135.50000,25030.75000,25107.25000
2026-02-05T01:00:00+00:00,25109.25000,25169.00000,25099.25000,25122.75000
2026-02-05T02:00:00+00:00,25124.00000,25135.00000,24959.25000,24961.75000
2026-02-05T03:00:00+00:00,24962.00000,25037.00000,24929.75000,24947.50000
2026-02-05T04:00:00+00:00,24949.00000,25027.00000,24915.75000,25006.00000
2026-02-05T05:00:00+00:00,24983.25000,25045.50000,24963.75000,24996.75000
2026-02-05T06:00:00+00:00,24996.75000,25077.25000,24992.50000,25073.00000
2026-02-05T07:00:00+00:00,25072.50000,25089.75000,25041.25000,25044.75000
2026-02-05T08:00:00+00:00,25043.75000,25123.75000,24998.00000,24998.25000
2026-02-05T09:00:00+00:00,25000.00000,25096.75000,24978.75000,25030.75000
2026-02-05T10:00:00+00:00,25031.00000,25092.00000,25022.50000,25033.75000
2026-02-05T11:00:00+00:00,25033.75000,25065.00000,24991.00000,25028.25000
2026-02-05T12:00:00+00:00,25031.50000,25056.50000,24707.50000,24793.50000
2026-02-05T13:00:00+00:00,24792.50000,24869.25000,24758.75000,24767.75000
2026-02-05T14:00:00+00:00,24768.25000,24960.75000,24652.00000,24769.25000
2026-02-05T15:00:00+00:00,24769.00000,24800.75000,24550.00000,24634.50000
2026-02-05T16:00:00+00:00,24634.25000,24856.50000,24543.25000,24829.00000
2026-02-05T17:00:00+00:00,24829.50000,24887.50000,24722.25000,24782.25000
2026-02-05T18:00:00+00:00,24783.75000,24834.50000,24662.00000,24700.25000
2026-02-05T19:00:00+00:00,24700.25000,24839.25000,24672.50000,24712.00000
2026-02-05T20:00:00+00:00,24711.75000,24808.00000,24567.75000,24638.75000
2026-02-05T21:00:00+00:00,24638.75000,24720.00000,24407.25000,24425.25000
2026-02-05T23:00:00+00:00,24416.00000,24474.00000,24294.00000,24336.00000
2026-02-06T00:00:00+00:00,24334.75000,24409.25000,24239.75000,24400.00000
2026-02-06T01:00:00+00:00,24401.00000,24536.00000,24340.75000,24531.25000
2026-02-06T02:00:00+00:00,24531.00000,24579.50000,24510.75000,24534.25000
2026-02-06T03:00:00+00:00,24534.25000,24565.50000,24472.25000,24528.25000
2026-02-06T04:00:00+00:00,24527.50000,24527.50000,24425.25000,24448.00000
2026-02-06T05:00:00+00:00,24442.75000,24597.25000,24430.75000,24582.75000
2026-02-06T06:00:00+00:00,24582.00000,24613.75000,24540.25000,24547.75000
2026-02-06T07:00:00+00:00,24546.75000,24578.25000,24506.00000,24557.25000
2026-02-06T08:00:00+00:00,24556.75000,24606.00000,24490.75000,24583.75000
2026-02-06T09:00:00+00:00,24584.00000,24783.75000,24562.25000,24750.75000
2026-02-06T10:00:00+00:00,24749.50000,24798.50000,24712.00000,24794.75000
2026-02-06T11:00:00+00:00,24793.00000,24873.25000,24789.00000,24855.00000
2026-02-06T12:00:00+00:00,24854.00000,24860.50000,24761.00000,24782.00000
2026-02-06T13:00:00+00:00,24782.75000,24851.75000,24758.25000,24799.75000
2026-02-06T14:00:00+00:00,24797.00000,24984.00000,24700.75000,24850.75000
2026-02-06T15:00:00+00:00,24856.75000,24962.25000,24743.25000,24895.75000
2026-02-06T16:00:00+00:00,24895.25000,25051.75000,24880.50000,25000.75000
2026-02-06T17:00:00+00:00,25001.00000,25108.75000,24986.50000,25092.50000
2026-02-06T18:00:00+00:00,25092.25000,25124.00000,25074.00000,25084.50000
2026-02-06T19:00:00+00:00,25084.25000,25108.75000,25065.25000,25070.75000
2026-02-06T20:00:00+00:00,25070.25000,25222.00000,25052.75000,25148.00000
2026-02-06T21:00:00+00:00,25147.50000,25164.00000,25090.00000,25163.25000
2026-02-08T23:00:00+00:00,25242.75000,25294.50000,25223.25000,25276.75000
2026-02-09T00:00:00+00:00,25275.00000,25346.50000,25258.00000,25262.75000
2026-02-09T01:00:00+00:00,25263.75000,25266.00000,25194.50000,25217.75000
2026-02-09T02:00:00+00:00,25216.50000,25263.75000,25208.75000,25227.75000
2026-02-09T03:00:00+00:00,25228.00000,25242.00000,25188.75000,25189.25000
2026-02-09T04:00:00+00:00,25189.50000,25223.00000,25179.50000,25185.75000
2026-02-09T05:00:00+00:00,25187.50000,25228.00000,25176.50000,25215.25000
2026-02-09T06:00:00+00:00,25216.00000,25222.00000,25156.50000,25166.75000
2026-02-09T07:00:00+00:00,25167.00000,25181.25000,25120.75000,25159.75000
2026-02-09T08:00:00+00:00,25158.25000,25215.25000,25148.25000,25161.00000
2026-02-09T09:00:00+00:00,25160.50000,25185.25000,25073.00000,25089.00000
2026-02-09T10:00:00+00:00,25088.25000,25093.75000,24968.50000,25044.00000
2026-02-09T11:00:00+00:00,25045.75000,25071.75000,25018.75000,25047.50000
2026-02-09T12:00:00+00:00,25049.25000,25104.00000,25015.25000,25101.00000
2026-02-09T13:00:00+00:00,25101.00000,25155.75000,25074.25000,25079.00000
2026-02-09T14:00:00+00:00,25080.00000,25188.50000,24955.50000,25113.25000
2026-02-09T15:00:00+00:00,25112.25000,25329.00000,25102.75000,25312.25000
2026-02-09T16:00:00+00:00,25311.50000,25404.00000,25305.75000,25391.00000
2026-02-09T17:00:00+00:00,25390.75000,25416.50000,25349.50000,25355.25000
2026-02-09T18:00:00+00:00,25355.00000,25388.75000,25312.00000,25369.50000
2026-02-09T19:00:00+00:00,25370.00000,25428.75000,25363.75000,25399.00000
2026-02-09T20:00:00+00:00,25399.25000,25413.00000,25332.25000,25338.50000
2026-02-09T21:00:00+00:00,25338.50000,25374.75000,25334.25000,25361.50000
2026-02-09T23:00:00+00:00,25363.00000,25395.50000,25328.00000,25344.25000
2026-02-10T00:00:00+00:00,25344.75000,25362.75000,25310.00000,25335.25000
2026-02-10T01:00:00+00:00,25335.50000,25352.00000,25300.00000,25334.75000
2026-02-10T02:00:00+00:00,25334.00000,25336.00000,25287.25000,25306.25000
2026-02-10T03:00:00+00:00,25307.00000,25313.75000,25278.50000,25300.25000
2026-02-10T04:00:00+00:00,25299.00000,25346.50000,25298.75000,25343.50000
2026-02-10T05:00:00+00:00,25334.25000,25358.25000,25311.75000,25351.75000
2026-02-10T06:00:00+00:00,25352.50000,25354.25000,25291.75000,25313.25000
2026-02-10T07:00:00+00:00,25314.25000,25349.00000,25307.00000,25348.50000
2026-02-10T08:00:00+00:00,25349.75000,25367.00000,25322.75000,25334.25000
2026-02-10T09:00:00+00:00,25335.00000,25407.50000,25334.25000,25364.00000
2026-02-10T10:00:00+00:00,25363.75000,25374.25000,25341.75000,25355.25000
2026-02-10T11:00:00+00:00,25355.00000,25373.75000,25334.00000,25370.00000
2026-02-10T12:00:00+00:00,25369.75000,25421.50000,25337.00000,25339.25000
2026-02-10T13:00:00+00:00,25339.00000,25374.75000,25292.25000,25372.75000
2026-02-10T14:00:00+00:00,25372.75000,25410.00000,25255.75000,25392.25000
2026-02-10T15:00:00+00:00,25392.50000,25447.25000,25348.00000,25375.00000
2026-02-10T16:00:00+00:00,25375.00000,25400.25000,25316.25000,25327.00000
2026-02-10T17:00:00+00:00,25327.25000,25397.75000,25304.00000,25384.00000
2026-02-10T18:00:00+00:00,25383.75000,25386.00000,25270.75000,25312.50000
2026-02-10T19:00:00+00:00,25312.50000,25323.25000,25274.50000,25294.50000
2026-02-10T20:00:00+00:00,25292.50000,25296.75000,25198.25000,25219.00000
2026-02-10T21:00:00+00:00,25219.00000,25258.00000,25208.00000,25257.25000
2026-02-10T23:00:00+00:00,25259.00000,25287.75000,25252.75000,25272.75000
2026-02-11T00:00:00+00:00,25273.50000,25297.00000,25266.25000,25290.50000
2026-02-11T01:00:00+00:00,25291.00000,25326.25000,25290.25000,25316.25000
2026-02-11T02:00:00+00:00,25315.75000,25330.00000,25306.75000,25322.25000
2026-02-11T03:00:00+00:00,25322.25000,25345.50000,25303.25000,25337.75000
2026-02-11T04:00:00+00:00,25338.50000,25340.00000,25295.75000,25304.75000
2026-02-11T05:00:00+00:00,25315.75000,25325.75000,25278.75000,25287.50000
2026-02-11T06:00:00+00:00,25287.75000,25316.00000,25267.50000,25270.75000
2026-02-11T07:00:00+00:00,25270.25000,25290.00000,25253.00000,25271.00000
2026-02-11T08:00:00+00:00,25271.00000,25278.50000,25209.75000,25250.25000
2026-02-11T09:00:00+00:00,25250.00000,25279.00000,25204.00000,25205.25000
2026-02-11T10:00:00+00:00,25204.25000,25207.50000,25146.25000,25207.50000
2026-02-11T11:00:00+00:00,25207.50000,25250.00000,25205.75000,25209.00000
2026-02-11T12:00:00+00:00,25210.00000,25276.00000,25206.00000,25247.50000
2026-02-11T13:00:00+00:00,25245.75000,25452.00000,25236.25000,25444.25000
2026-02-11T14:00:00+00:00,25443.50000,25465.25000,25290.00000,25305.25000
2026-02-11T15:00:00+00:00,25306.50000,25343.25000,25058.25000,25244.00000
2026-02-11T16:00:00+00:00,25244.25000,25275.00000,25175.00000,25181.00000
2026-02-11T17:00:00+00:00,25180.75000,25325.00000,25141.75000,25263.75000
2026-02-11T18:00:00+00:00,25264.50000,25312.50000,25200.75000,25301.25000
2026-02-11T19:00:00+00:00,25302.00000,25360.50000,25257.75000,25309.00000
2026-02-11T20:00:00+00:00,25308.75000,25322.50000,25271.75000,25278.25000
2026-02-11T21:00:00+00:00,25278.00000,25308.00000,25268.00000,25278.75000
2026-02-11T23:00:00+00:00,25289.00000,25296.50000,25206.00000,25235.25000
2026-02-12T00:00:00+00:00,25233.25000,25273.00000,25214.25000,25265.25000
2026-02-12T01:00:00+00:00,25266.25000,25314.75000,25242.50000,25301.00000
2026-02-12T02:00:00+00:00,25301.75000,25310.50000,25268.75000,25293.50000
2026-02-12T03:00:00+00:00,25292.50000,25320.75000,25282.00000,25310.00000
2026-02-12T04:00:00+00:00,25311.50000,25339.50000,25303.00000,25328.50000
2026-02-12T05:00:00+00:00,25334.00000,25344.75000,25327.75000,25337.00000
2026-02-12T06:00:00+00:00,25338.50000,25344.50000,25292.00000,25319.75000
2026-02-12T07:00:00+00:00,25319.25000,25359.25000,25313.00000,25351.00000
2026-02-12T08:00:00+00:00,25350.25000,25369.25000,25324.75000,25353.50000
2026-02-12T09:00:00+00:00,25352.75000,25364.25000,25330.00000,25355.75000
2026-02-12T10:00:00+00:00,25354.75000,25374.00000,25334.00000,25349.75000
2026-02-12T11:00:00+00:00,25349.75000,25370.50000,25338.25000,25366.50000
2026-02-12T12:00:00+00:00,25365.75000,25384.00000,25343.00000,25356.75000
2026-02-12T13:00:00+00:00,25356.25000,25419.75000,25320.25000,25395.75000
2026-02-12T14:00:00+00:00,25396.25000,25400.25000,25186.25000,25206.50000
2026-02-12T15:00:00+00:00,25208.25000,25260.25000,25006.50000,25010.25000
2026-02-12T16:00:00+00:00,25011.00000,25031.75000,24805.75000,24878.50000
2026-02-12T17:00:00+00:00,24878.00000,24940.75000,24823.75000,24825.25000
2026-02-12T18:00:00+00:00,24825.50000,24929.75000,24800.25000,24905.50000
2026-02-12T19:00:00+00:00,24906.25000,24943.75000,24846.50000,24898.50000
2026-02-12T20:00:00+00:00,24899.75000,24912.75000,24721.50000,24762.75000
2026-02-12T21:00:00+00:00,24765.25000,24839.75000,24743.75000,24822.00000
2026-02-12T23:00:00+00:00,24842.25000,24856.75000,24744.75000,24824.00000
2026-02-13T00:00:00+00:00,24820.00000,24864.75000,24709.75000,24731.25000
2026-02-13T01:00:00+00:00,24731.25000,24821.25000,24730.25000,24787.00000
2026-02-13T02:00:00+00:00,24786.75000,24832.25000,24786.25000,24802.75000
2026-02-13T03:00:00+00:00,24803.75000,24820.75000,24745.25000,24750.25000
2026-02-13T04:00:00+00:00,24750.50000,24802.50000,24744.50000,24762.50000
2026-02-13T05:00:00+00:00,24759.00000,24767.25000,24690.75000,24712.50000
2026-02-13T06:00:00+00:00,24711.75000,24731.00000,24642.25000,24714.25000
2026-02-13T07:00:00+00:00,24713.50000,24762.25000,24711.25000,24747.00000
2026-02-13T08:00:00+00:00,24746.75000,24785.50000,24675.00000,24775.25000
2026-02-13T09:00:00+00:00,24775.50000,24808.00000,24732.00000,24774.00000
2026-02-13T10:00:00+00:00,24773.25000,24799.50000,24727.50000,24729.75000
2026-02-13T11:00:00+00:00,24730.75000,24738.50000,24624.00000,24721.25000
2026-02-13T12:00:00+00:00,24721.50000,24745.75000,24667.25000,24695.50000
2026-02-13T13:00:00+00:00,24694.00000,24823.25000,24620.50000,24781.50000
2026-02-13T14:00:00+00:00,24780.75000,24849.50000,24578.75000,24698.25000
2026-02-13T15:00:00+00:00,24699.00000,24928.50000,24692.25000,24810.25000
2026-02-13T16:00:00+00:00,24811.00000,24934.50000,24762.75000,24894.50000
2026-02-13T17:00:00+00:00,24894.25000,24993.50000,24883.50000,24938.25000
2026-02-13T18:00:00+00:00,24938.50000,24995.50000,24900.75000,24939.75000
2026-02-13T19:00:00+00:00,24940.50000,24968.50000,24848.75000,24852.75000
2026-02-13T20:00:00+00:00,24852.25000,24890.50000,24731.75000,24802.75000
2026-02-13T21:00:00+00:00,24801.75000,24828.00000,24771.00000,24773.50000
2026-02-15T23:00:00+00:00,24803.25000,24838.75000,24793.25000,24836.25000
2026-02-16T00:00:00+00:00,24831.75000,24849.25000,24810.50000,24834.25000
2026-02-16T01:00:00+00:00,24835.00000,24868.75000,24822.25000,24861.00000
2026-02-16T02:00:00+00:00,24860.50000,24872.50000,24827.50000,24832.00000
2026-02-16T03:00:00+00:00,24832.75000,24836.50000,24808.25000,24823.50000
2026-02-16T04:00:00+00:00,24824.25000,24840.00000,24820.00000,24826.00000
2026-02-17T05:00:00+00:00,24623.75000,24626.00000,24558.25000,24582.75000
2026-02-17T06:00:00+00:00,24582.75000,24641.00000,24582.75000,24627.25000
2026-02-17T07:00:00+00:00,24628.00000,24663.75000,24584.00000,24660.00000
2026-02-17T08:00:00+00:00,24659.75000,24726.75000,24623.75000,24639.50000
2026-02-17T09:00:00+00:00,24641.25000,24695.50000,24636.75000,24686.75000
2026-02-17T10:00:00+00:00,24687.50000,24697.50000,24590.00000,24607.50000
2026-02-17T11:00:00+00:00,24606.75000,24638.00000,24572.25000,24623.75000
2026-02-17T12:00:00+00:00,24622.75000,24666.75000,24577.75000,24584.50000
2026-02-17T13:00:00+00:00,24584.25000,24705.25000,24518.00000,24612.00000
2026-02-17T14:00:00+00:00,24613.00000,24815.75000,24475.00000,24485.75000
2026-02-17T15:00:00+00:00,24483.75000,24641.00000,24449.25000,24600.25000
2026-02-17T16:00:00+00:00,24599.25000,24796.75000,24593.25000,24759.25000
2026-02-17T17:00:00+00:00,24759.00000,24764.50000,24608.75000,24697.50000
2026-02-17T18:00:00+00:00,24698.00000,24874.75000,24649.25000,24845.00000
2026-02-17T19:00:00+00:00,24845.50000,24889.75000,24807.75000,24815.00000
2026-02-17T20:00:00+00:00,24815.00000,24841.75000,24735.75000,24776.75000
2026-02-17T21:00:00+00:00,24776.75000,24818.50000,24755.25000,24768.25000
2026-02-17T23:00:00+00:00,24773.75000,24783.25000,24700.75000,24711.00000
2026-02-18T00:00:00+00:00,24711.25000,24754.75000,24708.50000,24727.00000
2026-02-18T01:00:00+00:00,24724.75000,24746.25000,24709.50000,24744.50000
2026-02-18T02:00:00+00:00,24745.75000,24770.75000,24736.00000,24758.00000
2026-02-18T03:00:00+00:00,24758.75000,24798.75000,24736.50000,24794.25000
2026-02-18T04:00:00+00:00,24794.00000,24840.00000,24783.25000,24837.00000
2026-02-18T05:00:00+00:00,24828.00000,24847.00000,24820.00000,24825.50000
2026-02-18T06:00:00+00:00,24826.00000,24846.75000,24809.00000,24823.50000
2026-02-18T07:00:00+00:00,24823.00000,24842.00000,24802.00000,24834.75000
2026-02-18T08:00:00+00:00,24833.50000,24916.00000,24833.50000,24903.50000
2026-02-18T09:00:00+00:00,24903.25000,24941.50000,24899.75000,24909.00000
2026-02-18T10:00:00+00:00,24910.00000,24940.50000,24908.00000,24921.75000
2026-02-18T11:00:00+00:00,24921.75000,24928.00000,24889.75000,24895.00000
2026-02-18T12:00:00+00:00,24894.50000,24962.50000,24844.00000,24889.50000
2026-02-18T13:00:00+00:00,24890.50000,24921.75000,24817.25000,24828.00000
2026-02-18T14:00:00+00:00,24828.75000,24958.50000,24752.00000,24940.00000
2026-02-18T15:00:00+00:00,24940.75000,25099.75000,24937.50000,25086.75000
2026-02-18T16:00:00+00:00,25086.50000,25117.25000,25057.50000,25061.50000
2026-02-18T17:00:00+00:00,25061.25000,25128.25000,25058.75000,25098.25000
2026-02-18T18:00:00+00:00,25097.75000,25127.25000,24981.75000,25027.50000
2026-02-18T19:00:00+00:00,25025.75000,25036.75000,24862.00000,24883.00000
2026-02-18T20:00:00+00:00,24884.00000,24998.00000,24856.00000,24957.50000
2026-02-18T21:00:00+00:00,24957.50000,24967.00000,24926.50000,24936.50000
2026-02-18T23:00:00+00:00,24943.50000,24995.00000,24942.25000,24964.50000
2026-02-19T00:00:00+00:00,24964.50000,24974.00000,24916.25000,24948.00000
2026-02-19T01:00:00+00:00,24946.75000,24994.50000,24937.75000,24972.50000
2026-02-19T02:00:00+00:00,24972.75000,24988.25000,24953.50000,24978.75000
2026-02-19T03:00:00+00:00,24980.00000,24999.50000,24966.00000,24984.00000
2026-02-19T04:00:00+00:00,24985.50000,24994.25000,24953.50000,24956.00000
2026-02-19T05:00:00+00:00,24947.50000,25005.50000,24944.00000,24996.50000
2026-02-19T06:00:00+00:00,24996.00000,25023.50000,24988.25000,25018.50000
2026-02-19T07:00:00+00:00,25019.50000,25047.25000,25008.00000,25020.75000
2026-02-19T08:00:00+00:00,25019.75000,25054.00000,24946.00000,24954.25000
2026-02-19T09:00:00+00:00,24955.00000,24973.00000,24850.50000,24894.25000
2026-02-19T10:00:00+00:00,24892.50000,24902.75000,24825.00000,24854.25000
2026-02-19T11:00:00+00:00,24855.00000,24885.75000,24836.25000,24878.50000
2026-02-19T12:00:00+00:00,24877.75000,24897.00000,24815.00000,24868.00000
2026-02-19T13:00:00+00:00,24869.00000,24881.00000,24798.00000,24853.50000
2026-02-19T14:00:00+00:00,24855.00000,24920.00000,24763.00000,24881.50000
2026-02-19T15:00:00+00:00,24880.00000,24956.50000,24848.25000,24924.25000
2026-02-19T16:00:00+00:00,24925.00000,24959.50000,24801.25000,24843.75000
2026-02-19T17:00:00+00:00,24844.25000,24904.75000,24764.75000,24780.00000
2026-02-19T18:00:00+00:00,24779.50000,24849.00000,24749.00000,24842.00000
2026-02-19T19:00:00+00:00,24840.75000,24849.25000,24751.50000,24782.00000
2026-02-19T20:00:00+00:00,24781.25000,24866.00000,24777.50000,24863.50000
2026-02-19T21:00:00+00:00,24863.50000,24871.50000,24828.75000,24836.00000
2026-02-19T23:00:00+00:00,24837.75000,24889.25000,24826.00000,24877.25000
2026-02-20T00:00:00+00:00,24878.25000,24912.50000,24858.50000,24901.00000
2026-02-20T01:00:00+00:00,24901.50000,24936.00000,24892.00000,24906.75000
2026-02-20T02:00:00+00:00,24908.25000,24934.00000,24878.00000,24897.00000
2026-02-20T03:00:00+00:00,24897.75000,24911.00000,24888.25000,24891.00000
2026-02-20T04:00:00+00:00,24889.25000,24913.75000,24885.50000,24898.50000
2026-02-20T05:00:00+00:00,24907.25000,24948.50000,24904.75000,24943.00000
2026-02-20T06:00:00+00:00,24944.00000,24956.00000,24930.75000,24943.00000
2026-02-20T07:00:00+00:00,24942.75000,24954.50000,24907.50000,24921.50000
2026-02-20T08:00:00+00:00,24921.25000,24942.50000,24896.75000,24936.75000
2026-02-20T09:00:00+00:00,24936.50000,24984.75000,24931.75000,24937.25000
2026-02-20T10:00:00+00:00,24935.75000,24946.75000,24900.75000,24902.00000
2026-02-20T11:00:00+00:00,24902.50000,24902.50000,24811.25000,24830.50000
2026-02-20T12:00:00+00:00,24829.00000,24849.50000,24791.00000,24829.00000
2026-02-20T13:00:00+00:00,24828.00000,24864.00000,24722.50000,24769.25000
2026-02-20T14:00:00+00:00,24769.75000,24957.50000,24678.50000,24897.50000
2026-02-20T15:00:00+00:00,24900.50000,25127.00000,24858.25000,25118.75000
2026-02-20T16:00:00+00:00,25118.25000,25139.50000,24967.25000,25098.00000
2026-02-20T17:00:00+00:00,25098.50000,25109.25000,24879.25000,25034.25000
2026-02-20T18:00:00+00:00,25034.25000,25122.25000,24928.00000,25097.75000
2026-02-20T19:00:00+00:00,25098.50000,25118.75000,25018.00000,25023.00000
2026-02-20T20:00:00+00:00,25023.00000,25079.25000,25014.25000,25074.00000
2026-02-20T21:00:00+00:00,25075.00000,25088.00000,25064.25000,25067.50000
2026-02-22T23:00:00+00:00,25031.00000,25057.75000,24936.50000,24971.00000
2026-02-23T00:00:00+00:00,24970.00000,24971.00000,24848.50000,24852.75000
2026-02-23T01:00:00+00:00,24853.75000,24882.75000,24832.50000,24844.25000
2026-02-23T02:00:00+00:00,24844.25000,24857.25000,24808.00000,24839.00000
2026-02-23T03:00:00+00:00,24839.50000,24863.50000,24813.25000,24841.75000
2026-02-23T04:00:00+00:00,24842.50000,24853.00000,24811.00000,24828.25000
2026-02-23T05:00:00+00:00,24833.50000,24844.25000,24807.25000,24838.25000
2026-02-23T06:00:00+00:00,24838.50000,24869.50000,24832.25000,24867.00000
2026-02-23T07:00:00+00:00,24868.50000,24914.75000,24863.25000,24898.00000
2026-02-23T08:00:00+00:00,24898.75000,24934.50000,24877.50000,24929.75000
2026-02-23T09:00:00+00:00,24931.00000,25004.00000,24930.75000,24983.50000
2026-02-23T10:00:00+00:00,24985.50000,25002.75000,24945.00000,24969.50000
2026-02-23T11:00:00+00:00,24970.75000,24987.25000,24907.25000,24929.50000
2026-02-23T12:00:00+00:00,24928.25000,24943.50000,24883.75000,24904.75000
2026-02-23T13:00:00+00:00,24903.75000,24954.50000,24887.25000,24934.75000
2026-02-23T14:00:00+00:00,24935.00000,25040.00000,24857.75000,24913.75000
2026-02-23T15:00:00+00:00,24913.25000,24952.25000,24738.75000,24743.25000
2026-02-23T16:00:00+00:00,24743.25000,24789.25000,24668.00000,24734.75000
2026-02-23T17:00:00+00:00,24735.00000,24763.75000,24677.50000,24744.75000
2026-02-23T18:00:00+00:00,24744.50000,24820.25000,24720.00000,24727.50000
2026-02-23T19:00:00+00:00,24727.75000,24755.00000,24683.75000,24692.00000
2026-02-23T20:00:00+00:00,24692.00000,24772.75000,24678.75000,24768.00000
2026-02-23T21:00:00+00:00,24769.25000,24796.50000,24758.00000,24786.25000
2026-02-23T23:00:00+00:00,24788.00000,24826.75000,24767.00000,24788.00000
2026-02-24T00:00:00+00:00,24789.00000,24823.50000,24773.50000,24816.00000
2026-02-24T01:00:00+00:00,24815.50000,24835.50000,24795.00000,24822.00000
2026-02-24T02:00:00+00:00,24822.00000,24879.00000,24816.75000,24869.75000
2026-02-24T03:00:00+00:00,24869.75000,24884.25000,24866.75000,24873.25000
2026-02-24T04:00:00+00:00,24874.00000,24884.00000,24865.75000,24878.75000
2026-02-24T05:00:00+00:00,24884.00000,24886.50000,24825.75000,24841.00000
2026-02-24T06:00:00+00:00,24840.50000,24853.25000,24822.75000,24837.75000
2026-02-24T07:00:00+00:00,24837.50000,24868.50000,24830.50000,24833.25000
2026-02-24T08:00:00+00:00,24834.00000,24834.00000,24761.00000,24791.75000
2026-02-24T09:00:00+00:00,24791.25000,24848.00000,24788.25000,24846.50000
2026-02-24T10:00:00+00:00,24847.00000,24865.50000,24825.75000,24842.00000
2026-02-24T11:00:00+00:00,24842.50000,24853.25000,24808.75000,24833.00000
2026-02-24T12:00:00+00:00,24832.50000,24902.25000,24795.25000,24816.25000
2026-02-24T13:00:00+00:00,24816.75000,24892.00000,24814.25000,24877.25000
2026-02-24T14:00:00+00:00,24876.75000,24964.25000,24694.50000,24877.25000
2026-02-24T15:00:00+00:00,24878.50000,25031.00000,24819.50000,24976.50000
2026-02-24T16:00:00+00:00,24976.50000,25047.25000,24969.25000,25028.75000
2026-02-24T17:00:00+00:00,25028.75000,25076.25000,25021.25000,25046.00000
2026-02-24T18:00:00+00:00,25046.00000,25078.75000,25011.50000,25030.00000
2026-02-24T19:00:00+00:00,25030.00000,25060.25000,24988.50000,25021.50000
2026-02-24T20:00:00+00:00,25021.75000,25072.00000,24994.75000,25029.50000
2026-02-24T21:00:00+00:00,25029.50000,25037.00000,25003.25000,25016.25000
2026-02-24T23:00:00+00:00,25016.25000,25051.00000,24992.00000,25043.50000
2026-02-25T00:00:00+00:00,25044.50000,25075.00000,25018.50000,25071.00000
2026-02-25T01:00:00+00:00,25071.25000,25113.25000,25061.50000,25103.50000
2026-02-25T02:00:00+00:00,25103.00000,25114.50000,25082.25000,25107.50000
2026-02-25T03:00:00+00:00,25106.75000,25109.50000,24994.00000,25066.75000
2026-02-25T04:00:00+00:00,25066.75000,25067.75000,25034.50000,25049.25000
2026-02-25T05:00:00+00:00,25059.00000,25067.50000,25030.75000,25040.75000
2026-02-25T06:00:00+00:00,25041.50000,25058.75000,25032.00000,25041.75000
2026-02-25T07:00:00+00:00,25043.00000,25053.50000,25017.50000,25036.25000
2026-02-25T08:00:00+00:00,25036.00000,25090.00000,25036.00000,25074.50000
2026-02-25T09:00:00+00:00,25072.50000,25087.75000,25055.25000,25082.50000
2026-02-25T10:00:00+00:00,25082.75000,25094.75000,25065.50000,25073.25000
2026-02-25T11:00:00+00:00,25074.25000,25128.50000,25068.50000,25124.75000
2026-02-25T12:00:00+00:00,25124.50000,25150.00000,25105.00000,25138.50000
2026-02-25T13:00:00+00:00,25139.25000,25165.75000,25123.75000,25150.25000
2026-02-25T14:00:00+00:00,25150.75000,25353.25000,25129.75000,25344.00000
2026-02-25T15:00:00+00:00,25343.25000,25361.75000,25264.50000,25295.25000
2026-02-25T16:00:00+00:00,25295.25000,25333.25000,25282.75000,25316.50000
2026-02-25T17:00:00+00:00,25316.75000,25355.00000,25310.50000,25352.25000
2026-02-25T18:00:00+00:00,25352.75000,25358.00000,25334.25000,25350.50000
2026-02-25T19:00:00+00:00,25350.25000,25378.50000,25349.50000,25368.75000
2026-02-25T20:00:00+00:00,25368.50000,25396.50000,25352.00000,25383.25000
2026-02-25T21:00:00+00:00,25383.75000,25494.75000,25370.00000,25461.75000
2026-02-25T23:00:00+00:00,25388.25000,25418.25000,25274.75000,25317.25000
2026-02-26T00:00:00+00:00,25315.75000,25341.50000,25302.00000,25315.75000
2026-02-26T01:00:00+00:00,25316.25000,25320.00000,25264.75000,25316.25000
2026-02-26T02:00:00+00:00,25315.50000,25319.25000,25288.75000,25308.00000
2026-02-26T03:00:00+00:00,25306.75000,25323.50000,25294.75000,25301.75000
2026-02-26T04:00:00+00:00,25300.50000,25310.50000,25293.25000,25299.25000
2026-02-26T05:00:00+00:00,25286.00000,25309.75000,25283.50000,25308.00000
2026-02-26T06:00:00+00:00,25308.00000,25345.00000,25307.00000,25327.50000
2026-02-26T07:00:00+00:00,25327.25000,25364.75000,25326.25000,25347.25000
2026-02-26T08:00:00+00:00,25348.00000,25392.25000,25343.25000,25350.00000
2026-02-26T09:00:00+00:00,25349.75000,25401.50000,25346.00000,25378.50000
2026-02-26T10:00:00+00:00,25379.25000,25388.25000,25347.50000,25356.50000
2026-02-26T11:00:00+00:00,25357.50000,25370.00000,25345.25000,25362.00000
2026-02-26T12:00:00+00:00,25361.75000,25390.75000,25360.25000,25374.00000
2026-02-26T13:00:00+00:00,25372.75000,25415.25000,25361.25000,25383.75000
2026-02-26T14:00:00+00:00,25383.00000,25398.75000,25181.25000,25193.00000
2026-02-26T15:00:00+00:00,25193.50000,25210.75000,24861.75000,24998.75000
2026-02-26T16:00:00+00:00,24999.50000,25085.50000,24954.25000,24963.50000
2026-02-26T17:00:00+00:00,24963.75000,25009.25000,24912.00000,24934.75000
2026-02-26T18:00:00+00:00,24935.25000,25030.75000,24888.75000,25001.50000
2026-02-26T19:00:00+00:00,25002.00000,25099.00000,24988.25000,25063.00000
2026-02-26T20:00:00+00:00,25062.75000,25094.75000,25024.00000,25083.25000
2026-02-26T21:00:00+00:00,25082.75000,25090.00000,25024.75000,25028.00000
2026-02-26T23:00:00+00:00,25024.25000,25038.00000,24955.00000,24995.25000
2026-02-27T00:00:00+00:00,24995.00000,25026.50000,24954.75000,24986.00000
2026-02-27T01:00:00+00:00,24986.00000,25018.25000,24971.00000,24991.75000
2026-02-27T02:00:00+00:00,24994.50000,25033.25000,24985.25000,25031.75000
2026-02-27T03:00:00+00:00,25032.00000,25036.00000,25001.75000,25024.75000
2026-02-27T04:00:00+00:00,25026.50000,25036.25000,25012.00000,25021.50000
2026-02-27T05:00:00+00:00,25041.00000,25061.00000,25033.00000,25039.50000
2026-02-27T06:00:00+00:00,25040.00000,25046.25000,24991.75000,25032.00000
2026-02-27T07:00:00+00:00,25033.00000,25079.00000,25032.75000,25074.50000
2026-02-27T08:00:00+00:00,25072.50000,25089.75000,25038.25000,25067.25000
2026-02-27T09:00:00+00:00,25067.75000,25098.75000,25024.50000,25029.25000
2026-02-27T10:00:00+00:00,25030.00000,25045.00000,24966.75000,25001.25000
2026-02-27T11:00:00+00:00,25000.25000,25012.75000,24928.75000,24954.00000
2026-02-27T12:00:00+00:00,24952.75000,24994.00000,24898.00000,24921.75000
2026-02-27T13:00:00+00:00,24919.50000,24942.75000,24793.75000,24870.50000
2026-02-27T14:00:00+00:00,24871.00000,24938.50000,24782.00000,24880.00000
2026-02-27T15:00:00+00:00,24879.50000,25017.25000,24866.50000,24982.75000
2026-02-27T16:00:00+00:00,24983.50000,25021.50000,24931.50000,24968.75000
2026-02-27T17:00:00+00:00,24969.25000,25036.75000,24900.25000,24945.50000
2026-02-27T18:00:00+00:00,24945.00000,24955.25000,24874.75000,24902.75000
2026-02-27T19:00:00+00:00,24902.50000,24963.00000,24873.00000,24895.25000
2026-02-27T20:00:00+00:00,24894.25000,25022.75000,24893.50000,24998.25000
2026-02-27T21:00:00+00:00,24998.25000,25004.75000,24939.25000,25004.75000
2026-03-01T23:00:00+00:00,24785.50000,24815.00000,24714.50000,24742.00000
2026-03-02T00:00:00+00:00,24739.25000,24796.25000,24712.75000,24786.00000
2026-03-02T01:00:00+00:00,24785.50000,24901.25000,24772.50000,24861.75000
2026-03-02T02:00:00+00:00,24864.00000,24873.75000,24796.50000,24821.00000
2026-03-02T03:00:00+00:00,24821.25000,24835.50000,24785.25000,24791.50000
2026-03-02T04:00:00+00:00,24792.75000,24817.75000,24740.75000,24761.75000
2026-03-02T05:00:00+00:00,24759.00000,24769.50000,24672.00000,24677.25000
2026-03-02T06:00:00+00:00,24675.75000,24703.00000,24528.00000,24590.75000
2026-03-02T07:00:00+00:00,24588.00000,24602.50000,24531.00000,24540.50000
2026-03-02T08:00:00+00:00,24542.00000,24591.00000,24477.00000,24563.50000
2026-03-02T09:00:00+00:00,24562.25000,24654.25000,24552.00000,24629.00000
2026-03-02T10:00:00+00:00,24628.50000,24684.50000,24625.50000,24657.75000
2026-03-02T11:00:00+00:00,24657.75000,24729.00000,24635.00000,24688.00000
2026-03-02T12:00:00+00:00,24685.75000,24705.50000,24609.75000,24629.00000
2026-03-02T13:00:00+00:00,24630.00000,24739.25000,24592.75000,24620.75000
2026-03-02T14:00:00+00:00,24621.50000,24898.50000,24605.00000,24862.00000
2026-03-02T15:00:00+00:00,24862.00000,24958.50000,24802.00000,24924.50000
2026-03-02T16:00:00+00:00,24923.75000,25044.25000,24852.00000,25033.50000
2026-03-02T17:00:00+00:00,25033.75000,25076.50000,25007.50000,25065.75000
2026-03-02T18:00:00+00:00,25066.00000,25074.75000,24968.50000,24972.50000
2026-03-02T19:00:00+00:00,24972.00000,25101.00000,24966.25000,25082.75000
2026-03-02T20:00:00+00:00,25082.50000,25090.50000,24946.75000,25021.75000
2026-03-02T21:00:00+00:00,25022.50000,25028.75000,24976.50000,24995.75000
2026-03-02T23:00:00+00:00,25002.75000,25011.00000,24944.25000,24971.00000
2026-03-03T00:00:00+00:00,24972.50000,24982.25000,24925.00000,24931.50000
2026-03-03T01:00:00+00:00,24931.75000,24960.00000,24869.00000,24872.75000
2026-03-03T02:00:00+00:00,24874.00000,24879.25000,24806.50000,24861.25000
2026-03-03T03:00:00+00:00,24862.75000,24883.25000,24804.25000,24846.00000
2026-03-03T04:00:00+00:00,24846.50000,24864.00000,24788.75000,24802.75000
2026-03-03T05:00:00+00:00,24823.25000,24829.00000,24744.00000,24765.50000
2026-03-03T06:00:00+00:00,24765.25000,24800.00000,24736.00000,24754.00000
2026-03-03T07:00:00+00:00,24753.25000,24767.50000,24668.50000,24676.00000
2026-03-03T08:00:00+00:00,24674.75000,24694.50000,24505.00000,24516.50000
2026-03-03T09:00:00+00:00,24516.25000,24581.75000,24444.00000,24453.75000
2026-03-03T10:00:00+00:00,24454.00000,24484.00000,24393.00000,24452.75000
2026-03-03T11:00:00+00:00,24450.25000,24514.25000,24370.00000,24488.50000
2026-03-03T12:00:00+00:00,24487.00000,24606.75000,24478.50000,24583.50000
2026-03-03T13:00:00+00:00,24584.00000,24590.00000,24447.75000,24495.00000
2026-03-03T14:00:00+00:00,24496.00000,24661.25000,24456.00000,24489.25000
2026-03-03T15:00:00+00:00,24489.00000,24562.50000,24352.00000,24446.75000
2026-03-03T16:00:00+00:00,24447.25000,24724.75000,24436.50000,24671.00000
2026-03-03T17:00:00+00:00,24672.00000,24712.25000,24602.50000,24641.50000
2026-03-03T18:00:00+00:00,24641.00000,24832.50000,24640.75000,24800.25000
2026-03-03T19:00:00+00:00,24799.50000,24850.00000,24709.50000,24787.25000
2026-03-03T20:00:00+00:00,24787.25000,24821.75000,24718.00000,24756.50000
2026-03-03T21:00:00+00:00,24757.25000,24758.25000,24691.50000,24709.75000
2026-03-03T23:00:00+00:00,24710.75000,24765.00000,24669.75000,24703.00000
2026-03-04T00:00:00+00:00,24702.00000,24803.50000,24676.00000,24747.50000
2026-03-04T01:00:00+00:00,24749.00000,24772.25000,24630.75000,24676.00000
2026-03-04T02:00:00+00:00,24676.50000,24703.25000,24588.00000,24637.00000
2026-03-04T03:00:00+00:00,24637.00000,24638.00000,24525.00000,24599.25000
2026-03-04T04:00:00+00:00,24600.25000,24644.75000,24566.00000,24595.75000
2026-03-04T05:00:00+00:00,24580.50000,24617.75000,24532.50000,24574.25000
2026-03-04T06:00:00+00:00,24573.50000,24590.00000,24499.00000,24572.25000
2026-03-04T07:00:00+00:00,24570.25000,24677.75000,24535.50000,24657.00000
2026-03-04T08:00:00+00:00,24657.00000,24688.25000,24611.50000,24644.00000
2026-03-04T09:00:00+00:00,24648.25000,24771.25000,24621.00000,24754.75000
2026-03-04T10:00:00+00:00,24754.25000,24866.25000,24734.25000,24842.50000
2026-03-04T11:00:00+00:00,24842.75000,24895.00000,24801.25000,24805.50000
2026-03-04T12:00:00+00:00,24806.25000,24844.25000,24720.50000,24800.75000
2026-03-04T13:00:00+00:00,24800.50000,24930.25000,24795.50000,24889.25000
2026-03-04T14:00:00+00:00,24889.50000,24970.25000,24826.00000,24922.50000
2026-03-04T15:00:00+00:00,24919.25000,25148.50000,24891.50000,25127.50000
2026-03-04T16:00:00+00:00,25127.25000,25170.50000,25051.00000,25145.50000
2026-03-04T17:00:00+00:00,25146.25000,25181.50000,25105.00000,25168.75000
2026-03-04T18:00:00+00:00,25170.00000,25214.25000,25140.50000,25192.75000
2026-03-04T19:00:00+00:00,25192.50000,25217.75000,25180.25000,25189.00000
2026-03-04T20:00:00+00:00,25188.75000,25195.25000,25113.50000,25121.50000
2026-03-04T21:00:00+00:00,25125.25000,25163.25000,25092.50000,25138.00000
2026-03-04T23:00:00+00:00,25156.50000,25190.75000,25140.00000,25171.75000
2026-03-05T00:00:00+00:00,25171.00000,25250.00000,25160.25000,25208.25000
2026-03-05T01:00:00+00:00,25209.75000,25217.50000,25044.00000,25071.00000
2026-03-05T02:00:00+00:00,25070.75000,25125.50000,25050.00000,25091.25000
2026-03-05T03:00:00+00:00,25090.75000,25101.50000,25025.25000,25048.25000
2026-03-05T04:00:00+00:00,25046.75000,25106.75000,25031.75000,25098.50000
2026-03-05T05:00:00+00:00,25097.00000,25104.25000,25033.00000,25034.75000
2026-03-05T06:00:00+00:00,25035.00000,25092.75000,24981.00000,25092.00000
2026-03-05T07:00:00+00:00,25091.75000,25098.00000,25041.00000,25073.00000
2026-03-05T08:00:00+00:00,25072.00000,25078.25000,24973.25000,25051.75000
2026-03-05T09:00:00+00:00,25052.50000,25205.75000,25041.00000,25114.00000
2026-03-05T10:00:00+00:00,25115.00000,25143.25000,25085.00000,25106.25000
2026-03-05T11:00:00+00:00,25107.50000,25153.75000,25085.25000,25093.50000
2026-03-05T12:00:00+00:00,25094.50000,25157.75000,25036.75000,25069.00000
2026-03-05T13:00:00+00:00,25069.50000,25076.00000,24980.75000,24993.75000
2026-03-05T14:00:00+00:00,24994.50000,25187.75000,24962.75000,25186.00000
2026-03-05T15:00:00+00:00,25185.50000,25209.75000,24930.50000,25082.50000
2026-03-05T16:00:00+00:00,25080.25000,25093.25000,24942.00000,25042.50000
2026-03-05T17:00:00+00:00,25043.00000,25123.00000,24789.00000,24807.00000
2026-03-05T18:00:00+00:00,24807.00000,24888.75000,24772.50000,24814.00000
2026-03-05T19:00:00+00:00,24814.00000,24882.25000,24792.50000,24858.00000
2026-03-05T20:00:00+00:00,24857.75000,25056.00000,24826.75000,25048.50000
2026-03-05T21:00:00+00:00,25048.50000,25051.00000,25000.25000,25010.50000
2026-03-05T23:00:00+00:00,25019.75000,25070.00000,25001.00000,25060.00000
2026-03-06T00:00:00+00:00,25059.75000,25098.00000,25059.25000,25075.00000
2026-03-06T01:00:00+00:00,25073.50000,25091.25000,25038.00000,25066.00000
2026-03-06T02:00:00+00:00,25069.75000,25116.00000,25060.00000,25071.75000
2026-03-06T03:00:00+00:00,25070.25000,25115.00000,25070.00000,25114.50000
2026-03-06T04:00:00+00:00,25113.00000,25137.75000,25093.50000,25106.25000
2026-03-06T05:00:00+00:00,25118.25000,25141.50000,25106.75000,25118.75000
2026-03-06T06:00:00+00:00,25117.50000,25135.50000,25100.75000,25106.50000
2026-03-06T07:00:00+00:00,25106.50000,25140.50000,25091.75000,25125.00000
2026-03-06T08:00:00+00:00,25125.50000,25128.50000,25033.00000,25074.00000
2026-03-06T09:00:00+00:00,25074.25000,25082.00000,24882.25000,24920.25000
2026-03-06T10:00:00+00:00,24920.75000,24981.00000,24918.25000,24949.75000
2026-03-06T11:00:00+00:00,24948.00000,24962.75000,24835.00000,24856.25000
2026-03-06T12:00:00+00:00,24858.75000,24884.75000,24805.50000,24835.75000
2026-03-06T13:00:00+00:00,24835.00000,24908.75000,24618.25000,24645.75000
2026-03-06T14:00:00+00:00,24644.50000,24742.50000,24608.75000,24690.00000
2026-03-06T15:00:00+00:00,24691.25000,24893.25000,24664.50000,24858.50000
2026-03-06T16:00:00+00:00,24859.00000,24915.00000,24790.00000,24880.75000
2026-03-06T17:00:00+00:00,24881.00000,24926.25000,24744.25000,24784.25000
2026-03-06T18:00:00+00:00,24783.75000,24898.50000,24779.00000,24799.75000
2026-03-06T19:00:00+00:00,24800.50000,24854.00000,24773.50000,24808.25000
2026-03-06T20:00:00+00:00,24808.00000,24853.25000,24601.00000,24667.50000
2026-03-06T21:00:00+00:00,24667.50000,24682.25000,24618.00000,24670.25000
2026-03-08T22:00:00+00:00,24245.00000,24320.00000,24224.00000,24306.25000
2026-03-08T23:00:00+00:00,24304.50000,24326.25000,24168.25000,24215.25000
2026-03-09T00:00:00+00:00,24215.50000,24238.75000,24092.00000,24117.75000
2026-03-09T01:00:00+00:00,24118.50000,24137.75000,24004.50000,24007.50000
2026-03-09T02:00:00+00:00,24009.50000,24103.00000,24000.00000,24084.00000
2026-03-09T03:00:00+00:00,24085.00000,24132.00000,24077.00000,24095.50000
2026-03-09T04:00:00+00:00,24095.00000,24134.25000,24092.50000,24101.00000
2026-03-09T05:00:00+00:00,24102.00000,24258.50000,24086.25000,24258.50000
2026-03-09T06:00:00+00:00,24258.50000,24315.75000,24226.75000,24245.25000
2026-03-09T07:00:00+00:00,24247.75000,24315.25000,24210.00000,24277.00000
2026-03-09T08:00:00+00:00,24278.00000,24337.25000,24233.25000,24312.50000
2026-03-09T09:00:00+00:00,24315.75000,24495.75000,24284.50000,24419.75000
2026-03-09T10:00:00+00:00,24420.25000,24434.25000,24340.00000,24370.75000
2026-03-09T11:00:00+00:00,24372.00000,24423.50000,24348.00000,24384.75000
2026-03-09T12:00:00+00:00,24384.50000,24459.25000,24350.00000,24379.75000
2026-03-09T13:00:00+00:00,24380.75000,24524.75000,24313.00000,24370.75000
2026-03-09T14:00:00+00:00,24370.75000,24585.50000,24320.00000,24549.00000
2026-03-09T15:00:00+00:00,24549.50000,24659.25000,24549.50000,24642.50000
2026-03-09T16:00:00+00:00,24642.75000,24749.25000,24631.25000,24709.25000
2026-03-09T17:00:00+00:00,24709.75000,24712.25000,24575.75000,24611.00000
2026-03-09T18:00:00+00:00,24611.25000,24708.25000,24609.00000,24655.50000
2026-03-09T19:00:00+00:00,24655.50000,25058.00000,24640.00000,24992.00000
2026-03-09T20:00:00+00:00,24992.25000,25025.75000,24907.50000,24958.00000
2026-03-09T22:00:00+00:00,24981.50000,24981.50000,24870.00000,24908.75000
2026-03-09T23:00:00+00:00,24908.25000,24933.50000,24858.00000,24883.25000
2026-03-10T00:00:00+00:00,24881.00000,24970.00000,24830.00000,24936.00000
2026-03-10T01:00:00+00:00,24935.00000,24998.00000,24925.25000,24988.00000
2026-03-10T02:00:00+00:00,24987.00000,24999.00000,24907.00000,24927.00000
2026-03-10T03:00:00+00:00,24926.75000,24963.00000,24854.75000,24888.75000
2026-03-10T04:00:00+00:00,24885.25000,24919.75000,24874.25000,24903.75000
2026-03-10T05:00:00+00:00,24905.00000,24963.00000,24903.75000,24955.50000
2026-03-10T06:00:00+00:00,24957.50000,24986.25000,24941.00000,24954.50000
2026-03-10T07:00:00+00:00,24953.00000,25076.50000,24939.00000,25072.50000
2026-03-10T08:00:00+00:00,25073.00000,25150.50000,25063.50000,25087.75000
2026-03-10T09:00:00+00:00,25088.00000,25134.00000,25080.75000,25089.50000
2026-03-10T10:00:00+00:00,25090.50000,25095.75000,25020.25000,25066.00000
2026-03-10T11:00:00+00:00,25065.25000,25109.00000,24958.75000,24972.00000
2026-03-10T12:00:00+00:00,24972.75000,24999.50000,24892.00000,24968.50000
2026-03-10T13:00:00+00:00,24970.25000,25081.75000,24947.25000,24962.25000
2026-03-10T14:00:00+00:00,24964.75000,25152.75000,24892.25000,25151.25000
2026-03-10T15:00:00+00:00,25151.25000,25182.00000,25109.75000,25148.75000
2026-03-10T16:00:00+00:00,25149.50000,25169.25000,25080.25000,25156.25000
2026-03-10T17:00:00+00:00,25155.75000,25217.50000,25102.25000,25170.25000
2026-03-10T18:00:00+00:00,25169.75000,25181.00000,24987.75000,25030.00000
2026-03-10T19:00:00+00:00,25030.25000,25072.50000,24940.25000,24986.25000
2026-03-10T20:00:00+00:00,24986.50000,25039.00000,24985.00000,25010.50000
2026-03-10T22:00:00+00:00,25010.25000,25018.50000,24951.50000,24970.25000
2026-03-10T23:00:00+00:00,24969.75000,25025.50000,24963.75000,25016.00000
2026-03-11T00:00:00+00:00,25019.50000,25086.00000,25009.75000,25062.00000
2026-03-11T01:00:00+00:00,25063.50000,25098.00000,25051.00000,25091.00000
2026-03-11T02:00:00+00:00,25091.50000,25102.75000,25074.00000,25094.25000
2026-03-11T03:00:00+00:00,25094.00000,25125.00000,25086.25000,25117.50000
2026-03-11T04:00:00+00:00,25115.50000,25118.75000,25086.50000,25090.75000
2026-03-11T05:00:00+00:00,25092.00000,25095.50000,25025.75000,25030.50000
2026-03-11T06:00:00+00:00,25029.25000,25053.25000,25007.00000,25041.00000
2026-03-11T07:00:00+00:00,25041.25000,25047.25000,24945.00000,25005.50000
2026-03-11T08:00:00+00:00,25006.00000,25037.50000,24934.00000,24967.50000
2026-03-11T09:00:00+00:00,24968.25000,24970.75000,24899.50000,24903.25000
2026-03-11T10:00:00+00:00,24902.00000,25025.00000,24895.75000,25017.50000
2026-03-11T11:00:00+00:00,25017.00000,25043.50000,24928.25000,24947.50000
2026-03-11T12:00:00+00:00,24947.25000,25058.00000,24909.25000,24945.25000
2026-03-11T13:00:00+00:00,24946.25000,25115.50000,24943.50000,25101.25000
2026-03-11T14:00:00+00:00,25101.50000,25180.00000,24958.25000,25065.00000
2026-03-11T15:00:00+00:00,25065.75000,25090.00000,24888.00000,24934.75000
2026-03-11T16:00:00+00:00,24934.25000,25012.50000,24897.75000,25007.25000
2026-03-11T17:00:00+00:00,25006.50000,25026.50000,24873.50000,24951.00000
2026-03-11T18:00:00+00:00,24951.50000,24977.00000,24888.75000,24957.50000
2026-03-11T19:00:00+00:00,24958.00000,25006.75000,24913.50000,24984.00000
2026-03-11T20:00:00+00:00,24984.00000,24990.75000,24940.00000,24945.50000
2026-03-11T22:00:00+00:00,24934.50000,24949.25000,24816.50000,24849.50000
2026-03-11T23:00:00+00:00,24848.25000,24853.75000,24733.25000,24787.75000
2026-03-12T00:00:00+00:00,24788.00000,24805.00000,24740.00000,24791.25000
2026-03-12T01:00:00+00:00,24790.75000,24842.25000,24770.00000,24789.50000
2026-03-12T02:00:00+00:00,24790.50000,24796.00000,24704.25000,24731.00000
2026-03-12T03:00:00+00:00,24729.75000,24758.50000,24695.50000,24726.50000
2026-03-12T04:00:00+00:00,24744.00000,24752.00000,24709.50000,24718.50000
2026-03-12T05:00:00+00:00,24718.25000,24777.75000,24717.75000,24771.00000
2026-03-12T06:00:00+00:00,24769.75000,24814.50000,24746.50000,24809.50000
2026-03-12T07:00:00+00:00,24809.75000,24872.00000,24807.75000,24871.75000
2026-03-12T08:00:00+00:00,24872.00000,24902.50000,24836.75000,24878.00000
2026-03-12T09:00:00+00:00,24879.25000,24921.50000,24813.00000,24917.00000
2026-03-12T10:00:00+00:00,24917.75000,24927.00000,24875.25000,24884.75000
2026-03-12T11:00:00+00:00,24883.00000,24928.00000,24847.50000,24857.00000
2026-03-12T12:00:00+00:00,24858.25000,24862.75000,24801.25000,24834.25000
2026-03-12T13:00:00+00:00,24834.50000,24852.75000,24630.50000,24657.75000
2026-03-12T14:00:00+00:00,24658.75000,24747.50000,24572.50000,24619.75000
2026-03-12T15:00:00+00:00,24620.50000,24709.75000,24561.00000,24665.50000
2026-03-12T16:00:00+00:00,24666.00000,24735.25000,24587.75000,24662.25000
2026-03-12T17:00:00+00:00,24661.50000,24724.00000,24585.25000,24625.50000
2026-03-12T18:00:00+00:00,24625.25000,24671.50000,24595.25000,24599.75000
2026-03-12T19:00:00+00:00,24599.50000,24643.00000,24542.75000,24555.75000
2026-03-12T20:00:00+00:00,24555.25000,24577.50000,24517.75000,24568.50000
2026-03-12T22:00:00+00:00,24567.00000,24601.75000,24540.00000,24586.75000
2026-03-12T23:00:00+00:00,24587.00000,24614.00000,24526.50000,24528.00000
2026-03-13T00:00:00+00:00,24529.00000,24643.00000,24491.25000,24624.00000
2026-03-13T01:00:00+00:00,24624.50000,24662.25000,24618.25000,24629.50000
2026-03-13T02:00:00+00:00,24629.25000,24651.50000,24599.25000,24603.75000
2026-03-13T03:00:00+00:00,24605.00000,24629.00000,24581.75000,24625.50000
2026-03-13T04:00:00+00:00,24619.25000,24619.50000,24562.75000,24576.50000
2026-03-13T05:00:00+00:00,24576.50000,24599.50000,24553.50000,24585.75000
2026-03-13T06:00:00+00:00,24584.00000,24596.00000,24476.50000,24479.75000
2026-03-13T07:00:00+00:00,24479.25000,24488.00000,24410.50000,24447.50000
2026-03-13T08:00:00+00:00,24448.75000,24524.25000,24397.00000,24512.50000
2026-03-13T09:00:00+00:00,24513.75000,24574.25000,24508.50000,24532.00000
2026-03-13T10:00:00+00:00,24531.75000,24623.00000,24525.25000,24619.00000
2026-03-13T11:00:00+00:00,24617.50000,24665.25000,24602.00000,24662.75000
2026-03-13T12:00:00+00:00,24663.75000,24738.00000,24630.50000,24681.00000
2026-03-13T13:00:00+00:00,24680.50000,24805.25000,24611.00000,24726.00000
2026-03-13T14:00:00+00:00,24728.50000,24765.00000,24482.00000,24489.75000
2026-03-13T15:00:00+00:00,24490.50000,24569.25000,24391.75000,24408.75000
2026-03-13T16:00:00+00:00,24408.75000,24488.50000,24382.00000,24397.25000
2026-03-13T17:00:00+00:00,24396.00000,24473.75000,24353.00000,24374.25000
2026-03-13T18:00:00+00:00,24374.75000,24472.50000,24367.25000,24448.50000
2026-03-13T19:00:00+00:00,24448.25000,24449.50000,24350.50000,24397.25000
2026-03-13T20:00:00+00:00,24398.00000,24400.25000,24335.25000,24394.25000
2026-03-15T22:00:00+00:00,24326.00000,24475.50000,24295.25000,24464.75000
2026-03-15T23:00:00+00:00,24468.75000,24496.75000,24408.50000,24439.50000
2026-03-16T00:00:00+00:00,24439.00000,24525.50000,24437.25000,24508.25000
2026-03-16T01:00:00+00:00,24511.50000,24523.75000,24468.75000,24514.50000
2026-03-16T02:00:00+00:00,24516.00000,24518.50000,24474.25000,24492.00000
2026-03-16T03:00:00+00:00,24490.50000,24540.25000,24488.25000,24531.75000
2026-03-16T04:00:00+00:00,24531.25000,24550.00000,24506.00000,24507.25000
2026-03-16T05:00:00+00:00,24506.25000,24561.25000,24506.25000,24560.00000
2026-03-16T06:00:00+00:00,24558.75000,24566.00000,24536.25000,24563.25000
2026-03-16T07:00:00+00:00,24564.50000,24583.25000,24503.75000,24513.75000
2026-03-16T08:00:00+00:00,24512.00000,24570.00000,24497.50000,24525.25000
2026-03-16T09:00:00+00:00,24531.25000,24536.25000,24478.00000,24494.00000
2026-03-16T10:00:00+00:00,24491.25000,24614.00000,24487.00000,24604.25000
2026-03-16T11:00:00+00:00,24603.75000,24636.00000,24576.25000,24626.00000
2026-03-16T12:00:00+00:00,24624.25000,24688.75000,24623.75000,24658.25000
2026-03-16T13:00:00+00:00,24658.00000,24741.00000,24623.00000,24736.75000
2026-03-16T14:00:00+00:00,24735.50000,24764.50000,24610.75000,24693.75000
2026-03-16T15:00:00+00:00,24694.25000,24954.00000,24647.50000,24890.25000
2026-03-16T16:00:00+00:00,24889.25000,24917.75000,24832.25000,24890.00000
2026-03-16T17:00:00+00:00,24891.50000,24939.50000,24867.00000,24897.00000
2026-03-16T18:00:00+00:00,24896.75000,24949.75000,24891.75000,24919.00000
2026-03-16T19:00:00+00:00,24919.75000,25035.00000,24850.00000,24884.75000
2026-03-16T20:00:00+00:00,24885.00000,24901.50000,24861.50000,24872.25000
2026-03-16T22:00:00+00:00,24870.00000,24880.25000,24833.75000,24839.75000
2026-03-16T23:00:00+00:00,24841.50000,24882.00000,24836.25000,24881.75000
2026-03-17T00:00:00+00:00,24880.25000,24881.75000,24805.00000,24813.00000
2026-03-17T01:00:00+00:00,24813.75000,24848.00000,24810.25000,24835.00000
2026-03-17T02:00:00+00:00,24835.75000,24839.50000,24786.75000,24791.75000
2026-03-17T03:00:00+00:00,24791.50000,24811.50000,24780.50000,24787.50000
2026-03-17T04:00:00+00:00,24796.50000,24847.75000,24795.75000,24835.50000
2026-03-17T05:00:00+00:00,24836.50000,24852.50000,24752.50000,24755.50000
2026-03-17T06:00:00+00:00,24754.25000,24774.00000,24728.25000,24754.50000
2026-03-17T07:00:00+00:00,24754.00000,24816.00000,24737.50000,24772.25000
2026-03-17T08:00:00+00:00,24770.75000,24809.00000,24739.75000,24769.75000
2026-03-17T09:00:00+00:00,24768.50000,24850.00000,24768.25000,24844.25000
2026-03-17T10:00:00+00:00,24843.00000,24843.75000,24793.50000,24834.25000
2026-03-17T11:00:00+00:00,24832.50000,24860.25000,24812.50000,24814.75000
2026-03-17T12:00:00+00:00,24814.75000,24940.25000,24812.75000,24932.75000
2026-03-17T13:00:00+00:00,24932.75000,25117.00000,24929.50000,25093.00000
2026-03-17T14:00:00+00:00,25092.75000,25098.00000,24995.75000,25075.75000
2026-03-17T15:00:00+00:00,25076.00000,25089.50000,24951.25000,24991.00000
2026-03-17T16:00:00+00:00,24990.75000,25026.25000,24946.25000,24995.50000
2026-03-17T17:00:00+00:00,24995.50000,25044.25000,24994.00000,25034.50000
2026-03-17T18:00:00+00:00,25034.25000,25057.75000,24989.75000,25003.25000
2026-03-17T19:00:00+00:00,25003.50000,25027.75000,24982.00000,25010.50000
2026-03-17T20:00:00+00:00,25010.50000,25030.00000,25004.25000,25027.50000
2026-03-17T22:00:00+00:00,25019.75000,25028.25000,24990.75000,25006.75000
2026-03-17T23:00:00+00:00,25006.75000,25023.75000,24995.50000,25003.50000
2026-03-18T00:00:00+00:00,25003.25000,25083.00000,24998.00000,25078.50000
2026-03-18T01:00:00+00:00,25079.50000,25098.50000,25079.50000,25096.50000
2026-03-18T02:00:00+00:00,25096.00000,25130.00000,25094.25000,25118.50000
2026-03-18T03:00:00+00:00,25117.75000,25144.25000,25107.00000,25136.25000
2026-03-18T04:00:00+00:00,25140.75000,25148.50000,25130.50000,25139.50000
2026-03-18T05:00:00+00:00,25140.00000,25170.50000,25135.25000,25168.50000
2026-03-18T06:00:00+00:00,25169.00000,25210.50000,25166.00000,25181.75000
2026-03-18T07:00:00+00:00,25183.00000,25188.75000,25158.50000,25161.75000
2026-03-18T08:00:00+00:00,25161.25000,25186.00000,25153.50000,25171.75000
2026-03-18T09:00:00+00:00,25171.00000,25190.50000,25158.50000,25169.50000
2026-03-18T10:00:00+00:00,25169.75000,25198.25000,25158.50000,25161.50000
2026-03-18T11:00:00+00:00,25161.25000,25177.25000,25097.50000,25113.00000
2026-03-18T12:00:00+00:00,25112.50000,25119.00000,24869.75000,24881.25000
2026-03-18T13:00:00+00:00,24880.75000,24998.25000,24864.00000,24971.75000
2026-03-18T14:00:00+00:00,24969.00000,24984.75000,24811.75000,24882.25000
2026-03-18T15:00:00+00:00,24883.25000,24931.75000,24860.00000,24899.25000
2026-03-18T16:00:00+00:00,24899.00000,24912.00000,24830.75000,24845.00000
2026-03-18T17:00:00+00:00,24844.25000,24884.75000,24795.50000,24880.00000
2026-03-18T18:00:00+00:00,24881.50000,24916.50000,24741.25000,24743.75000
2026-03-18T19:00:00+00:00,24742.75000,24801.50000,24641.75000,24651.50000
2026-03-18T20:00:00+00:00,24651.50000,24690.00000,24565.50000,24606.25000
2026-03-18T22:00:00+00:00,24622.00000,24628.50000,24562.25000,24593.50000
2026-03-18T23:00:00+00:00,24594.25000,24644.25000,24586.75000,24616.75000
2026-03-19T00:00:00+00:00,24618.25000,24644.25000,24586.50000,24619.50000
2026-03-19T01:00:00+00:00,24619.75000,24670.00000,24605.00000,24640.00000
2026-03-19T02:00:00+00:00,24639.75000,24725.25000,24600.50000,24695.75000
2026-03-19T03:00:00+00:00,24696.00000,24715.00000,24667.50000,24669.00000
2026-03-19T04:00:00+00:00,24641.50000,24648.25000,24610.50000,24629.75000
2026-03-19T05:00:00+00:00,24630.25000,24648.00000,24576.00000,24597.75000
2026-03-19T06:00:00+00:00,24596.50000,24639.00000,24573.75000,24605.25000
2026-03-19T07:00:00+00:00,24605.25000,24626.75000,24543.50000,24557.25000
2026-03-19T08:00:00+00:00,24557.25000,24593.50000,24505.50000,24546.00000
2026-03-19T09:00:00+00:00,24546.00000,24650.25000,24500.00000,24627.25000
2026-03-19T10:00:00+00:00,24627.75000,24627.75000,24572.00000,24591.00000
2026-03-19T11:00:00+00:00,24591.50000,24613.50000,24509.00000,24545.75000
2026-03-19T12:00:00+00:00,24546.50000,24558.25000,24422.50000,24446.75000
2026-03-19T13:00:00+00:00,24447.00000,24521.25000,24326.75000,24504.50000
2026-03-19T14:00:00+00:00,24501.75000,24546.75000,24407.25000,24489.00000
2026-03-19T15:00:00+00:00,24488.75000,24577.50000,24397.00000,24475.00000
2026-03-19T16:00:00+00:00,24474.75000,24522.75000,24423.75000,24454.75000
2026-03-19T17:00:00+00:00,24454.50000,24488.25000,24377.75000,24453.50000
2026-03-19T18:00:00+00:00,24452.75000,24524.50000,24418.00000,24509.75000
2026-03-19T19:00:00+00:00,24508.75000,24691.50000,24506.00000,24574.75000
2026-03-19T20:00:00+00:00,24574.25000,24633.00000,24563.50000,24617.00000
2026-03-19T22:00:00+00:00,24632.75000,24658.50000,24603.50000,24635.25000
2026-03-19T23:00:00+00:00,24636.75000,24658.75000,24605.00000,24620.00000
2026-03-20T00:00:00+00:00,24619.50000,24642.75000,24581.75000,24598.25000
2026-03-20T01:00:00+00:00,24599.00000,24660.50000,24590.00000,24617.25000
2026-03-20T02:00:00+00:00,24619.75000,24641.75000,24611.50000,24620.00000
2026-03-20T03:00:00+00:00,24622.75000,24628.75000,24597.75000,24606.50000
2026-03-20T04:00:00+00:00,24613.00000,24616.00000,24585.00000,24586.00000
2026-03-20T05:00:00+00:00,24585.00000,24603.00000,24559.50000,24592.50000
2026-03-20T06:00:00+00:00,24592.25000,24604.25000,24518.50000,24529.00000
2026-03-20T07:00:00+00:00,24527.75000,24607.50000,24482.75000,24593.75000
2026-03-20T08:00:00+00:00,24594.00000,24616.25000,24553.00000,24559.25000
2026-03-20T09:00:00+00:00,24560.00000,24585.50000,24408.50000,24432.00000
2026-03-20T10:00:00+00:00,24430.75000,24440.25000,24319.00000,24406.75000
2026-03-20T11:00:00+00:00,24408.00000,24468.50000,24397.50000,24444.25000
2026-03-20T12:00:00+00:00,24444.25000,24502.00000,24424.75000,24496.50000
2026-03-20T13:00:00+00:00,24496.25000,24527.50000,24279.75000,24285.00000
2026-03-20T14:00:00+00:00,24285.75000,24328.00000,24231.25000,24271.00000
2026-03-20T15:00:00+00:00,24270.00000,24343.25000,24237.00000,24310.75000
2026-03-20T16:00:00+00:00,24311.75000,24356.75000,24235.50000,24272.25000
2026-03-20T17:00:00+00:00,24272.50000,24292.50000,24164.00000,24212.25000
2026-03-20T18:00:00+00:00,24211.75000,24222.25000,24070.50000,24094.25000
2026-03-20T19:00:00+00:00,24094.50000,24118.00000,23971.25000,24113.00000
2026-03-20T20:00:00+00:00,24114.00000,24219.75000,24096.00000,24101.50000
2026-03-22T22:00:00+00:00,24005.00000,24095.00000,23956.25000,24044.00000
2026-03-22T23:00:00+00:00,24046.75000,24084.50000,23975.50000,24007.25000
2026-03-23T00:00:00+00:00,24008.00000,24091.00000,23940.25000,23949.25000
2026-03-23T01:00:00+00:00,23950.25000,24072.75000,23936.25000,24044.50000
2026-03-23T02:00:00+00:00,24045.00000,24068.50000,23989.75000,24009.25000
2026-03-23T03:00:00+00:00,24010.00000,24027.25000,23950.25000,23954.75000
2026-03-23T04:00:00+00:00,23955.75000,24004.00000,23946.00000,23996.00000
2026-03-23T05:00:00+00:00,23995.75000,24033.75000,23932.75000,23974.50000
2026-03-23T06:00:00+00:00,23972.75000,23975.75000,23827.00000,23854.50000
2026-03-23T07:00:00+00:00,23855.75000,23913.25000,23772.50000,23842.75000
2026-03-23T08:00:00+00:00,23841.50000,23955.25000,23839.75000,23932.00000
2026-03-23T09:00:00+00:00,23932.25000,23971.50000,23845.25000,23882.25000
2026-03-23T10:00:00+00:00,23884.00000,23929.00000,23815.75000,23881.25000
2026-03-23T11:00:00+00:00,23881.25000,24763.00000,23875.50000,24390.00000
2026-03-23T12:00:00+00:00,24392.75000,24621.00000,24345.00000,24608.50000
2026-03-23T13:00:00+00:00,24610.00000,24648.00000,24432.50000,24599.25000
2026-03-23T14:00:00+00:00,24600.50000,24688.25000,24527.50000,24609.50000
2026-03-23T15:00:00+00:00,24611.00000,24690.00000,24370.25000,24381.50000
2026-03-23T16:00:00+00:00,24382.00000,24465.50000,24308.50000,24368.75000
2026-03-23T17:00:00+00:00,24369.00000,24473.75000,24311.25000,24468.25000
2026-03-23T18:00:00+00:00,24468.50000,24536.75000,24416.75000,24514.00000
2026-03-23T19:00:00+00:00,24514.25000,24516.50000,24398.25000,24399.25000
2026-03-23T20:00:00+00:00,24399.50000,24433.75000,24359.00000,24400.00000
2026-03-23T22:00:00+00:00,24417.25000,24489.75000,24377.25000,24482.00000
2026-03-23T23:00:00+00:00,24483.25000,24484.00000,24426.75000,24455.50000
2026-03-24T00:00:00+00:00,24454.75000,24457.75000,24266.75000,24322.50000
2026-03-24T01:00:00+00:00,24326.25000,24326.50000,24232.25000,24263.75000
2026-03-24T02:00:00+00:00,24263.00000,24294.00000,24222.75000,24249.50000
2026-03-24T03:00:00+00:00,24250.00000,24282.50000,24231.00000,24274.75000
2026-03-24T04:00:00+00:00,24292.00000,24303.50000,24241.25000,24256.50000
2026-03-24T05:00:00+00:00,24258.00000,24305.00000,24193.50000,24262.50000
2026-03-24T06:00:00+00:00,24263.00000,24397.75000,24259.75000,24376.50000
2026-03-24T07:00:00+00:00,24376.50000,24507.25000,24371.25000,24467.00000
2026-03-24T08:00:00+00:00,24466.50000,24491.00000,24361.00000,24377.50000
2026-03-24T09:00:00+00:00,24379.25000,24429.25000,24304.25000,24420.25000
2026-03-24T10:00:00+00:00,24421.50000,24434.00000,24369.50000,24406.50000
2026-03-24T11:00:00+00:00,24407.00000,24424.25000,24297.50000,24383.00000
2026-03-24T12:00:00+00:00,24384.00000,24397.75000,24263.75000,24280.25000
2026-03-24T13:00:00+00:00,24279.50000,24317.50000,24134.00000,24215.75000
2026-03-24T14:00:00+00:00,24215.75000,24343.00000,24175.75000,24242.50000
2026-03-24T15:00:00+00:00,24244.50000,24385.25000,24240.50000,24295.50000
2026-03-24T16:00:00+00:00,24295.00000,24346.25000,24244.25000,24281.25000
2026-03-24T17:00:00+00:00,24280.75000,24294.75000,24160.25000,24242.50000
2026-03-24T18:00:00+00:00,24243.00000,24348.00000,24209.25000,24275.75000
2026-03-24T19:00:00+00:00,24276.25000,24319.75000,24188.50000,24218.75000
2026-03-24T20:00:00+00:00,24218.75000,24550.00000,24214.25000,24403.75000
2026-03-24T22:00:00+00:00,24420.00000,24458.50000,24380.75000,24426.50000
2026-03-24T23:00:00+00:00,24425.25000,24444.00000,24402.25000,24411.75000
2026-03-25T00:00:00+00:00,24412.00000,24494.00000,24382.75000,24449.75000
2026-03-25T01:00:00+00:00,24449.00000,24468.50000,24392.50000,24395.25000
2026-03-25T02:00:00+00:00,24396.50000,24401.00000,24334.00000,24335.25000
2026-03-25T03:00:00+00:00,24337.00000,24389.00000,24320.50000,24376.50000
2026-03-25T04:00:00+00:00,24387.50000,24421.50000,24385.75000,24418.50000
2026-03-25T05:00:00+00:00,24419.25000,24429.00000,24372.50000,24382.00000
2026-03-25T06:00:00+00:00,24382.50000,24390.00000,24323.75000,24378.00000
2026-03-25T07:00:00+00:00,24377.00000,24419.75000,24352.00000,24408.25000
2026-03-25T08:00:00+00:00,24408.50000,24535.00000,24408.50000,24439.00000
2026-03-25T09:00:00+00:00,24441.25000,24481.25000,24412.50000,24453.75000
2026-03-25T10:00:00+00:00,24454.75000,24487.50000,24426.75000,24449.00000
2026-03-25T11:00:00+00:00,24447.75000,24522.00000,24440.25000,24495.00000
2026-03-25T12:00:00+00:00,24494.50000,24539.75000,24373.00000,24448.00000
2026-03-25T13:00:00+00:00,24448.75000,24526.00000,24360.75000,24368.50000
2026-03-25T14:00:00+00:00,24368.50000,24519.50000,24327.50000,24484.25000
2026-03-25T15:00:00+00:00,24483.75000,24494.25000,24286.50000,24378.25000
2026-03-25T16:00:00+00:00,24377.50000,24450.25000,24330.75000,24422.00000
2026-03-25T17:00:00+00:00,24422.50000,24493.75000,24377.25000,24427.75000
2026-03-25T18:00:00+00:00,24426.00000,24453.00000,24322.75000,24354.50000
2026-03-25T19:00:00+00:00,24354.75000,24395.00000,24311.75000,24372.00000
2026-03-25T20:00:00+00:00,24371.75000,24393.00000,24349.25000,24367.75000
2026-03-25T22:00:00+00:00,24373.50000,24373.50000,24308.00000,24316.25000
2026-03-25T23:00:00+00:00,24314.75000,24332.50000,24283.25000,24323.75000
2026-03-26T00:00:00+00:00,24323.50000,24410.00000,24316.25000,24354.75000
2026-03-26T01:00:00+00:00,24355.75000,24381.75000,24330.75000,24363.75000
2026-03-26T02:00:00+00:00,24360.25000,24378.75000,24247.75000,24284.25000
2026-03-26T03:00:00+00:00,24284.00000,24421.25000,24281.75000,24378.50000
2026-03-26T04:00:00+00:00,24368.00000,24377.50000,24317.00000,24324.75000
2026-03-26T05:00:00+00:00,24326.00000,24340.25000,24251.00000,24255.50000
2026-03-26T06:00:00+00:00,24255.75000,24295.75000,24232.00000,24288.25000
2026-03-26T07:00:00+00:00,24288.75000,24298.00000,24199.00000,24259.50000
2026-03-26T08:00:00+00:00,24258.50000,24288.00000,24152.50000,24193.75000
2026-03-26T09:00:00+00:00,24194.50000,24197.75000,24107.00000,24155.00000
2026-03-26T10:00:00+00:00,24155.75000,24202.25000,24132.25000,24176.50000
2026-03-26T11:00:00+00:00,24178.25000,24188.50000,24098.75000,24102.00000
2026-03-26T12:00:00+00:00,24101.75000,24147.75000,24069.00000,24118.00000
2026-03-26T13:00:00+00:00,24117.25000,24233.25000,24064.00000,24215.50000
2026-03-26T14:00:00+00:00,24216.00000,24242.50000,24030.25000,24103.00000
2026-03-26T15:00:00+00:00,24104.00000,24129.75000,24051.25000,24093.00000
2026-03-26T16:00:00+00:00,24092.50000,24101.75000,23970.00000,23998.00000
2026-03-26T17:00:00+00:00,23998.50000,24018.00000,23851.50000,23861.25000
2026-03-26T18:00:00+00:00,23860.75000,23900.75000,23844.50000,23882.75000
2026-03-26T19:00:00+00:00,23882.75000,23886.50000,23775.00000,23787.25000
2026-03-26T20:00:00+00:00,23787.25000,24022.25000,23763.25000,23822.00000
2026-03-26T22:00:00+00:00,23824.00000,23890.75000,23824.00000,23870.50000
2026-03-26T23:00:00+00:00,23868.75000,23892.25000,23841.50000,23876.75000
2026-03-27T00:00:00+00:00,23877.00000,23908.75000,23807.00000,23818.25000
2026-03-27T01:00:00+00:00,23818.75000,23875.00000,23806.00000,23872.00000
2026-03-27T02:00:00+00:00,23872.25000,23886.00000,23845.00000,23854.25000
2026-03-27T03:00:00+00:00,23855.50000,23898.00000,23839.00000,23898.00000
2026-03-27T04:00:00+00:00,23883.50000,23921.00000,23882.25000,23917.75000
2026-03-27T05:00:00+00:00,23916.25000,23976.00000,23914.50000,23927.25000
2026-03-27T06:00:00+00:00,23926.50000,23955.25000,23894.75000,23905.25000
2026-03-27T07:00:00+00:00,23905.00000,23906.75000,23853.75000,23872.00000
2026-03-27T08:00:00+00:00,23872.00000,23897.50000,23770.50000,23779.25000
2026-03-27T09:00:00+00:00,23779.50000,23812.50000,23710.00000,23738.75000
2026-03-27T10:00:00+00:00,23739.50000,23769.25000,23633.00000,23649.50000
2026-03-27T11:00:00+00:00,23649.25000,23690.00000,23608.25000,23664.00000
2026-03-27T12:00:00+00:00,23663.00000,23667.50000,23596.75000,23613.00000
2026-03-27T13:00:00+00:00,23615.50000,23664.00000,23470.00000,23478.75000
2026-03-27T14:00:00+00:00,23481.00000,23558.50000,23440.00000,23511.50000
2026-03-27T15:00:00+00:00,23511.50000,23610.50000,23458.50000,23549.50000
2026-03-27T16:00:00+00:00,23550.50000,23556.75000,23444.25000,23473.50000
2026-03-27T17:00:00+00:00,23473.50000,23529.50000,23344.00000,23360.25000
2026-03-27T18:00:00+00:00,23359.75000,23396.25000,23325.25000,23340.00000
2026-03-27T19:00:00+00:00,23339.25000,23360.50000,23269.00000,23309.00000
2026-03-27T20:00:00+00:00,23309.00000,23330.50000,23232.50000,23254.25000
2026-03-29T22:00:00+00:00,23164.25000,23242.25000,23154.25000,23208.25000
2026-03-29T23:00:00+00:00,23209.50000,23224.00000,23108.50000,23127.50000
2026-03-30T00:00:00+00:00,23128.25000,23263.75000,23093.00000,23149.75000
2026-03-30T01:00:00+00:00,23151.25000,23210.00000,23136.00000,23201.00000
2026-03-30T02:00:00+00:00,23201.75000,23275.00000,23195.25000,23252.25000
2026-03-30T03:00:00+00:00,23252.00000,23306.50000,23250.25000,23299.75000
2026-03-30T04:00:00+00:00,23296.25000,23356.25000,23288.25000,23321.50000
2026-03-30T05:00:00+00:00,23321.50000,23362.75000,23319.00000,23345.50000
2026-03-30T06:00:00+00:00,23345.50000,23416.00000,23337.25000,23390.50000
2026-03-30T07:00:00+00:00,23389.50000,23414.25000,23360.00000,23396.75000
2026-03-30T08:00:00+00:00,23397.50000,23449.50000,23374.00000,23443.50000
2026-03-30T09:00:00+00:00,23443.50000,23451.25000,23390.00000,23403.00000
2026-03-30T10:00:00+00:00,23403.75000,23417.00000,23373.25000,23410.50000
2026-03-30T11:00:00+00:00,23412.00000,23574.00000,23406.25000,23457.75000
2026-03-30T12:00:00+00:00,23459.75000,23524.00000,23436.50000,23506.00000
2026-03-30T13:00:00+00:00,23505.75000,23538.25000,23292.75000,23302.00000
2026-03-30T14:00:00+00:00,23302.50000,23382.75000,23262.25000,23377.50000
2026-03-30T15:00:00+00:00,23377.50000,23436.25000,23282.00000,23375.00000
2026-03-30T16:00:00+00:00,23374.50000,23380.25000,23267.00000,23288.00000
2026-03-30T17:00:00+00:00,23288.00000,23306.25000,23169.50000,23210.75000
2026-03-30T18:00:00+00:00,23210.50000,23212.75000,23115.25000,23120.75000
2026-03-30T19:00:00+00:00,23120.75000,23165.25000,23024.50000,23135.50000
2026-03-30T20:00:00+00:00,23135.50000,23144.50000,23091.75000,23106.25000
2026-03-30T22:00:00+00:00,23119.50000,23147.75000,23097.75000,23100.25000
2026-03-30T23:00:00+00:00,23100.00000,23100.00000,23021.25000,23046.00000
2026-03-31T00:00:00+00:00,23045.50000,23283.75000,22961.50000,23202.25000
2026-03-31T01:00:00+00:00,23203.00000,23397.25000,23160.25000,23339.25000
2026-03-31T02:00:00+00:00,23340.00000,23405.00000,23322.75000,23345.50000
2026-03-31T03:00:00+00:00,23346.25000,23397.50000,23310.00000,23320.25000
2026-03-31T04:00:00+00:00,23324.00000,23342.00000,23277.75000,23283.75000
2026-03-31T05:00:00+00:00,23283.00000,23338.50000,23235.00000,23310.50000
2026-03-31T06:00:00+00:00,23311.25000,23319.00000,23265.25000,23292.00000
2026-03-31T07:00:00+00:00,23292.25000,23371.50000,23238.25000,23369.75000
2026-03-31T08:00:00+00:00,23369.50000,23390.25000,23293.25000,23313.25000
2026-03-31T09:00:00+00:00,23311.75000,23351.75000,23293.75000,23305.75000
2026-03-31T10:00:00+00:00,23306.50000,23332.50000,23238.50000,23286.75000
2026-03-31T11:00:00+00:00,23284.50000,23398.00000,23264.00000,23360.00000
2026-03-31T12:00:00+00:00,23359.75000,23439.25000,23312.00000,23370.25000
2026-03-31T13:00:00+00:00,23370.75000,23575.00000,23357.00000,23565.00000
2026-03-31T14:00:00+00:00,23569.00000,23587.75000,23376.50000,23409.50000
2026-03-31T15:00:00+00:00,23409.25000,23558.75000,23407.50000,23446.50000
2026-03-31T16:00:00+00:00,23446.25000,23857.25000,23435.75000,23775.25000
2026-03-31T17:00:00+00:00,23775.75000,23876.00000,23747.50000,23761.00000
2026-03-31T18:00:00+00:00,23760.00000,23872.00000,23760.00000,23855.50000
2026-03-31T19:00:00+00:00,23856.25000,23975.25000,23833.50000,23909.75000
2026-03-31T20:00:00+00:00,23909.50000,23945.50000,23868.25000,23905.50000
2026-03-31T22:00:00+00:00,23889.00000,23974.00000,23880.00000,23958.00000
2026-03-31T23:00:00+00:00,23957.00000,24045.75000,23943.00000,24038.00000
2026-04-01T00:00:00+00:00,24036.25000,24048.25000,23992.25000,24036.25000
2026-04-01T01:00:00+00:00,24037.00000,24042.25000,23967.00000,23976.25000
2026-04-01T02:00:00+00:00,23978.25000,23996.25000,23956.25000,23966.25000
2026-04-01T03:00:00+00:00,23966.75000,23993.50000,23963.25000,23980.00000
2026-04-01T04:00:00+00:00,23986.50000,24022.50000,23978.50000,24011.75000
2026-04-01T05:00:00+00:00,24013.75000,24073.75000,24007.50000,24041.25000
2026-04-01T06:00:00+00:00,24041.50000,24176.75000,24039.00000,24169.00000
2026-04-01T07:00:00+00:00,24169.50000,24181.25000,24072.25000,24079.25000
2026-04-01T08:00:00+00:00,24078.75000,24106.50000,24026.75000,24071.75000
2026-04-01T09:00:00+00:00,24072.00000,24090.75000,24003.50000,24068.00000
2026-04-01T10:00:00+00:00,24070.75000,24140.00000,24050.75000,24127.00000
2026-04-01T11:00:00+00:00,24128.50000,24205.00000,24123.50000,24191.00000
2026-04-01T12:00:00+00:00,24189.75000,24246.00000,24050.00000,24062.25000
2026-04-01T13:00:00+00:00,24061.00000,24194.75000,24036.00000,24120.75000
2026-04-01T14:00:00+00:00,24121.75000,24270.00000,24108.75000,24260.00000
2026-04-01T15:00:00+00:00,24260.25000,24327.00000,24229.75000,24313.25000
2026-04-01T16:00:00+00:00,24314.00000,24330.75000,24288.25000,24318.75000
2026-04-01T17:00:00+00:00,24319.75000,24348.25000,24265.50000,24266.75000
2026-04-01T18:00:00+00:00,24266.75000,24273.50000,24124.50000,24159.00000
2026-04-01T19:00:00+00:00,24159.00000,24255.75000,24153.75000,24200.50000
2026-04-01T20:00:00+00:00,24200.75000,24215.75000,24176.50000,24187.25000
2026-04-01T22:00:00+00:00,24180.00000,24206.00000,24158.00000,24170.50000
2026-04-01T23:00:00+00:00,24170.50000,24203.75000,24159.25000,24183.50000
2026-04-02T00:00:00+00:00,24183.00000,24245.75000,24154.50000,24236.25000
2026-04-02T01:00:00+00:00,24236.00000,24240.00000,23912.50000,23938.50000
2026-04-02T02:00:00+00:00,23940.50000,23967.00000,23856.00000,23884.75000
2026-04-02T03:00:00+00:00,23885.50000,23894.75000,23815.00000,23821.50000
2026-04-02T04:00:00+00:00,23814.75000,23841.25000,23795.00000,23803.00000
2026-04-02T05:00:00+00:00,23805.25000,23827.00000,23753.75000,23756.00000
2026-04-02T06:00:00+00:00,23757.50000,23819.00000,23752.50000,23815.50000
2026-04-02T07:00:00+00:00,23815.75000,23882.00000,23795.25000,23879.25000
2026-04-02T08:00:00+00:00,23878.50000,23881.75000,23823.25000,23834.75000
2026-04-02T09:00:00+00:00,23835.25000,23860.00000,23818.50000,23830.25000
2026-04-02T10:00:00+00:00,23831.50000,23840.75000,23775.00000,23813.25000
2026-04-02T11:00:00+00:00,23811.75000,23822.00000,23682.00000,23682.75000
2026-04-02T12:00:00+00:00,23684.00000,23757.75000,23666.00000,23725.50000
2026-04-02T13:00:00+00:00,23725.25000,23908.25000,23678.00000,23898.00000
2026-04-02T14:00:00+00:00,23897.75000,24266.75000,23859.00000,24175.00000
2026-04-02T15:00:00+00:00,24174.50000,24214.50000,24089.00000,24136.00000
2026-04-02T16:00:00+00:00,24136.00000,24177.00000,24057.50000,24121.00000
2026-04-02T17:00:00+00:00,24120.50000,24182.75000,24063.50000,24090.75000
2026-04-02T18:00:00+00:00,24091.25000,24165.00000,24091.00000,24140.50000
2026-04-02T19:00:00+00:00,24141.00000,24225.75000,24135.00000,24220.75000
2026-04-02T20:00:00+00:00,24220.75000,24233.75000,24199.75000,24219.50000
2026-04-02T22:00:00+00:00,24219.50000,24219.50000,24177.50000,24203.50000
2026-04-02T23:00:00+00:00,24203.00000,24216.75000,24189.00000,24213.25000
2026-04-03T00:00:00+00:00,24214.75000,24255.00000,24212.50000,24225.25000
2026-04-03T01:00:00+00:00,24226.00000,24231.75000,24195.75000,24196.75000
2026-04-03T02:00:00+00:00,24196.00000,24205.50000,24150.50000,24181.25000
2026-04-03T03:00:00+00:00,24180.25000,24192.50000,24161.00000,24168.00000
2026-04-05T22:00:00+00:00,24093.50000,24097.00000,23981.50000,24079.25000
2026-04-05T23:00:00+00:00,24079.25000,24094.50000,24041.00000,24091.75000
2026-04-06T00:00:00+00:00,24091.50000,24216.00000,24087.75000,24208.75000
2026-04-06T01:00:00+00:00,24209.75000,24240.00000,24183.75000,24193.75000
2026-04-06T02:00:00+00:00,24193.25000,24326.75000,24188.25000,24223.00000
2026-04-06T03:00:00+00:00,24223.00000,24230.00000,24120.50000,24212.25000
2026-04-06T04:00:00+00:00,24213.00000,24265.00000,24207.75000,24253.50000
2026-04-06T05:00:00+00:00,24253.00000,24268.00000,24212.00000,24232.75000
2026-04-06T06:00:00+00:00,24232.25000,24290.25000,24215.75000,24255.50000
2026-04-06T07:00:00+00:00,24257.25000,24325.50000,24207.25000,24309.50000
2026-04-06T08:00:00+00:00,24310.00000,24393.25000,24308.75000,24370.50000
2026-04-06T09:00:00+00:00,24370.50000,24398.25000,24332.00000,24337.50000
2026-04-06T10:00:00+00:00,24338.00000,24359.00000,24262.50000,24315.50000
2026-04-06T11:00:00+00:00,24315.50000,24316.50000,24282.00000,24306.50000
2026-04-06T12:00:00+00:00,24306.00000,24338.00000,24288.25000,24307.00000
2026-04-06T13:00:00+00:00,24307.50000,24416.75000,24245.75000,24411.75000
2026-04-06T14:00:00+00:00,24411.50000,24452.25000,24262.25000,24306.25000
2026-04-06T15:00:00+00:00,24306.25000,24337.50000,24252.25000,24323.25000
2026-04-06T16:00:00+00:00,24324.00000,24346.75000,24283.25000,24309.25000
2026-04-06T17:00:00+00:00,24309.00000,24334.25000,24202.75000,24263.50000
2026-04-06T18:00:00+00:00,24264.50000,24364.25000,24245.50000,24351.25000
2026-04-06T19:00:00+00:00,24351.50000,24376.25000,24326.25000,24363.00000
2026-04-06T20:00:00+00:00,24363.25000,24370.00000,24334.00000,24349.75000
2026-04-06T22:00:00+00:00,24348.75000,24384.00000,24299.75000,24303.25000
2026-04-06T23:00:00+00:00,24302.25000,24333.00000,24298.25000,24299.50000
2026-04-07T00:00:00+00:00,24299.25000,24358.50000,24278.75000,24303.50000
2026-04-07T01:00:00+00:00,24303.00000,24310.50000,24168.25000,24177.00000
2026-04-07T02:00:00+00:00,24178.75000,24220.25000,24153.00000,24211.00000
2026-04-07T03:00:00+00:00,24212.50000,24231.50000,24192.75000,24223.50000
2026-04-07T04:00:00+00:00,24214.75000,24264.00000,24198.25000,24247.25000
2026-04-07T05:00:00+00:00,24248.25000,24259.50000,24204.50000,24228.50000
2026-04-07T06:00:00+00:00,24228.50000,24244.75000,24207.00000,24241.25000
2026-04-07T07:00:00+00:00,24242.75000,24257.50000,24209.25000,24246.25000
2026-04-07T08:00:00+00:00,24247.75000,24382.50000,24246.75000,24359.25000
2026-04-07T09:00:00+00:00,24359.50000,24422.00000,24352.75000,24385.25000
2026-04-07T10:00:00+00:00,24387.00000,24400.25000,24185.25000,24202.75000
2026-04-07T11:00:00+00:00,24205.50000,24258.00000,24178.25000,24210.75000
2026-04-07T12:00:00+00:00,24211.00000,24280.00000,24133.00000,24214.75000
2026-04-07T13:00:00+00:00,24216.25000,24308.00000,24118.00000,24120.25000
2026-04-07T14:00:00+00:00,24121.25000,24144.50000,23994.00000,24009.25000
2026-04-07T15:00:00+00:00,24009.25000,24133.00000,23941.50000,24108.50000
2026-04-07T16:00:00+00:00,24107.50000,24241.75000,24105.50000,24202.25000
2026-04-07T17:00:00+00:00,24201.75000,24299.75000,24169.75000,24225.50000
2026-04-07T18:00:00+00:00,24226.00000,24238.25000,24076.75000,24102.00000
2026-04-07T19:00:00+00:00,24102.50000,24381.00000,24083.25000,24370.00000
2026-04-07T20:00:00+00:00,24369.25000,24451.50000,24345.75000,24399.25000
2026-04-07T22:00:00+00:00,24514.00000,24924.50000,24355.00000,24914.00000
2026-04-07T23:00:00+00:00,24915.00000,25086.00000,24913.50000,25050.75000
2026-04-08T00:00:00+00:00,25049.75000,25101.50000,25007.75000,25080.25000
2026-04-08T01:00:00+00:00,25080.00000,25109.50000,25040.75000,25095.25000
2026-04-08T02:00:00+00:00,25095.50000,25111.50000,25091.75000,25110.50000
2026-04-08T03:00:00+00:00,25110.25000,25118.75000,25086.75000,25102.50000
2026-04-08T04:00:00+00:00,25124.75000,25156.25000,25121.00000,25125.25000
2026-04-08T05:00:00+00:00,25125.25000,25195.25000,25119.00000,25192.25000
2026-04-08T06:00:00+00:00,25192.00000,25202.00000,25161.25000,25171.25000
2026-04-08T07:00:00+00:00,25171.25000,25190.00000,25136.00000,25141.75000
2026-04-08T08:00:00+00:00,25141.50000,25225.00000,25134.25000,25215.25000
2026-04-08T09:00:00+00:00,25216.00000,25245.25000,25184.50000,25200.00000
2026-04-08T10:00:00+00:00,25199.50000,25231.75000,25185.50000,25204.50000
2026-04-08T11:00:00+00:00,25204.75000,25235.00000,25180.25000,25209.25000
2026-04-08T12:00:00+00:00,25210.75000,25257.00000,25155.00000,25212.75000
2026-04-08T13:00:00+00:00,25213.00000,25249.75000,25064.00000,25080.75000
2026-04-08T14:00:00+00:00,25080.75000,25105.00000,24926.50000,24993.00000
2026-04-08T15:00:00+00:00,24993.25000,25089.00000,24978.75000,25078.50000
2026-04-08T16:00:00+00:00,25078.75000,25157.50000,25061.75000,25142.25000
2026-04-08T17:00:00+00:00,25142.50000,25156.75000,25065.00000,25094.25000
2026-04-08T18:00:00+00:00,25094.50000,25131.75000,24948.75000,24953.25000
2026-04-08T19:00:00+00:00,24953.25000,25097.00000,24943.25000,25079.75000
2026-04-08T20:00:00+00:00,25079.75000,25095.25000,25033.25000,25039.00000
2026-04-08T22:00:00+00:00,25037.75000,25065.00000,25010.75000,25034.50000
2026-04-08T23:00:00+00:00,25034.25000,25055.50000,25022.50000,25026.00000
2026-04-09T00:00:00+00:00,25026.50000,25034.25000,24999.00000,25012.25000
2026-04-09T01:00:00+00:00,25012.00000,25025.50000,24980.50000,25022.75000
2026-04-09T02:00:00+00:00,25022.75000,25050.75000,25022.75000,25031.00000
2026-04-09T03:00:00+00:00,25031.75000,25037.25000,25009.00000,25016.50000
2026-04-09T04:00:00+00:00,25013.25000,25023.75000,25006.00000,25014.00000
2026-04-09T05:00:00+00:00,25014.50000,25047.00000,24994.25000,25028.50000
2026-04-09T06:00:00+00:00,25030.00000,25059.00000,25017.00000,25039.00000
2026-04-09T07:00:00+00:00,25039.75000,25048.75000,24965.00000,24985.00000
2026-04-09T08:00:00+00:00,24986.00000,25006.75000,24953.00000,24972.75000
2026-04-09T09:00:00+00:00,24972.50000,25018.50000,24964.25000,25016.25000
2026-04-09T10:00:00+00:00,25017.25000,25027.00000,24981.00000,24984.50000
2026-04-09T11:00:00+00:00,24983.75000,25039.00000,24976.75000,25030.00000
2026-04-09T12:00:00+00:00,25030.25000,25063.50000,25016.50000,25028.75000
2026-04-09T13:00:00+00:00,25029.25000,25111.50000,25005.50000,25033.25000
2026-04-09T14:00:00+00:00,25033.00000,25056.00000,24960.50000,25041.25000
2026-04-09T15:00:00+00:00,25041.50000,25197.75000,25016.00000,25189.00000
2026-04-09T16:00:00+00:00,25189.00000,25265.75000,25161.75000,25196.50000
2026-04-09T17:00:00+00:00,25196.75000,25257.00000,25188.00000,25226.75000
2026-04-09T18:00:00+00:00,25227.00000,25231.25000,25145.00000,25179.75000
2026-04-09T19:00:00+00:00,25180.25000,25269.75000,25175.75000,25248.75000
2026-04-09T20:00:00+00:00,25248.75000,25254.00000,25220.25000,25244.75000
2026-04-09T22:00:00+00:00,25237.00000,25254.75000,25202.75000,25206.75000
2026-04-09T23:00:00+00:00,25209.25000,25238.00000,25193.00000,25224.00000
2026-04-10T00:00:00+00:00,25224.00000,25280.00000,25206.00000,25270.75000
2026-04-10T01:00:00+00:00,25270.50000,25298.50000,25255.75000,25285.00000
2026-04-10T02:00:00+00:00,25284.75000,25290.25000,25254.00000,25273.00000
2026-04-10T03:00:00+00:00,25274.25000,25303.75000,25271.00000,25291.50000
2026-04-10T04:00:00+00:00,25279.50000,25283.50000,25265.50000,25269.25000
2026-04-10T05:00:00+00:00,25269.50000,25284.75000,25257.50000,25263.00000
2026-04-10T06:00:00+00:00,25261.75000,25268.00000,25218.75000,25228.25000
2026-04-10T07:00:00+00:00,25229.25000,25256.00000,25223.00000,25242.00000
2026-04-10T08:00:00+00:00,25243.00000,25243.75000,25202.75000,25209.50000
2026-04-10T09:00:00+00:00,25209.50000,25274.75000,25206.00000,25259.00000
2026-04-10T10:00:00+00:00,25258.50000,25283.75000,25240.50000,25271.25000
2026-04-10T11:00:00+00:00,25272.00000,25302.25000,25261.75000,25268.75000
2026-04-10T12:00:00+00:00,25269.25000,25386.00000,25263.75000,25304.50000
2026-04-10T13:00:00+00:00,25304.00000,25369.25000,25290.50000,25320.50000
2026-04-10T14:00:00+00:00,25319.00000,25373.75000,25268.00000,25352.50000
2026-04-10T15:00:00+00:00,25352.50000,25393.00000,25244.75000,25264.50000
2026-04-10T16:00:00+00:00,25264.50000,25301.50000,25222.25000,25264.50000
2026-04-10T17:00:00+00:00,25265.50000,25276.00000,25223.25000,25272.00000
2026-04-10T18:00:00+00:00,25271.75000,25281.25000,25238.50000,25260.75000
2026-04-10T19:00:00+00:00,25261.25000,25302.00000,25259.00000,25284.25000
2026-04-10T20:00:00+00:00,25284.00000,25338.00000,25276.75000,25281.25000
