timestamp,open,high,low,close
2025-10-05T23:00:00+00:00,1.17192,1.17192,1.17110,1.17151
2025-10-06T00:00:00+00:00,1.17151,1.17206,1.17137,1.17192
2025-10-06T01:00:00+00:00,1.17192,1.17275,1.17137,1.17275
2025-10-06T02:00:00+00:00,1.17275,1.17343,1.17275,1.17302
2025-10-06T03:00:00+00:00,1.17302,1.17330,1.17275,1.17275
2025-10-06T04:00:00+00:00,1.17288,1.17302,1.17233,1.17233
2025-10-06T05:00:00+00:00,1.17247,1.17288,1.17178,1.17206
2025-10-06T06:00:00+00:00,1.17220,1.17220,1.16945,1.16973
2025-10-06T07:00:00+00:00,1.16959,1.17137,1.16673,1.16673
2025-10-06T08:00:00+00:00,1.16659,1.16822,1.16564,1.16713
2025-10-06T09:00:00+00:00,1.16700,1.16727,1.16604,1.16686
2025-10-06T10:00:00+00:00,1.16700,1.16700,1.16564,1.16673
2025-10-06T11:00:00+00:00,1.16659,1.16822,1.16604,1.16781
2025-10-06T12:00:00+00:00,1.16781,1.16918,1.16781,1.16918
2025-10-06T13:00:00+00:00,1.16932,1.17069,1.16877,1.17041
2025-10-06T14:00:00+00:00,1.17027,1.17206,1.16986,1.17206
2025-10-06T15:00:00+00:00,1.17206,1.17220,1.17069,1.17096
2025-10-06T16:00:00+00:00,1.17123,1.17151,1.17069,1.17137
2025-10-06T17:00:00+00:00,1.17165,1.17192,1.17137,1.17137
2025-10-06T18:00:00+00:00,1.17137,1.17192,1.17137,1.17165
2025-10-06T19:00:00+00:00,1.17165,1.17206,1.17151,1.17151
2025-10-06T20:00:00+00:00,1.17137,1.17178,1.17123,1.17165
2025-10-06T21:00:00+00:00,1.17165,1.17206,1.17123,1.17151
2025-10-06T22:00:00+00:00,1.17151,1.17178,1.17123,1.17137
2025-10-06T23:00:00+00:00,1.17137,1.17178,1.17123,1.17137
2025-10-07T00:00:00+00:00,1.17123,1.17137,1.17082,1.17110
2025-10-07T01:00:00+00:00,1.17123,1.17123,1.17000,1.17000
2025-10-07T02:00:00+00:00,1.17014,1.17096,1.17014,1.17055
2025-10-07T03:00:00+00:00,1.17055,1.17110,1.17041,1.17069
2025-10-07T04:00:00+00:00,1.17069,1.17110,1.16986,1.17014
2025-10-07T05:00:00+00:00,1.17000,1.17027,1.16918,1.16959
2025-10-07T06:00:00+00:00,1.16932,1.16932,1.16863,1.16891
2025-10-07T07:00:00+00:00,1.16918,1.16918,1.16741,1.16795
2025-10-07T08:00:00+00:00,1.16795,1.16850,1.16686,1.16700
2025-10-07T09:00:00+00:00,1.16700,1.16741,1.16645,1.16673
2025-10-07T10:00:00+00:00,1.16700,1.16781,1.16673,1.16768
2025-10-07T11:00:00+00:00,1.16781,1.16781,1.16591,1.16659
2025-10-07T12:00:00+00:00,1.16659,1.16700,1.16591,1.16686
2025-10-07T13:00:00+00:00,1.16686,1.16741,1.16632,1.16645
2025-10-07T14:00:00+00:00,1.16618,1.16700,1.16577,1.16673
2025-10-07T15:00:00+00:00,1.16659,1.16822,1.16659,1.16768
2025-10-07T16:00:00+00:00,1.16768,1.16836,1.16754,1.16754
2025-10-07T17:00:00+00:00,1.16754,1.16822,1.16727,1.16727
2025-10-07T18:00:00+00:00,1.16700,1.16700,1.16604,1.16618
2025-10-07T19:00:00+00:00,1.16604,1.16604,1.16523,1.16537
2025-10-07T20:00:00+00:00,1.16537,1.16632,1.16523,1.16632
2025-10-07T21:00:00+00:00,1.16564,1.16645,1.16550,1.16604
2025-10-07T22:00:00+00:00,1.16632,1.16645,1.16618,1.16632
2025-10-07T23:00:00+00:00,1.16632,1.16632,1.16564,1.16564
2025-10-08T00:00:00+00:00,1.16550,1.16550,1.16496,1.16509
2025-10-08T01:00:00+00:00,1.16414,1.16469,1.16293,1.16293
2025-10-08T02:00:00+00:00,1.16293,1.16306,1.16212,1.16266
2025-10-08T03:00:00+00:00,1.16266,1.16279,1.16212,1.16279
2025-10-08T04:00:00+00:00,1.16279,1.16279,1.16198,1.16225
2025-10-08T05:00:00+00:00,1.16225,1.16225,1.16158,1.16198
2025-10-08T06:00:00+00:00,1.16212,1.16225,1.16117,1.16198
2025-10-08T07:00:00+00:00,1.16212,1.16374,1.16158,1.16347
2025-10-08T08:00:00+00:00,1.16333,1.16387,1.16158,1.16171
2025-10-08T09:00:00+00:00,1.16184,1.16225,1.16104,1.16131
2025-10-08T10:00:00+00:00,1.16144,1.16387,1.16144,1.16360
2025-10-08T11:00:00+00:00,1.16347,1.16374,1.16293,1.16293
2025-10-08T12:00:00+00:00,1.16293,1.16414,1.16279,1.16374
2025-10-08T13:00:00+00:00,1.16347,1.16469,1.16320,1.16374
2025-10-08T14:00:00+00:00,1.16320,1.16401,1.16252,1.16266
2025-10-08T15:00:00+00:00,1.16252,1.16252,1.16063,1.16090
2025-10-08T16:00:00+00:00,1.16090,1.16090,1.16023,1.16090
2025-10-08T17:00:00+00:00,1.16090,1.16131,1.16063,1.16104
2025-10-08T18:00:00+00:00,1.16090,1.16252,1.16036,1.16225
2025-10-08T19:00:00+00:00,1.16239,1.16306,1.16239,1.16306
2025-10-08T20:00:00+00:00,1.16320,1.16360,1.16306,1.16333
2025-10-08T21:00:00+00:00,1.16320,1.16387,1.16293,1.16333
2025-10-08T22:00:00+00:00,1.16374,1.16374,1.16333,1.16374
2025-10-08T23:00:00+00:00,1.16360,1.16374,1.16320,1.16333
2025-10-09T00:00:00+00:00,1.16333,1.16442,1.16333,1.16414
2025-10-09T01:00:00+00:00,1.16414,1.16482,1.16414,1.16428
2025-10-09T02:00:00+00:00,1.16428,1.16509,1.16428,1.16482
2025-10-09T03:00:00+00:00,1.16469,1.16496,1.16442,1.16482
2025-10-09T04:00:00+00:00,1.16482,1.16509,1.16455,1.16496
2025-10-09T05:00:00+00:00,1.16482,1.16509,1.16428,1.16428
2025-10-09T06:00:00+00:00,1.16414,1.16414,1.16158,1.16184
2025-10-09T07:00:00+00:00,1.16198,1.16266,1.16104,1.16144
2025-10-09T08:00:00+00:00,1.16144,1.16171,1.16077,1.16158
2025-10-09T09:00:00+00:00,1.16171,1.16306,1.16144,1.16279
2025-10-09T10:00:00+00:00,1.16293,1.16293,1.16171,1.16212
2025-10-09T11:00:00+00:00,1.16212,1.16252,1.16131,1.16158
2025-10-09T12:00:00+00:00,1.16171,1.16198,1.16090,1.16184
2025-10-09T13:00:00+00:00,1.16184,1.16225,1.15969,1.16050
2025-10-09T14:00:00+00:00,1.16036,1.16036,1.15808,1.15835
2025-10-09T15:00:00+00:00,1.15848,1.15848,1.15513,1.15607
2025-10-09T16:00:00+00:00,1.15634,1.15660,1.15567,1.15607
2025-10-09T17:00:00+00:00,1.15607,1.15687,1.15580,1.15634
2025-10-09T18:00:00+00:00,1.15634,1.15634,1.15487,1.15500
2025-10-09T19:00:00+00:00,1.15513,1.15647,1.15513,1.15634
2025-10-09T20:00:00+00:00,1.15634,1.15701,1.15634,1.15687
2025-10-09T21:00:00+00:00,1.15620,1.15741,1.15594,1.15701
2025-10-09T22:00:00+00:00,1.15687,1.15714,1.15660,1.15687
2025-10-09T23:00:00+00:00,1.15674,1.15687,1.15607,1.15687
2025-10-10T00:00:00+00:00,1.15701,1.15727,1.15647,1.15714
2025-10-10T01:00:00+00:00,1.15714,1.15741,1.15674,1.15674
2025-10-10T02:00:00+00:00,1.15660,1.15754,1.15660,1.15727
2025-10-10T03:00:00+00:00,1.15741,1.15768,1.15714,1.15768
2025-10-10T04:00:00+00:00,1.15768,1.15768,1.15714,1.15768
2025-10-10T05:00:00+00:00,1.15768,1.15808,1.15727,1.15727
2025-10-10T06:00:00+00:00,1.15727,1.15768,1.15647,1.15768
2025-10-10T07:00:00+00:00,1.15727,1.15821,1.15687,1.15821
2025-10-10T08:00:00+00:00,1.15808,1.15915,1.15808,1.15821
2025-10-10T09:00:00+00:00,1.15821,1.15835,1.15727,1.15781
2025-10-10T10:00:00+00:00,1.15768,1.15861,1.15754,1.15754
2025-10-10T11:00:00+00:00,1.15754,1.15781,1.15660,1.15660
2025-10-10T12:00:00+00:00,1.15674,1.15781,1.15634,1.15768
2025-10-10T13:00:00+00:00,1.15754,1.15768,1.15660,1.15727
2025-10-10T14:00:00+00:00,1.15714,1.15821,1.15687,1.15808
2025-10-10T15:00:00+00:00,1.15835,1.16333,1.15835,1.16144
2025-10-10T16:00:00+00:00,1.16198,1.16279,1.16077,1.16077
2025-10-10T17:00:00+00:00,1.16090,1.16117,1.16009,1.16063
2025-10-10T18:00:00+00:00,1.16050,1.16158,1.16036,1.16144
2025-10-10T19:00:00+00:00,1.16090,1.16184,1.16090,1.16158
2025-10-10T20:00:00+00:00,1.16158,1.16320,1.16090,1.16320
2025-10-10T21:00:00+00:00,1.16306,1.16306,1.16306,1.16306
2025-10-12T23:00:00+00:00,1.16063,1.16131,1.16050,1.16050
2025-10-13T00:00:00+00:00,1.16050,1.16184,1.16036,1.16184
2025-10-13T01:00:00+00:00,1.16225,1.16239,1.16144,1.16212
2025-10-13T02:00:00+00:00,1.16239,1.16306,1.16212,1.16225
2025-10-13T03:00:00+00:00,1.16225,1.16252,1.16198,1.16239
2025-10-13T04:00:00+00:00,1.16239,1.16279,1.16225,1.16225
2025-10-13T05:00:00+00:00,1.16239,1.16266,1.16171,1.16171
2025-10-13T06:00:00+00:00,1.16184,1.16333,1.16158,1.16171
2025-10-13T07:00:00+00:00,1.16184,1.16184,1.16036,1.16036
2025-10-13T08:00:00+00:00,1.16036,1.16063,1.15848,1.15888
2025-10-13T09:00:00+00:00,1.15888,1.16009,1.15888,1.15982
2025-10-13T10:00:00+00:00,1.15969,1.15982,1.15848,1.15861
2025-10-13T11:00:00+00:00,1.15875,1.15955,1.15687,1.15701
2025-10-13T12:00:00+00:00,1.15727,1.15794,1.15660,1.15714
2025-10-13T13:00:00+00:00,1.15714,1.15794,1.15701,1.15781
2025-10-13T14:00:00+00:00,1.15781,1.15781,1.15620,1.15634
2025-10-13T15:00:00+00:00,1.15647,1.15781,1.15647,1.15781
2025-10-13T16:00:00+00:00,1.15781,1.15794,1.15727,1.15781
2025-10-13T17:00:00+00:00,1.15781,1.15808,1.15741,1.15768
2025-10-13T18:00:00+00:00,1.15768,1.15808,1.15701,1.15714
2025-10-13T19:00:00+00:00,1.15727,1.15768,1.15701,1.15701
2025-10-13T20:00:00+00:00,1.15701,1.15741,1.15687,1.15741
2025-10-13T21:00:00+00:00,1.15727,1.15821,1.15687,1.15754
2025-10-13T22:00:00+00:00,1.15754,1.15768,1.15714,1.15714
2025-10-13T23:00:00+00:00,1.15714,1.15727,1.15674,1.15687
2025-10-14T00:00:00+00:00,1.15701,1.15701,1.15594,1.15647
2025-10-14T01:00:00+00:00,1.15660,1.15768,1.15647,1.15741
2025-10-14T02:00:00+00:00,1.15741,1.15794,1.15741,1.15781
2025-10-14T03:00:00+00:00,1.15768,1.15848,1.15754,1.15821
2025-10-14T04:00:00+00:00,1.15821,1.15955,1.15821,1.15955
2025-10-14T05:00:00+00:00,1.15942,1.15942,1.15875,1.15875
2025-10-14T06:00:00+00:00,1.15848,1.15861,1.15687,1.15741
2025-10-14T07:00:00+00:00,1.15754,1.15768,1.15473,1.15527
2025-10-14T08:00:00+00:00,1.15500,1.15634,1.15500,1.15607
2025-10-14T09:00:00+00:00,1.15567,1.15660,1.15567,1.15594
2025-10-14T10:00:00+00:00,1.15594,1.15620,1.15553,1.15553
2025-10-14T11:00:00+00:00,1.15540,1.15607,1.15500,1.15553
2025-10-14T12:00:00+00:00,1.15594,1.15674,1.15527,1.15607
2025-10-14T13:00:00+00:00,1.15580,1.15848,1.15580,1.15781
2025-10-14T14:00:00+00:00,1.15754,1.15982,1.15727,1.15969
2025-10-14T15:00:00+00:00,1.15982,1.16117,1.15902,1.16117
2025-10-14T16:00:00+00:00,1.16117,1.16184,1.16050,1.16131
2025-10-14T17:00:00+00:00,1.16131,1.16144,1.16063,1.16131
2025-10-14T18:00:00+00:00,1.16131,1.16144,1.16077,1.16077
2025-10-14T19:00:00+00:00,1.16090,1.16131,1.16090,1.16090
2025-10-14T20:00:00+00:00,1.16090,1.16117,1.16036,1.16117
2025-10-14T21:00:00+00:00,1.16077,1.16158,1.16077,1.16117
2025-10-14T22:00:00+00:00,1.16117,1.16131,1.16077,1.16077
2025-10-14T23:00:00+00:00,1.16063,1.16090,1.16050,1.16063
2025-10-15T00:00:00+00:00,1.16063,1.16171,1.16063,1.16131
2025-10-15T01:00:00+00:00,1.16144,1.16252,1.16117,1.16239
2025-10-15T02:00:00+00:00,1.16225,1.16293,1.16225,1.16266
2025-10-15T03:00:00+00:00,1.16252,1.16279,1.16225,1.16252
2025-10-15T04:00:00+00:00,1.16266,1.16279,1.16212,1.16225
2025-10-15T05:00:00+00:00,1.16225,1.16293,1.16225,1.16239
2025-10-15T06:00:00+00:00,1.16225,1.16401,1.16225,1.16374
2025-10-15T07:00:00+00:00,1.16401,1.16469,1.16347,1.16387
2025-10-15T08:00:00+00:00,1.16401,1.16482,1.16360,1.16360
2025-10-15T09:00:00+00:00,1.16360,1.16428,1.16320,1.16387
2025-10-15T10:00:00+00:00,1.16360,1.16360,1.16239,1.16293
2025-10-15T11:00:00+00:00,1.16293,1.16347,1.16239,1.16239
2025-10-15T12:00:00+00:00,1.16225,1.16293,1.16184,1.16212
2025-10-15T13:00:00+00:00,1.16212,1.16347,1.16144,1.16306
2025-10-15T14:00:00+00:00,1.16306,1.16306,1.16225,1.16279
2025-10-15T15:00:00+00:00,1.16279,1.16482,1.16239,1.16401
2025-10-15T16:00:00+00:00,1.16387,1.16442,1.16320,1.16428
2025-10-15T17:00:00+00:00,1.16414,1.16428,1.16306,1.16333
2025-10-15T18:00:00+00:00,1.16333,1.16401,1.16320,1.16360
2025-10-15T19:00:00+00:00,1.16374,1.16482,1.16374,1.16482
2025-10-15T20:00:00+00:00,1.16482,1.16523,1.16469,1.16523
2025-10-15T21:00:00+00:00,1.16577,1.16591,1.16469,1.16482
2025-10-15T22:00:00+00:00,1.16496,1.16550,1.16469,1.16509
2025-10-15T23:00:00+00:00,1.16509,1.16523,1.16469,1.16496
2025-10-16T00:00:00+00:00,1.16482,1.16700,1.16469,1.16673
2025-10-16T01:00:00+00:00,1.16673,1.16781,1.16645,1.16727
2025-10-16T02:00:00+00:00,1.16727,1.16781,1.16686,1.16700
2025-10-16T03:00:00+00:00,1.16686,1.16700,1.16659,1.16659
2025-10-16T04:00:00+00:00,1.16645,1.16659,1.16591,1.16591
2025-10-16T05:00:00+00:00,1.16604,1.16645,1.16577,1.16632
2025-10-16T06:00:00+00:00,1.16645,1.16700,1.16577,1.16577
2025-10-16T07:00:00+00:00,1.16577,1.16591,1.16482,1.16550
2025-10-16T08:00:00+00:00,1.16537,1.16632,1.16537,1.16618
2025-10-16T09:00:00+00:00,1.16618,1.16645,1.16564,1.16618
2025-10-16T10:00:00+00:00,1.16618,1.16659,1.16564,1.16591
2025-10-16T11:00:00+00:00,1.16577,1.16591,1.16509,1.16564
2025-10-16T12:00:00+00:00,1.16564,1.16659,1.16537,1.16645
2025-10-16T13:00:00+00:00,1.16632,1.16673,1.16550,1.16618
2025-10-16T14:00:00+00:00,1.16604,1.16809,1.16577,1.16809
2025-10-16T15:00:00+00:00,1.16795,1.16822,1.16659,1.16686
2025-10-16T16:00:00+00:00,1.16713,1.16822,1.16700,1.16809
2025-10-16T17:00:00+00:00,1.16809,1.16959,1.16809,1.16918
2025-10-16T18:00:00+00:00,1.16932,1.16959,1.16836,1.16945
2025-10-16T19:00:00+00:00,1.16918,1.16973,1.16904,1.16932
2025-10-16T20:00:00+00:00,1.16918,1.16945,1.16891,1.16918
2025-10-16T21:00:00+00:00,1.16822,1.16945,1.16809,1.16918
2025-10-16T22:00:00+00:00,1.16932,1.16986,1.16932,1.16973
2025-10-16T23:00:00+00:00,1.16973,1.17027,1.16973,1.17027
2025-10-17T00:00:00+00:00,1.17027,1.17151,1.16986,1.17110
2025-10-17T01:00:00+00:00,1.17110,1.17123,1.17041,1.17041
2025-10-17T02:00:00+00:00,1.17055,1.17137,1.16986,1.17096
2025-10-17T03:00:00+00:00,1.17082,1.17151,1.17082,1.17123
2025-10-17T04:00:00+00:00,1.17137,1.17151,1.17096,1.17137
2025-10-17T05:00:00+00:00,1.17151,1.17302,1.17151,1.17261
2025-10-17T06:00:00+00:00,1.17261,1.17288,1.17123,1.17137
2025-10-17T07:00:00+00:00,1.17123,1.17165,1.17000,1.17151
2025-10-17T08:00:00+00:00,1.17178,1.17192,1.16959,1.17014
2025-10-17T09:00:00+00:00,1.17000,1.17110,1.17000,1.17041
2025-10-17T10:00:00+00:00,1.17041,1.17055,1.16918,1.16932
2025-10-17T11:00:00+00:00,1.16932,1.17000,1.16850,1.16877
2025-10-17T12:00:00+00:00,1.16877,1.16877,1.16700,1.16795
2025-10-17T13:00:00+00:00,1.16781,1.16850,1.16727,1.16727
2025-10-17T14:00:00+00:00,1.16741,1.16754,1.16604,1.16713
2025-10-17T15:00:00+00:00,1.16700,1.16768,1.16645,1.16754
2025-10-17T16:00:00+00:00,1.16741,1.16822,1.16741,1.16754
2025-10-17T17:00:00+00:00,1.16754,1.16781,1.16713,1.16713
2025-10-17T18:00:00+00:00,1.16686,1.16768,1.16686,1.16713
2025-10-17T19:00:00+00:00,1.16727,1.16741,1.16700,1.16741
2025-10-17T20:00:00+00:00,1.16727,1.16741,1.16537,1.16577
2025-10-17T21:00:00+00:00,1.16550,1.16550,1.16550,1.16550
2025-10-19T23:00:00+00:00,1.16591,1.16645,1.16577,1.16618
2025-10-20T00:00:00+00:00,1.16632,1.16700,1.16618,1.16700
2025-10-20T01:00:00+00:00,1.16700,1.16713,1.16604,1.16645
2025-10-20T02:00:00+00:00,1.16645,1.16741,1.16645,1.16700
2025-10-20T03:00:00+00:00,1.16686,1.16713,1.16686,1.16713
2025-10-20T04:00:00+00:00,1.16713,1.16768,1.16686,1.16754
2025-10-20T05:00:00+00:00,1.16741,1.16795,1.16741,1.16768
2025-10-20T06:00:00+00:00,1.16741,1.16741,1.16604,1.16618
2025-10-20T07:00:00+00:00,1.16618,1.16713,1.16577,1.16659
2025-10-20T08:00:00+00:00,1.16645,1.16700,1.16632,1.16673
2025-10-20T09:00:00+00:00,1.16673,1.16713,1.16632,1.16659
2025-10-20T10:00:00+00:00,1.16659,1.16659,1.16550,1.16577
2025-10-20T11:00:00+00:00,1.16550,1.16591,1.16482,1.16591
2025-10-20T12:00:00+00:00,1.16618,1.16632,1.16550,1.16564
2025-10-20T13:00:00+00:00,1.16564,1.16564,1.16496,1.16523
2025-10-20T14:00:00+00:00,1.16523,1.16673,1.16509,1.16564
2025-10-20T15:00:00+00:00,1.16577,1.16673,1.16564,1.16591
2025-10-20T16:00:00+00:00,1.16577,1.16604,1.16537,1.16537
2025-10-20T17:00:00+00:00,1.16523,1.16564,1.16455,1.16469
2025-10-20T18:00:00+00:00,1.16455,1.16509,1.16428,1.16496
2025-10-20T19:00:00+00:00,1.16509,1.16523,1.16442,1.16442
2025-10-20T20:00:00+00:00,1.16442,1.16482,1.16442,1.16455
2025-10-20T21:00:00+00:00,1.16320,1.16509,1.16320,1.16482
2025-10-20T22:00:00+00:00,1.16482,1.16509,1.16469,1.16496
2025-10-20T23:00:00+00:00,1.16469,1.16509,1.16469,1.16469
2025-10-21T00:00:00+00:00,1.16482,1.16591,1.16482,1.16564
2025-10-21T01:00:00+00:00,1.16550,1.16550,1.16469,1.16482
2025-10-21T02:00:00+00:00,1.16469,1.16482,1.16360,1.16374
2025-10-21T03:00:00+00:00,1.16374,1.16387,1.16360,1.16374
2025-10-21T04:00:00+00:00,1.16374,1.16387,1.16360,1.16387
2025-10-21T05:00:00+00:00,1.16387,1.16387,1.16279,1.16293
2025-10-21T06:00:00+00:00,1.16279,1.16374,1.16239,1.16360
2025-10-21T07:00:00+00:00,1.16360,1.16387,1.16279,1.16293
2025-10-21T08:00:00+00:00,1.16266,1.16306,1.16171,1.16252
2025-10-21T09:00:00+00:00,1.16239,1.16293,1.16198,1.16239
2025-10-21T10:00:00+00:00,1.16252,1.16266,1.16104,1.16212
2025-10-21T11:00:00+00:00,1.16212,1.16293,1.16144,1.16158
2025-10-21T12:00:00+00:00,1.16158,1.16158,1.16063,1.16144
2025-10-21T13:00:00+00:00,1.16158,1.16198,1.16077,1.16158
2025-10-21T14:00:00+00:00,1.16158,1.16212,1.16023,1.16077
2025-10-21T15:00:00+00:00,1.16077,1.16198,1.16077,1.16184
2025-10-21T16:00:00+00:00,1.16212,1.16266,1.16131,1.16131
2025-10-21T17:00:00+00:00,1.16117,1.16131,1.16050,1.16077
2025-10-21T18:00:00+00:00,1.16090,1.16117,1.16077,1.16090
2025-10-21T19:00:00+00:00,1.16090,1.16117,1.16036,1.16036
2025-10-21T20:00:00+00:00,1.16036,1.16063,1.16023,1.16036
2025-10-21T21:00:00+00:00,1.15982,1.16104,1.15982,1.16077
2025-10-21T22:00:00+00:00,1.16036,1.16063,1.16036,1.16036
2025-10-21T23:00:00+00:00,1.16036,1.16050,1.16023,1.16023
2025-10-22T00:00:00+00:00,1.16023,1.16104,1.16023,1.16077
2025-10-22T01:00:00+00:00,1.16090,1.16117,1.16050,1.16090
2025-10-22T02:00:00+00:00,1.16090,1.16144,1.16090,1.16117
2025-10-22T03:00:00+00:00,1.16117,1.16117,1.16077,1.16104
2025-10-22T04:00:00+00:00,1.16117,1.16131,1.16090,1.16131
2025-10-22T05:00:00+00:00,1.16131,1.16184,1.16131,1.16171
2025-10-22T06:00:00+00:00,1.16117,1.16184,1.16077,1.16131
2025-10-22T07:00:00+00:00,1.16144,1.16144,1.16036,1.16036
2025-10-22T08:00:00+00:00,1.16023,1.16036,1.15942,1.16009
2025-10-22T09:00:00+00:00,1.16009,1.16050,1.15969,1.15982
2025-10-22T10:00:00+00:00,1.15969,1.15996,1.15861,1.15888
2025-10-22T11:00:00+00:00,1.15902,1.15915,1.15861,1.15861
2025-10-22T12:00:00+00:00,1.15915,1.15929,1.15808,1.15861
2025-10-22T13:00:00+00:00,1.15888,1.15996,1.15861,1.15982
2025-10-22T14:00:00+00:00,1.16023,1.16144,1.15955,1.16144
2025-10-22T15:00:00+00:00,1.16158,1.16198,1.16131,1.16144
2025-10-22T16:00:00+00:00,1.16158,1.16252,1.16144,1.16225
2025-10-22T17:00:00+00:00,1.16225,1.16225,1.16171,1.16184
2025-10-22T18:00:00+00:00,1.16184,1.16184,1.16117,1.16131
2025-10-22T19:00:00+00:00,1.16131,1.16144,1.16090,1.16090
2025-10-22T20:00:00+00:00,1.16090,1.16144,1.16090,1.16144
2025-10-22T21:00:00+00:00,1.16131,1.16171,1.16104,1.16171
2025-10-22T22:00:00+00:00,1.16158,1.16184,1.16158,1.16158
2025-10-22T23:00:00+00:00,1.16144,1.16144,1.16104,1.16104
2025-10-23T00:00:00+00:00,1.16104,1.16104,1.16023,1.16077
2025-10-23T01:00:00+00:00,1.16090,1.16090,1.16009,1.16009
2025-10-23T02:00:00+00:00,1.16009,1.16023,1.15982,1.15996
2025-10-23T03:00:00+00:00,1.15996,1.16023,1.15955,1.15969
2025-10-23T04:00:00+00:00,1.15955,1.16023,1.15942,1.16023
2025-10-23T05:00:00+00:00,1.16009,1.16063,1.16009,1.16050
2025-10-23T06:00:00+00:00,1.16050,1.16063,1.15942,1.15982
2025-10-23T07:00:00+00:00,1.15955,1.16036,1.15955,1.16036
2025-10-23T08:00:00+00:00,1.16023,1.16090,1.15969,1.15996
2025-10-23T09:00:00+00:00,1.15996,1.16023,1.15969,1.15969
2025-10-23T10:00:00+00:00,1.15955,1.15982,1.15902,1.15915
2025-10-23T11:00:00+00:00,1.15902,1.15955,1.15888,1.15902
2025-10-23T12:00:00+00:00,1.15929,1.16090,1.15902,1.16036
2025-10-23T13:00:00+00:00,1.16036,1.16131,1.16023,1.16104
2025-10-23T14:00:00+00:00,1.16117,1.16225,1.16117,1.16158
2025-10-23T15:00:00+00:00,1.16184,1.16198,1.16104,1.16144
2025-10-23T16:00:00+00:00,1.16171,1.16198,1.16104,1.16104
2025-10-23T17:00:00+00:00,1.16104,1.16158,1.16077,1.16144
2025-10-23T18:00:00+00:00,1.16144,1.16212,1.16131,1.16212
2025-10-23T19:00:00+00:00,1.16225,1.16225,1.16184,1.16198
2025-10-23T20:00:00+00:00,1.16184,1.16225,1.16171,1.16212
2025-10-23T21:00:00+00:00,1.16225,1.16225,1.16171,1.16212
2025-10-23T22:00:00+00:00,1.16239,1.16252,1.16212,1.16212
2025-10-23T23:00:00+00:00,1.16212,1.16225,1.16184,1.16212
2025-10-24T00:00:00+00:00,1.16212,1.16252,1.16212,1.16212
2025-10-24T01:00:00+00:00,1.16198,1.16225,1.16131,1.16131
2025-10-24T02:00:00+00:00,1.16131,1.16158,1.16117,1.16117
2025-10-24T03:00:00+00:00,1.16117,1.16144,1.16117,1.16131
2025-10-24T04:00:00+00:00,1.16117,1.16131,1.16090,1.16117
2025-10-24T05:00:00+00:00,1.16104,1.16104,1.16050,1.16090
2025-10-24T06:00:00+00:00,1.16090,1.16171,1.16050,1.16171
2025-10-24T07:00:00+00:00,1.16171,1.16306,1.16050,1.16225
2025-10-24T08:00:00+00:00,1.16239,1.16252,1.16104,1.16144
2025-10-24T09:00:00+00:00,1.16117,1.16158,1.16090,1.16158
2025-10-24T10:00:00+00:00,1.16144,1.16198,1.16144,1.16158
2025-10-24T11:00:00+00:00,1.16158,1.16184,1.16117,1.16184
2025-10-24T12:00:00+00:00,1.16184,1.16496,1.16131,1.16374
2025-10-24T13:00:00+00:00,1.16347,1.16455,1.16266,1.16293
2025-10-24T14:00:00+00:00,1.16306,1.16387,1.16225,1.16293
2025-10-24T15:00:00+00:00,1.16306,1.16374,1.16252,1.16293
2025-10-24T16:00:00+00:00,1.16293,1.16306,1.16252,1.16293
2025-10-24T17:00:00+00:00,1.16293,1.16347,1.16279,1.16306
2025-10-24T18:00:00+00:00,1.16306,1.16306,1.16279,1.16293
2025-10-24T19:00:00+00:00,1.16306,1.16360,1.16293,1.16347
2025-10-24T20:00:00+00:00,1.16360,1.16387,1.16252,1.16293
2025-10-24T21:00:00+00:00,1.16320,1.16320,1.16320,1.16320
2025-10-27T00:00:00+00:00,1.16347,1.16414,1.16320,1.16387
2025-10-27T01:00:00+00:00,1.16374,1.16509,1.16374,1.16428
2025-10-27T02:00:00+00:00,1.16428,1.16428,1.16333,1.16347
2025-10-27T03:00:00+00:00,1.16347,1.16360,1.16306,1.16306
2025-10-27T04:00:00+00:00,1.16306,1.16306,1.16239,1.16279
2025-10-27T05:00:00+00:00,1.16293,1.16306,1.16252,1.16293
2025-10-27T06:00:00+00:00,1.16306,1.16360,1.16293,1.16293
2025-10-27T07:00:00+00:00,1.16306,1.16306,1.16239,1.16239
2025-10-27T08:00:00+00:00,1.16225,1.16360,1.16212,1.16333
2025-10-27T09:00:00+00:00,1.16320,1.16428,1.16306,1.16414
2025-10-27T10:00:00+00:00,1.16401,1.16469,1.16387,1.16455
2025-10-27T11:00:00+00:00,1.16442,1.16509,1.16401,1.16496
2025-10-27T12:00:00+00:00,1.16496,1.16537,1.16414,1.16442
2025-10-27T13:00:00+00:00,1.16455,1.16455,1.16360,1.16387
2025-10-27T14:00:00+00:00,1.16401,1.16455,1.16374,1.16428
2025-10-27T15:00:00+00:00,1.16428,1.16442,1.16374,1.16387
2025-10-27T16:00:00+00:00,1.16387,1.16442,1.16360,1.16414
2025-10-27T17:00:00+00:00,1.16428,1.16442,1.16401,1.16414
2025-10-27T18:00:00+00:00,1.16414,1.16550,1.16387,1.16550
2025-10-27T19:00:00+00:00,1.16509,1.16523,1.16482,1.16496
2025-10-27T20:00:00+00:00,1.16509,1.16523,1.16469,1.16469
2025-10-27T21:00:00+00:00,1.16482,1.16496,1.16482,1.16496
2025-10-27T22:00:00+00:00,1.16496,1.16537,1.16496,1.16537
2025-10-27T23:00:00+00:00,1.16537,1.16577,1.16537,1.16550
2025-10-28T00:00:00+00:00,1.16537,1.16618,1.16496,1.16591
2025-10-28T01:00:00+00:00,1.16591,1.16673,1.16591,1.16604
2025-10-28T02:00:00+00:00,1.16618,1.16659,1.16577,1.16577
2025-10-28T03:00:00+00:00,1.16591,1.16659,1.16591,1.16632
2025-10-28T04:00:00+00:00,1.16632,1.16713,1.16618,1.16686
2025-10-28T05:00:00+00:00,1.16700,1.16713,1.16659,1.16673
2025-10-28T06:00:00+00:00,1.16673,1.16700,1.16591,1.16591
2025-10-28T07:00:00+00:00,1.16577,1.16645,1.16550,1.16577
2025-10-28T08:00:00+00:00,1.16577,1.16659,1.16537,1.16577
2025-10-28T09:00:00+00:00,1.16564,1.16618,1.16509,1.16604
2025-10-28T10:00:00+00:00,1.16604,1.16686,1.16591,1.16673
2025-10-28T11:00:00+00:00,1.16673,1.16673,1.16591,1.16618
2025-10-28T12:00:00+00:00,1.16618,1.16632,1.16401,1.16442
2025-10-28T13:00:00+00:00,1.16414,1.16442,1.16293,1.16442
2025-10-28T14:00:00+00:00,1.16414,1.16659,1.16414,1.16632
2025-10-28T15:00:00+00:00,1.16673,1.16700,1.16591,1.16618
2025-10-28T16:00:00+00:00,1.16618,1.16700,1.16564,1.16700
2025-10-28T17:00:00+00:00,1.16713,1.16713,1.16632,1.16659
2025-10-28T18:00:00+00:00,1.16659,1.16659,1.16591,1.16659
2025-10-28T19:00:00+00:00,1.16659,1.16686,1.16564,1.16564
2025-10-28T20:00:00+00:00,1.16564,1.16604,1.16550,1.16564
2025-10-28T21:00:00+00:00,1.16564,1.16604,1.16537,1.16564
2025-10-28T22:00:00+00:00,1.16577,1.16577,1.16537,1.16537
2025-10-28T23:00:00+00:00,1.16537,1.16591,1.16523,1.16591
2025-10-29T00:00:00+00:00,1.16591,1.16645,1.16564,1.16577
2025-10-29T01:00:00+00:00,1.16577,1.16591,1.16496,1.16509
2025-10-29T02:00:00+00:00,1.16509,1.16509,1.16469,1.16496
2025-10-29T03:00:00+00:00,1.16496,1.16496,1.16401,1.16401
2025-10-29T04:00:00+00:00,1.16401,1.16401,1.16347,1.16374
2025-10-29T05:00:00+00:00,1.16374,1.16387,1.16306,1.16347
2025-10-29T06:00:00+00:00,1.16333,1.16360,1.16293,1.16333
2025-10-29T07:00:00+00:00,1.16333,1.16401,1.16333,1.16360
2025-10-29T08:00:00+00:00,1.16360,1.16374,1.16279,1.16279
2025-10-29T09:00:00+00:00,1.16266,1.16482,1.16239,1.16455
2025-10-29T10:00:00+00:00,1.16455,1.16523,1.16414,1.16509
2025-10-29T11:00:00+00:00,1.16509,1.16509,1.16374,1.16428
2025-10-29T12:00:00+00:00,1.16469,1.16469,1.16320,1.16374
2025-10-29T13:00:00+00:00,1.16387,1.16482,1.16374,1.16401
2025-10-29T14:00:00+00:00,1.16414,1.16537,1.16360,1.16537
2025-10-29T15:00:00+00:00,1.16550,1.16673,1.16482,1.16673
2025-10-29T16:00:00+00:00,1.16673,1.16686,1.16591,1.16618
2025-10-29T17:00:00+00:00,1.16604,1.16618,1.16496,1.16509
2025-10-29T18:00:00+00:00,1.16387,1.16509,1.15915,1.15982
2025-10-29T19:00:00+00:00,1.16009,1.16036,1.15821,1.16036
2025-10-29T20:00:00+00:00,1.16036,1.16104,1.15955,1.16036
2025-10-29T21:00:00+00:00,1.16050,1.16144,1.16023,1.16063
2025-10-29T22:00:00+00:00,1.16077,1.16090,1.16050,1.16063
2025-10-29T23:00:00+00:00,1.16077,1.16090,1.16050,1.16063
2025-10-30T00:00:00+00:00,1.16063,1.16184,1.16009,1.16158
2025-10-30T01:00:00+00:00,1.16171,1.16184,1.16131,1.16171
2025-10-30T02:00:00+00:00,1.16171,1.16225,1.16158,1.16212
2025-10-30T03:00:00+00:00,1.16212,1.16225,1.16117,1.16184
2025-10-30T04:00:00+00:00,1.16184,1.16387,1.16171,1.16360
2025-10-30T05:00:00+00:00,1.16374,1.16374,1.16279,1.16279
2025-10-30T06:00:00+00:00,1.16293,1.16333,1.16225,1.16239
2025-10-30T07:00:00+00:00,1.16239,1.16252,1.16144,1.16212
2025-10-30T08:00:00+00:00,1.16212,1.16239,1.16104,1.16198
2025-10-30T09:00:00+00:00,1.16212,1.16306,1.16184,1.16198
2025-10-30T10:00:00+00:00,1.16212,1.16225,1.16104,1.16104
2025-10-30T11:00:00+00:00,1.16077,1.16144,1.15996,1.16009
2025-10-30T12:00:00+00:00,1.16009,1.16023,1.15580,1.15580
2025-10-30T13:00:00+00:00,1.15580,1.15808,1.15513,1.15808
2025-10-30T14:00:00+00:00,1.15808,1.15902,1.15727,1.15754
2025-10-30T15:00:00+00:00,1.15768,1.15808,1.15647,1.15674
2025-10-30T16:00:00+00:00,1.15674,1.15741,1.15620,1.15727
2025-10-30T17:00:00+00:00,1.15727,1.15727,1.15647,1.15687
2025-10-30T18:00:00+00:00,1.15687,1.15741,1.15687,1.15714
2025-10-30T19:00:00+00:00,1.15727,1.15741,1.15647,1.15674
2025-10-30T20:00:00+00:00,1.15674,1.15754,1.15674,1.15687
2025-10-30T21:00:00+00:00,1.15741,1.15741,1.15674,1.15727
2025-10-30T22:00:00+00:00,1.15701,1.15727,1.15701,1.15714
2025-10-30T23:00:00+00:00,1.15714,1.15768,1.15701,1.15754
2025-10-31T00:00:00+00:00,1.15754,1.15808,1.15727,1.15768
2025-10-31T01:00:00+00:00,1.15781,1.15808,1.15701,1.15701
2025-10-31T02:00:00+00:00,1.15701,1.15794,1.15687,1.15714
2025-10-31T03:00:00+00:00,1.15714,1.15741,1.15701,1.15714
2025-10-31T04:00:00+00:00,1.15701,1.15768,1.15701,1.15754
2025-10-31T05:00:00+00:00,1.15754,1.15768,1.15701,1.15714
2025-10-31T06:00:00+00:00,1.15714,1.15781,1.15647,1.15647
2025-10-31T07:00:00+00:00,1.15660,1.15687,1.15594,1.15687
2025-10-31T08:00:00+00:00,1.15674,1.15741,1.15634,1.15741
2025-10-31T09:00:00+00:00,1.15727,1.15808,1.15701,1.15808
2025-10-31T10:00:00+00:00,1.15781,1.15781,1.15714,1.15741
2025-10-31T11:00:00+00:00,1.15741,1.15768,1.15620,1.15701
2025-10-31T12:00:00+00:00,1.15687,1.15701,1.15580,1.15580
2025-10-31T13:00:00+00:00,1.15567,1.15594,1.15340,1.15447
2025-10-31T14:00:00+00:00,1.15447,1.15447,1.15260,1.15380
2025-10-31T15:00:00+00:00,1.15380,1.15460,1.15274,1.15433
2025-10-31T16:00:00+00:00,1.15433,1.15473,1.15327,1.15327
2025-10-31T17:00:00+00:00,1.15327,1.15327,1.15260,1.15274
2025-10-31T18:00:00+00:00,1.15274,1.15300,1.15247,1.15274
2025-10-31T19:00:00+00:00,1.15274,1.15340,1.15274,1.15287
2025-10-31T20:00:00+00:00,1.15300,1.15433,1.15300,1.15433
2025-10-31T21:00:00+00:00,1.15433,1.15433,1.15433,1.15433
2025-11-03T00:00:00+00:00,1.15327,1.15340,1.15274,1.15287
2025-11-03T01:00:00+00:00,1.15287,1.15327,1.15260,1.15300
2025-11-03T02:00:00+00:00,1.15300,1.15380,1.15300,1.15354
2025-11-03T03:00:00+00:00,1.15354,1.15380,1.15340,1.15367
2025-11-03T04:00:00+00:00,1.15367,1.15407,1.15354,1.15367
2025-11-03T05:00:00+00:00,1.15380,1.15407,1.15367,1.15380
2025-11-03T06:00:00+00:00,1.15380,1.15447,1.15380,1.15420
2025-11-03T07:00:00+00:00,1.15433,1.15447,1.15380,1.15433
2025-11-03T08:00:00+00:00,1.15407,1.15407,1.15141,1.15168
2025-11-03T09:00:00+00:00,1.15154,1.15234,1.15154,1.15181
2025-11-03T10:00:00+00:00,1.15194,1.15221,1.15115,1.15194
2025-11-03T11:00:00+00:00,1.15168,1.15234,1.15154,1.15194
2025-11-03T12:00:00+00:00,1.15181,1.15247,1.15181,1.15207
2025-11-03T13:00:00+00:00,1.15207,1.15207,1.15101,1.15141
2025-11-03T14:00:00+00:00,1.15154,1.15154,1.15088,1.15141
2025-11-03T15:00:00+00:00,1.15221,1.15287,1.15101,1.15287
2025-11-03T16:00:00+00:00,1.15287,1.15354,1.15274,1.15340
2025-11-03T17:00:00+00:00,1.15327,1.15407,1.15300,1.15300
2025-11-03T18:00:00+00:00,1.15314,1.15340,1.15247,1.15260
2025-11-03T19:00:00+00:00,1.15260,1.15274,1.15207,1.15221
2025-11-03T20:00:00+00:00,1.15234,1.15260,1.15207,1.15234
2025-11-03T21:00:00+00:00,1.15207,1.15234,1.15194,1.15221
2025-11-03T22:00:00+00:00,1.15234,1.15274,1.15207,1.15234
2025-11-03T23:00:00+00:00,1.15247,1.15247,1.15221,1.15221
2025-11-04T00:00:00+00:00,1.15181,1.15194,1.15088,1.15115
2025-11-04T01:00:00+00:00,1.15101,1.15128,1.15035,1.15128
2025-11-04T02:00:00+00:00,1.15128,1.15141,1.15088,1.15141
2025-11-04T03:00:00+00:00,1.15154,1.15207,1.15141,1.15168
2025-11-04T04:00:00+00:00,1.15168,1.15207,1.15128,1.15128
2025-11-04T05:00:00+00:00,1.15128,1.15168,1.15115,1.15154
2025-11-04T06:00:00+00:00,1.15154,1.15287,1.15154,1.15260
2025-11-04T07:00:00+00:00,1.15274,1.15354,1.15260,1.15300
2025-11-04T08:00:00+00:00,1.15314,1.15314,1.15168,1.15168
2025-11-04T09:00:00+00:00,1.15168,1.15207,1.15035,1.15048
2025-11-04T10:00:00+00:00,1.15048,1.15128,1.15048,1.15075
2025-11-04T11:00:00+00:00,1.15088,1.15088,1.14929,1.14929
2025-11-04T12:00:00+00:00,1.14943,1.14956,1.14811,1.14929
2025-11-04T13:00:00+00:00,1.14916,1.14995,1.14916,1.14956
2025-11-04T14:00:00+00:00,1.14956,1.14982,1.14771,1.14850
2025-11-04T15:00:00+00:00,1.14837,1.14956,1.14784,1.14956
2025-11-04T16:00:00+00:00,1.14956,1.14982,1.14916,1.14929
2025-11-04T17:00:00+00:00,1.14929,1.14929,1.14877,1.14877
2025-11-04T18:00:00+00:00,1.14863,1.14903,1.14850,1.14877
2025-11-04T19:00:00+00:00,1.14877,1.14903,1.14824,1.14824
2025-11-04T20:00:00+00:00,1.14811,1.14863,1.14784,1.14837
2025-11-04T21:00:00+00:00,1.14837,1.14863,1.14824,1.14863
2025-11-04T22:00:00+00:00,1.14824,1.14916,1.14784,1.14863
2025-11-04T23:00:00+00:00,1.14877,1.14890,1.14863,1.14877
2025-11-05T00:00:00+00:00,1.14890,1.14890,1.14837,1.14877
2025-11-05T01:00:00+00:00,1.14877,1.15009,1.14837,1.14929
2025-11-05T02:00:00+00:00,1.14943,1.14956,1.14890,1.14916
2025-11-05T03:00:00+00:00,1.14929,1.14956,1.14890,1.14916
2025-11-05T04:00:00+00:00,1.14916,1.14943,1.14916,1.14943
2025-11-05T05:00:00+00:00,1.14943,1.14969,1.14929,1.14956
2025-11-05T06:00:00+00:00,1.14943,1.14969,1.14903,1.14903
2025-11-05T07:00:00+00:00,1.14903,1.14943,1.14877,1.14903
2025-11-05T08:00:00+00:00,1.14903,1.14995,1.14903,1.14916
2025-11-05T09:00:00+00:00,1.14903,1.14956,1.14863,1.14877
2025-11-05T10:00:00+00:00,1.14877,1.14877,1.14797,1.14863
2025-11-05T11:00:00+00:00,1.14877,1.14929,1.14824,1.14916
2025-11-05T12:00:00+00:00,1.14929,1.14956,1.14903,1.14943
2025-11-05T13:00:00+00:00,1.14929,1.14969,1.14771,1.14771
2025-11-05T14:00:00+00:00,1.14797,1.14956,1.14732,1.14903
2025-11-05T15:00:00+00:00,1.14771,1.14903,1.14758,1.14824
2025-11-05T16:00:00+00:00,1.14824,1.14890,1.14745,1.14877
2025-11-05T17:00:00+00:00,1.14863,1.14890,1.14811,1.14837
2025-11-05T18:00:00+00:00,1.14837,1.14863,1.14824,1.14850
2025-11-05T19:00:00+00:00,1.14863,1.14903,1.14837,1.14890
2025-11-05T20:00:00+00:00,1.14903,1.14956,1.14903,1.14916
2025-11-05T21:00:00+00:00,1.14916,1.14982,1.14903,1.14982
2025-11-05T22:00:00+00:00,1.14969,1.14969,1.14929,1.14956
2025-11-05T23:00:00+00:00,1.14956,1.14995,1.14943,1.14995
2025-11-06T00:00:00+00:00,1.14982,1.15048,1.14969,1.15048
2025-11-06T01:00:00+00:00,1.15048,1.15115,1.15048,1.15101
2025-11-06T02:00:00+00:00,1.15101,1.15115,1.15062,1.15088
2025-11-06T03:00:00+00:00,1.15088,1.15115,1.15075,1.15101
2025-11-06T04:00:00+00:00,1.15101,1.15115,1.15075,1.15101
2025-11-06T05:00:00+00:00,1.15088,1.15141,1.15075,1.15141
2025-11-06T06:00:00+00:00,1.15115,1.15168,1.15088,1.15101
2025-11-06T07:00:00+00:00,1.15101,1.15168,1.15101,1.15115
2025-11-06T08:00:00+00:00,1.15128,1.15260,1.15101,1.15247
2025-11-06T09:00:00+00:00,1.15234,1.15260,1.15154,1.15168
2025-11-06T10:00:00+00:00,1.15154,1.15207,1.15141,1.15141
2025-11-06T11:00:00+00:00,1.15141,1.15234,1.15141,1.15234
2025-11-06T12:00:00+00:00,1.15207,1.15354,1.15181,1.15340
2025-11-06T13:00:00+00:00,1.15327,1.15473,1.15327,1.15393
2025-11-06T14:00:00+00:00,1.15380,1.15407,1.15247,1.15247
2025-11-06T15:00:00+00:00,1.15234,1.15447,1.15234,1.15433
2025-11-06T16:00:00+00:00,1.15420,1.15447,1.15354,1.15407
2025-11-06T17:00:00+00:00,1.15407,1.15460,1.15354,1.15433
2025-11-06T18:00:00+00:00,1.15433,1.15540,1.15433,1.15500
2025-11-06T19:00:00+00:00,1.15500,1.15553,1.15460,1.15473
2025-11-06T20:00:00+00:00,1.15487,1.15527,1.15460,1.15513
2025-11-06T21:00:00+00:00,1.15513,1.15527,1.15487,1.15500
2025-11-06T22:00:00+00:00,1.15527,1.15553,1.15460,1.15487
2025-11-06T23:00:00+00:00,1.15513,1.15553,1.15513,1.15513
2025-11-07T00:00:00+00:00,1.15500,1.15513,1.15420,1.15433
2025-11-07T01:00:00+00:00,1.15420,1.15447,1.15393,1.15407
2025-11-07T02:00:00+00:00,1.15433,1.15460,1.15420,1.15433
2025-11-07T03:00:00+00:00,1.15447,1.15447,1.15380,1.15420
2025-11-07T04:00:00+00:00,1.15407,1.15407,1.15367,1.15393
2025-11-07T05:00:00+00:00,1.15393,1.15420,1.15367,1.15380
2025-11-07T06:00:00+00:00,1.15367,1.15393,1.15340,1.15340
2025-11-07T07:00:00+00:00,1.15354,1.15393,1.15340,1.15367
2025-11-07T08:00:00+00:00,1.15367,1.15433,1.15340,1.15393
2025-11-07T09:00:00+00:00,1.15407,1.15447,1.15380,1.15420
2025-11-07T10:00:00+00:00,1.15420,1.15553,1.15420,1.15540
2025-11-07T11:00:00+00:00,1.15553,1.15634,1.15527,1.15620
2025-11-07T12:00:00+00:00,1.15607,1.15687,1.15580,1.15594
2025-11-07T13:00:00+00:00,1.15594,1.15727,1.15594,1.15714
2025-11-07T14:00:00+00:00,1.15701,1.15808,1.15701,1.15781
2025-11-07T15:00:00+00:00,1.15821,1.15929,1.15754,1.15754
2025-11-07T16:00:00+00:00,1.15768,1.15861,1.15768,1.15808
2025-11-07T17:00:00+00:00,1.15808,1.15848,1.15754,1.15848
2025-11-07T18:00:00+00:00,1.15848,1.15861,1.15714,1.15714
2025-11-07T19:00:00+00:00,1.15701,1.15754,1.15594,1.15634
2025-11-07T20:00:00+00:00,1.15620,1.15701,1.15607,1.15674
2025-11-07T21:00:00+00:00,1.15687,1.15701,1.15634,1.15674
2025-11-07T22:00:00+00:00,1.15701,1.15701,1.15701,1.15701
2025-11-10T00:00:00+00:00,1.15460,1.15594,1.15460,1.15580
2025-11-10T01:00:00+00:00,1.15553,1.15634,1.15500,1.15607
2025-11-10T02:00:00+00:00,1.15620,1.15634,1.15580,1.15607
2025-11-10T03:00:00+00:00,1.15607,1.15620,1.15553,1.15580
2025-11-10T04:00:00+00:00,1.15580,1.15660,1.15580,1.15647
2025-11-10T05:00:00+00:00,1.15647,1.15687,1.15620,1.15660
2025-11-10T06:00:00+00:00,1.15660,1.15674,1.15553,1.15567
2025-11-10T07:00:00+00:00,1.15594,1.15741,1.15580,1.15714
2025-11-10T08:00:00+00:00,1.15701,1.15861,1.15701,1.15768
2025-11-10T09:00:00+00:00,1.15768,1.15768,1.15674,1.15727
2025-11-10T10:00:00+00:00,1.15714,1.15741,1.15647,1.15660
2025-11-10T11:00:00+00:00,1.15660,1.15674,1.15580,1.15674
2025-11-10T12:00:00+00:00,1.15674,1.15781,1.15660,1.15727
2025-11-10T13:00:00+00:00,1.15714,1.15808,1.15701,1.15727
2025-11-10T14:00:00+00:00,1.15714,1.15714,1.15634,1.15660
2025-11-10T15:00:00+00:00,1.15687,1.15701,1.15500,1.15500
2025-11-10T16:00:00+00:00,1.15487,1.15580,1.15473,1.15473
2025-11-10T17:00:00+00:00,1.15487,1.15634,1.15447,1.15634
2025-11-10T18:00:00+00:00,1.15647,1.15687,1.15620,1.15620
2025-11-10T19:00:00+00:00,1.15620,1.15660,1.15620,1.15647
2025-11-10T20:00:00+00:00,1.15647,1.15674,1.15647,1.15674
2025-11-10T21:00:00+00:00,1.15674,1.15674,1.15594,1.15607
2025-11-10T22:00:00+00:00,1.15594,1.15647,1.15580,1.15607
2025-11-10T23:00:00+00:00,1.15620,1.15634,1.15594,1.15594
2025-11-11T00:00:00+00:00,1.15594,1.15620,1.15553,1.15553
2025-11-11T01:00:00+00:00,1.15553,1.15580,1.15513,1.15580
2025-11-11T02:00:00+00:00,1.15594,1.15607,1.15553,1.15567
2025-11-11T03:00:00+00:00,1.15567,1.15620,1.15567,1.15594
2025-11-11T04:00:00+00:00,1.15594,1.15634,1.15594,1.15607
2025-11-11T05:00:00+00:00,1.15620,1.15687,1.15620,1.15647
2025-11-11T06:00:00+00:00,1.15647,1.15660,1.15540,1.15553
2025-11-11T07:00:00+00:00,1.15540,1.15634,1.15540,1.15634
2025-11-11T08:00:00+00:00,1.15647,1.15714,1.15580,1.15594
2025-11-11T09:00:00+00:00,1.15567,1.15714,1.15567,1.15714
2025-11-11T10:00:00+00:00,1.15674,1.15768,1.15660,1.15754
2025-11-11T11:00:00+00:00,1.15768,1.15808,1.15741,1.15768
2025-11-11T12:00:00+00:00,1.15754,1.15808,1.15727,1.15754
2025-11-11T13:00:00+00:00,1.15741,1.16090,1.15741,1.16063
2025-11-11T14:00:00+00:00,1.16050,1.16077,1.15982,1.16036
2025-11-11T15:00:00+00:00,1.16036,1.16063,1.15955,1.15982
2025-11-11T16:00:00+00:00,1.15982,1.16023,1.15942,1.15969
2025-11-11T17:00:00+00:00,1.15969,1.16023,1.15942,1.15982
2025-11-11T18:00:00+00:00,1.15982,1.15996,1.15955,1.15969
2025-11-11T19:00:00+00:00,1.15955,1.15969,1.15875,1.15875
2025-11-11T20:00:00+00:00,1.15875,1.15929,1.15861,1.15861
2025-11-11T21:00:00+00:00,1.15875,1.15888,1.15848,1.15861
2025-11-11T22:00:00+00:00,1.15848,1.15915,1.15754,1.15888
2025-11-11T23:00:00+00:00,1.15888,1.15902,1.15848,1.15902
2025-11-12T00:00:00+00:00,1.15902,1.15902,1.15835,1.15835
2025-11-12T01:00:00+00:00,1.15821,1.15848,1.15781,1.15794
2025-11-12T02:00:00+00:00,1.15794,1.15835,1.15794,1.15835
2025-11-12T03:00:00+00:00,1.15821,1.15848,1.15794,1.15808
2025-11-12T04:00:00+00:00,1.15808,1.15821,1.15741,1.15754
2025-11-12T05:00:00+00:00,1.15754,1.15821,1.15741,1.15808
2025-11-12T06:00:00+00:00,1.15781,1.15861,1.15781,1.15861
2025-11-12T07:00:00+00:00,1.15861,1.15915,1.15848,1.15861
2025-11-12T08:00:00+00:00,1.15875,1.15902,1.15808,1.15821
2025-11-12T09:00:00+00:00,1.15808,1.15835,1.15714,1.15727
2025-11-12T10:00:00+00:00,1.15741,1.15781,1.15687,1.15727
2025-11-12T11:00:00+00:00,1.15741,1.15794,1.15701,1.15794
2025-11-12T12:00:00+00:00,1.15821,1.15835,1.15754,1.15794
2025-11-12T13:00:00+00:00,1.15821,1.15821,1.15701,1.15741
2025-11-12T14:00:00+00:00,1.15754,1.15781,1.15660,1.15768
2025-11-12T15:00:00+00:00,1.15781,1.15982,1.15768,1.15982
2025-11-12T16:00:00+00:00,1.15969,1.16009,1.15929,1.15942
2025-11-12T17:00:00+00:00,1.15942,1.15996,1.15942,1.15955
2025-11-12T18:00:00+00:00,1.15969,1.15982,1.15942,1.15942
2025-11-12T19:00:00+00:00,1.15929,1.15942,1.15875,1.15902
2025-11-12T20:00:00+00:00,1.15888,1.15942,1.15888,1.15942
2025-11-12T21:00:00+00:00,1.15915,1.15969,1.15888,1.15969
2025-11-12T22:00:00+00:00,1.16036,1.16036,1.15929,1.15929
2025-11-12T23:00:00+00:00,1.15969,1.15969,1.15942,1.15942
2025-11-13T00:00:00+00:00,1.15955,1.15955,1.15835,1.15835
2025-11-13T01:00:00+00:00,1.15835,1.15929,1.15835,1.15929
2025-11-13T02:00:00+00:00,1.15929,1.15955,1.15888,1.15929
2025-11-13T03:00:00+00:00,1.15929,1.15955,1.15902,1.15929
2025-11-13T04:00:00+00:00,1.15929,1.15942,1.15915,1.15942
2025-11-13T05:00:00+00:00,1.15942,1.15942,1.15848,1.15848
2025-11-13T06:00:00+00:00,1.15848,1.15888,1.15848,1.15888
2025-11-13T07:00:00+00:00,1.15875,1.16144,1.15875,1.16144
2025-11-13T08:00:00+00:00,1.16144,1.16306,1.16131,1.16293
2025-11-13T09:00:00+00:00,1.16320,1.16374,1.16144,1.16212
2025-11-13T10:00:00+00:00,1.16212,1.16266,1.16144,1.16198
2025-11-13T11:00:00+00:00,1.16198,1.16239,1.16090,1.16090
2025-11-13T12:00:00+00:00,1.16104,1.16252,1.16104,1.16252
2025-11-13T13:00:00+00:00,1.16279,1.16279,1.16158,1.16239
2025-11-13T14:00:00+00:00,1.16239,1.16333,1.16212,1.16293
2025-11-13T15:00:00+00:00,1.16306,1.16455,1.16266,1.16428
2025-11-13T16:00:00+00:00,1.16428,1.16509,1.16401,1.16509
2025-11-13T17:00:00+00:00,1.16523,1.16577,1.16509,1.16550
2025-11-13T18:00:00+00:00,1.16550,1.16550,1.16401,1.16428
2025-11-13T19:00:00+00:00,1.16414,1.16442,1.16387,1.16387
2025-11-13T20:00:00+00:00,1.16387,1.16428,1.16360,1.16360
2025-11-13T21:00:00+00:00,1.16360,1.16414,1.16347,1.16374
2025-11-13T22:00:00+00:00,1.16360,1.16442,1.16333,1.16401
2025-11-13T23:00:00+00:00,1.16414,1.16414,1.16266,1.16333
2025-11-14T00:00:00+00:00,1.16333,1.16360,1.16306,1.16347
2025-11-14T01:00:00+00:00,1.16360,1.16414,1.16347,1.16374
2025-11-14T02:00:00+00:00,1.16374,1.16401,1.16333,1.16387
2025-11-14T03:00:00+00:00,1.16401,1.16482,1.16401,1.16414
2025-11-14T04:00:00+00:00,1.16414,1.16469,1.16414,1.16455
2025-11-14T05:00:00+00:00,1.16455,1.16509,1.16428,1.16496
2025-11-14T06:00:00+00:00,1.16496,1.16523,1.16374,1.16401
2025-11-14T07:00:00+00:00,1.16428,1.16482,1.16374,1.16374
2025-11-14T08:00:00+00:00,1.16360,1.16387,1.16239,1.16347
2025-11-14T09:00:00+00:00,1.16320,1.16347,1.16239,1.16252
2025-11-14T10:00:00+00:00,1.16252,1.16252,1.16158,1.16198
2025-11-14T11:00:00+00:00,1.16171,1.16225,1.16131,1.16225
2025-11-14T12:00:00+00:00,1.16225,1.16550,1.16212,1.16537
2025-11-14T13:00:00+00:00,1.16564,1.16564,1.16387,1.16414
2025-11-14T14:00:00+00:00,1.16401,1.16414,1.16266,1.16279
2025-11-14T15:00:00+00:00,1.16266,1.16279,1.16104,1.16158
2025-11-14T16:00:00+00:00,1.16158,1.16266,1.16131,1.16212
2025-11-14T17:00:00+00:00,1.16198,1.16212,1.16117,1.16184
2025-11-14T18:00:00+00:00,1.16184,1.16212,1.16131,1.16198
2025-11-14T19:00:00+00:00,1.16198,1.16225,1.16198,1.16212
2025-11-14T20:00:00+00:00,1.16212,1.16266,1.16198,1.16239
2025-11-14T21:00:00+00:00,1.16239,1.16266,1.16212,1.16252
2025-11-14T22:00:00+00:00,1.16239,1.16252,1.16239,1.16252
2025-11-17T00:00:00+00:00,1.16184,1.16184,1.16090,1.16104
2025-11-17T01:00:00+00:00,1.16090,1.16131,1.16090,1.16090
2025-11-17T02:00:00+00:00,1.16090,1.16090,1.16050,1.16050
2025-11-17T03:00:00+00:00,1.16050,1.16050,1.16009,1.16023
2025-11-17T04:00:00+00:00,1.16023,1.16063,1.16009,1.16063
2025-11-17T05:00:00+00:00,1.16077,1.16090,1.16036,1.16036
2025-11-17T06:00:00+00:00,1.16036,1.16117,1.15982,1.16117
2025-11-17T07:00:00+00:00,1.16117,1.16184,1.16104,1.16158
2025-11-17T08:00:00+00:00,1.16158,1.16184,1.16023,1.16077
2025-11-17T09:00:00+00:00,1.16036,1.16063,1.16009,1.16036
2025-11-17T10:00:00+00:00,1.16050,1.16117,1.15996,1.15996
2025-11-17T11:00:00+00:00,1.15982,1.16063,1.15982,1.16050
2025-11-17T12:00:00+00:00,1.16050,1.16077,1.15996,1.16023
2025-11-17T13:00:00+00:00,1.16009,1.16023,1.15929,1.15942
2025-11-17T14:00:00+00:00,1.15955,1.15982,1.15875,1.15902
2025-11-17T15:00:00+00:00,1.15875,1.16009,1.15861,1.16009
2025-11-17T16:00:00+00:00,1.16009,1.16050,1.15982,1.16023
2025-11-17T17:00:00+00:00,1.16009,1.16023,1.15955,1.15969
2025-11-17T18:00:00+00:00,1.15969,1.15969,1.15915,1.15942
2025-11-17T19:00:00+00:00,1.15942,1.15982,1.15875,1.15875
2025-11-17T20:00:00+00:00,1.15861,1.15942,1.15861,1.15915
2025-11-17T21:00:00+00:00,1.15915,1.15969,1.15915,1.15969
2025-11-17T22:00:00+00:00,1.15955,1.15982,1.15888,1.15942
2025-11-17T23:00:00+00:00,1.15969,1.15969,1.15929,1.15929
2025-11-18T00:00:00+00:00,1.15929,1.15929,1.15888,1.15902
2025-11-18T01:00:00+00:00,1.15902,1.15969,1.15888,1.15942
2025-11-18T02:00:00+00:00,1.15942,1.15982,1.15915,1.15969
2025-11-18T03:00:00+00:00,1.15969,1.15996,1.15955,1.15955
2025-11-18T04:00:00+00:00,1.15955,1.16050,1.15929,1.16036
2025-11-18T05:00:00+00:00,1.16036,1.16036,1.15996,1.16023
2025-11-18T06:00:00+00:00,1.16009,1.16036,1.15969,1.15982
2025-11-18T07:00:00+00:00,1.15996,1.16036,1.15955,1.15955
2025-11-18T08:00:00+00:00,1.15955,1.16104,1.15942,1.15955
2025-11-18T09:00:00+00:00,1.15929,1.15982,1.15915,1.15929
2025-11-18T10:00:00+00:00,1.15929,1.15942,1.15848,1.15861
2025-11-18T11:00:00+00:00,1.15861,1.15915,1.15835,1.15888
2025-11-18T12:00:00+00:00,1.15875,1.15955,1.15875,1.15955
2025-11-18T13:00:00+00:00,1.15969,1.16050,1.15915,1.16009
2025-11-18T14:00:00+00:00,1.16023,1.16050,1.15982,1.16036
2025-11-18T15:00:00+00:00,1.16050,1.16104,1.15848,1.15848
2025-11-18T16:00:00+00:00,1.15848,1.15875,1.15768,1.15821
2025-11-18T17:00:00+00:00,1.15821,1.15835,1.15754,1.15794
2025-11-18T18:00:00+00:00,1.15794,1.15888,1.15781,1.15848
2025-11-18T19:00:00+00:00,1.15848,1.15902,1.15848,1.15888
2025-11-18T20:00:00+00:00,1.15888,1.15902,1.15821,1.15835
2025-11-18T21:00:00+00:00,1.15835,1.15861,1.15821,1.15848
2025-11-18T22:00:00+00:00,1.15861,1.15902,1.15808,1.15835
2025-11-18T23:00:00+00:00,1.15835,1.15848,1.15808,1.15835
2025-11-19T00:00:00+00:00,1.15835,1.15875,1.15821,1.15861
2025-11-19T01:00:00+00:00,1.15861,1.15875,1.15794,1.15808
2025-11-19T02:00:00+00:00,1.15794,1.15848,1.15768,1.15821
2025-11-19T03:00:00+00:00,1.15821,1.15875,1.15808,1.15861
2025-11-19T04:00:00+00:00,1.15875,1.15875,1.15808,1.15875
2025-11-19T05:00:00+00:00,1.15888,1.15929,1.15875,1.15915
2025-11-19T06:00:00+00:00,1.15929,1.15955,1.15902,1.15902
2025-11-19T07:00:00+00:00,1.15888,1.15996,1.15808,1.15835
2025-11-19T08:00:00+00:00,1.15902,1.15915,1.15754,1.15768
2025-11-19T09:00:00+00:00,1.15768,1.15835,1.15701,1.15781
2025-11-19T10:00:00+00:00,1.15781,1.15808,1.15714,1.15727
2025-11-19T11:00:00+00:00,1.15727,1.15902,1.15727,1.15902
2025-11-19T12:00:00+00:00,1.15915,1.15915,1.15808,1.15821
2025-11-19T13:00:00+00:00,1.15808,1.15942,1.15741,1.15768
2025-11-19T14:00:00+00:00,1.15768,1.15768,1.15594,1.15594
2025-11-19T15:00:00+00:00,1.15607,1.15607,1.15447,1.15500
2025-11-19T16:00:00+00:00,1.15500,1.15500,1.15380,1.15433
2025-11-19T17:00:00+00:00,1.15447,1.15460,1.15300,1.15367
2025-11-19T18:00:00+00:00,1.15354,1.15393,1.15327,1.15340
2025-11-19T19:00:00+00:00,1.15314,1.15327,1.15221,1.15234
2025-11-19T20:00:00+00:00,1.15247,1.15314,1.15247,1.15300
2025-11-19T21:00:00+00:00,1.15287,1.15420,1.15274,1.15420
2025-11-19T22:00:00+00:00,1.15433,1.15433,1.15393,1.15407
2025-11-19T23:00:00+00:00,1.15433,1.15447,1.15407,1.15420
2025-11-20T00:00:00+00:00,1.15407,1.15407,1.15327,1.15380
2025-11-20T01:00:00+00:00,1.15380,1.15380,1.15260,1.15260
2025-11-20T02:00:00+00:00,1.15260,1.15260,1.15194,1.15234
2025-11-20T03:00:00+00:00,1.15247,1.15260,1.15141,1.15168
2025-11-20T04:00:00+00:00,1.15168,1.15234,1.15168,1.15234
2025-11-20T05:00:00+00:00,1.15221,1.15221,1.15181,1.15194
2025-11-20T06:00:00+00:00,1.15181,1.15260,1.15181,1.15234
2025-11-20T07:00:00+00:00,1.15207,1.15247,1.15194,1.15221
2025-11-20T08:00:00+00:00,1.15234,1.15260,1.15154,1.15247
2025-11-20T09:00:00+00:00,1.15247,1.15314,1.15221,1.15314
2025-11-20T10:00:00+00:00,1.15314,1.15327,1.15287,1.15300
2025-11-20T11:00:00+00:00,1.15300,1.15300,1.15181,1.15181
2025-11-20T12:00:00+00:00,1.15181,1.15194,1.15115,1.15141
2025-11-20T13:00:00+00:00,1.15154,1.15420,1.15141,1.15340
2025-11-20T14:00:00+00:00,1.15300,1.15527,1.15287,1.15380
2025-11-20T15:00:00+00:00,1.15367,1.15380,1.15247,1.15300
2025-11-20T16:00:00+00:00,1.15327,1.15433,1.15314,1.15367
2025-11-20T17:00:00+00:00,1.15367,1.15407,1.15287,1.15327
2025-11-20T18:00:00+00:00,1.15314,1.15393,1.15300,1.15393
2025-11-20T19:00:00+00:00,1.15407,1.15447,1.15393,1.15407
2025-11-20T20:00:00+00:00,1.15420,1.15420,1.15287,1.15300
2025-11-20T21:00:00+00:00,1.15300,1.15327,1.15274,1.15314
2025-11-20T22:00:00+00:00,1.15300,1.15354,1.15300,1.15327
2025-11-20T23:00:00+00:00,1.15314,1.15380,1.15274,1.15367
2025-11-21T00:00:00+00:00,1.15367,1.15393,1.15314,1.15380
2025-11-21T01:00:00+00:00,1.15393,1.15420,1.15354,1.15367
2025-11-21T02:00:00+00:00,1.15367,1.15420,1.15367,1.15393
2025-11-21T03:00:00+00:00,1.15393,1.15420,1.15380,1.15407
2025-11-21T04:00:00+00:00,1.15393,1.15447,1.15393,1.15420
2025-11-21T05:00:00+00:00,1.15433,1.15447,1.15380,1.15380
2025-11-21T06:00:00+00:00,1.15393,1.15500,1.15393,1.15447
2025-11-21T07:00:00+00:00,1.15433,1.15513,1.15433,1.15433
2025-11-21T08:00:00+00:00,1.15433,1.15553,1.15380,1.15420
2025-11-21T09:00:00+00:00,1.15433,1.15460,1.15287,1.15287
2025-11-21T10:00:00+00:00,1.15287,1.15300,1.15168,1.15221
2025-11-21T11:00:00+00:00,1.15247,1.15260,1.15088,1.15101
2025-11-21T12:00:00+00:00,1.15115,1.15287,1.15009,1.15274
2025-11-21T13:00:00+00:00,1.15274,1.15287,1.15194,1.15247
2025-11-21T14:00:00+00:00,1.15234,1.15234,1.15088,1.15168
2025-11-21T15:00:00+00:00,1.15194,1.15247,1.15022,1.15062
2025-11-21T16:00:00+00:00,1.15048,1.15075,1.14943,1.15075
2025-11-21T17:00:00+00:00,1.15115,1.15154,1.15048,1.15101
2025-11-21T18:00:00+00:00,1.15101,1.15101,1.15062,1.15088
2025-11-21T19:00:00+00:00,1.15088,1.15207,1.15088,1.15168
2025-11-21T20:00:00+00:00,1.15168,1.15207,1.15128,1.15207
2025-11-21T21:00:00+00:00,1.15207,1.15247,1.15168,1.15168
2025-11-21T22:00:00+00:00,1.15194,1.15194,1.15194,1.15194
2025-11-24T00:00:00+00:00,1.15115,1.15115,1.15062,1.15101
2025-11-24T01:00:00+00:00,1.15115,1.15168,1.15088,1.15141
2025-11-24T02:00:00+00:00,1.15141,1.15221,1.15141,1.15194
2025-11-24T03:00:00+00:00,1.15207,1.15221,1.15168,1.15194
2025-11-24T04:00:00+00:00,1.15207,1.15247,1.15194,1.15247
2025-11-24T05:00:00+00:00,1.15247,1.15314,1.15247,1.15260
2025-11-24T06:00:00+00:00,1.15260,1.15300,1.15234,1.15247
2025-11-24T07:00:00+00:00,1.15234,1.15260,1.15154,1.15154
2025-11-24T08:00:00+00:00,1.15194,1.15367,1.15194,1.15327
2025-11-24T09:00:00+00:00,1.15314,1.15367,1.15287,1.15327
2025-11-24T10:00:00+00:00,1.15340,1.15447,1.15340,1.15433
2025-11-24T11:00:00+00:00,1.15447,1.15500,1.15393,1.15487
2025-11-24T12:00:00+00:00,1.15487,1.15527,1.15407,1.15500
2025-11-24T13:00:00+00:00,1.15513,1.15527,1.15407,1.15420
2025-11-24T14:00:00+00:00,1.15433,1.15447,1.15300,1.15300
2025-11-24T15:00:00+00:00,1.15300,1.15327,1.15221,1.15327
2025-11-24T16:00:00+00:00,1.15340,1.15340,1.15221,1.15221
2025-11-24T17:00:00+00:00,1.15221,1.15234,1.15154,1.15221
2025-11-24T18:00:00+00:00,1.15207,1.15314,1.15207,1.15314
2025-11-24T19:00:00+00:00,1.15300,1.15327,1.15260,1.15314
2025-11-24T20:00:00+00:00,1.15287,1.15314,1.15260,1.15260
2025-11-24T21:00:00+00:00,1.15260,1.15260,1.15234,1.15234
2025-11-24T22:00:00+00:00,1.15287,1.15300,1.15247,1.15287
2025-11-24T23:00:00+00:00,1.15260,1.15274,1.15221,1.15221
2025-11-25T00:00:00+00:00,1.15234,1.15274,1.15221,1.15274
2025-11-25T01:00:00+00:00,1.15274,1.15327,1.15260,1.15287
2025-11-25T02:00:00+00:00,1.15300,1.15314,1.15260,1.15314
2025-11-25T03:00:00+00:00,1.15340,1.15340,1.15207,1.15221
2025-11-25T04:00:00+00:00,1.15207,1.15207,1.15181,1.15181
2025-11-25T05:00:00+00:00,1.15181,1.15207,1.15154,1.15207
2025-11-25T06:00:00+00:00,1.15207,1.15247,1.15181,1.15234
2025-11-25T07:00:00+00:00,1.15247,1.15340,1.15234,1.15247
2025-11-25T08:00:00+00:00,1.15260,1.15367,1.15247,1.15340
2025-11-25T09:00:00+00:00,1.15340,1.15393,1.15314,1.15380
2025-11-25T10:00:00+00:00,1.15367,1.15460,1.15354,1.15420
2025-11-25T11:00:00+00:00,1.15433,1.15433,1.15287,1.15300
2025-11-25T12:00:00+00:00,1.15300,1.15540,1.15287,1.15473
2025-11-25T13:00:00+00:00,1.15500,1.15634,1.15460,1.15620
2025-11-25T14:00:00+00:00,1.15634,1.15741,1.15553,1.15714
2025-11-25T15:00:00+00:00,1.15714,1.15875,1.15660,1.15660
2025-11-25T16:00:00+00:00,1.15660,1.15741,1.15540,1.15553
2025-11-25T17:00:00+00:00,1.15674,1.15861,1.15620,1.15861
2025-11-25T18:00:00+00:00,1.15875,1.15888,1.15821,1.15835
2025-11-25T19:00:00+00:00,1.15835,1.15875,1.15781,1.15875
2025-11-25T20:00:00+00:00,1.15875,1.15875,1.15620,1.15687
2025-11-25T21:00:00+00:00,1.15687,1.15754,1.15687,1.15727
2025-11-25T22:00:00+00:00,1.15754,1.15781,1.15660,1.15727
2025-11-25T23:00:00+00:00,1.15727,1.15754,1.15674,1.15674
2025-11-26T00:00:00+00:00,1.15687,1.15754,1.15674,1.15714
2025-11-26T01:00:00+00:00,1.15741,1.15861,1.15687,1.15808
2025-11-26T02:00:00+00:00,1.15794,1.15902,1.15794,1.15861
2025-11-26T03:00:00+00:00,1.15848,1.15955,1.15848,1.15942
2025-11-26T04:00:00+00:00,1.15942,1.15942,1.15861,1.15875
2025-11-26T05:00:00+00:00,1.15861,1.15942,1.15861,1.15942
2025-11-26T06:00:00+00:00,1.15929,1.15996,1.15875,1.15902
2025-11-26T07:00:00+00:00,1.15915,1.15955,1.15808,1.15821
2025-11-26T08:00:00+00:00,1.15835,1.15835,1.15701,1.15741
2025-11-26T09:00:00+00:00,1.15754,1.15835,1.15727,1.15754
2025-11-26T10:00:00+00:00,1.15768,1.15808,1.15727,1.15768
2025-11-26T11:00:00+00:00,1.15754,1.15808,1.15714,1.15781
2025-11-26T12:00:00+00:00,1.15754,1.15835,1.15727,1.15741
2025-11-26T13:00:00+00:00,1.15754,1.15875,1.15527,1.15553
2025-11-26T14:00:00+00:00,1.15527,1.15848,1.15513,1.15821
2025-11-26T15:00:00+00:00,1.15835,1.15969,1.15835,1.15929
2025-11-26T16:00:00+00:00,1.15955,1.16036,1.15942,1.15942
2025-11-26T17:00:00+00:00,1.15929,1.15969,1.15888,1.15969
2025-11-26T18:00:00+00:00,1.15955,1.15996,1.15929,1.15969
2025-11-26T19:00:00+00:00,1.15969,1.15996,1.15942,1.15982
2025-11-26T20:00:00+00:00,1.15955,1.16009,1.15955,1.15969
2025-11-26T21:00:00+00:00,1.15969,1.16009,1.15969,1.15982
2025-11-26T22:00:00+00:00,1.15982,1.16023,1.15955,1.15996
2025-11-26T23:00:00+00:00,1.16009,1.16050,1.15996,1.16050
2025-11-27T00:00:00+00:00,1.16050,1.16077,1.16036,1.16063
2025-11-27T01:00:00+00:00,1.16063,1.16158,1.16050,1.16117
2025-11-27T02:00:00+00:00,1.16131,1.16171,1.16063,1.16063
2025-11-27T03:00:00+00:00,1.16077,1.16090,1.16036,1.16063
2025-11-27T04:00:00+00:00,1.16063,1.16090,1.16036,1.16036
2025-11-27T05:00:00+00:00,1.16050,1.16090,1.16050,1.16063
2025-11-27T06:00:00+00:00,1.16063,1.16090,1.15942,1.15942
2025-11-27T07:00:00+00:00,1.15955,1.15969,1.15888,1.15942
2025-11-27T08:00:00+00:00,1.15955,1.15996,1.15902,1.15969
2025-11-27T09:00:00+00:00,1.15955,1.15955,1.15808,1.15808
2025-11-27T10:00:00+00:00,1.15808,1.15888,1.15808,1.15875
2025-11-27T11:00:00+00:00,1.15888,1.15915,1.15821,1.15902
2025-11-27T12:00:00+00:00,1.15902,1.15942,1.15861,1.15861
2025-11-27T13:00:00+00:00,1.15875,1.15996,1.15875,1.15982
2025-11-27T14:00:00+00:00,1.15969,1.16009,1.15942,1.15982
2025-11-27T15:00:00+00:00,1.15982,1.16036,1.15955,1.15969
2025-11-27T16:00:00+00:00,1.15982,1.16036,1.15969,1.16023
2025-11-27T17:00:00+00:00,1.16036,1.16050,1.15955,1.15982
2025-11-27T18:00:00+00:00,1.15982,1.15996,1.15942,1.15942
2025-11-27T19:00:00+00:00,1.15955,1.15996,1.15955,1.15982
2025-11-27T20:00:00+00:00,1.15982,1.15996,1.15982,1.15982
2025-11-27T21:00:00+00:00,1.15996,1.16009,1.15982,1.15982
2025-11-27T22:00:00+00:00,1.15996,1.16023,1.15955,1.15996
2025-11-27T23:00:00+00:00,1.16023,1.16050,1.16009,1.16023
2025-11-28T00:00:00+00:00,1.16036,1.16050,1.15955,1.15982
2025-11-28T01:00:00+00:00,1.15982,1.16023,1.15848,1.15848
2025-11-28T02:00:00+00:00,1.15875,1.15915,1.15848,1.15875
2025-11-28T03:00:00+00:00,1.15875,1.15929,1.15875,1.15902
2025-11-28T04:00:00+00:00,1.15915,1.15942,1.15902,1.15915
2025-11-28T05:00:00+00:00,1.15929,1.15942,1.15875,1.15902
2025-11-28T06:00:00+00:00,1.15915,1.15929,1.15848,1.15875
2025-11-28T07:00:00+00:00,1.15875,1.15929,1.15821,1.15821
2025-11-28T08:00:00+00:00,1.15794,1.15835,1.15701,1.15741
2025-11-28T09:00:00+00:00,1.15727,1.15835,1.15714,1.15714
2025-11-28T10:00:00+00:00,1.15701,1.15714,1.15594,1.15620
2025-11-28T11:00:00+00:00,1.15620,1.15714,1.15607,1.15701
2025-11-28T12:00:00+00:00,1.15687,1.15754,1.15674,1.15687
2025-11-28T13:00:00+00:00,1.15701,1.15808,1.15674,1.15781
2025-11-28T14:00:00+00:00,1.15821,1.15888,1.15741,1.15875
2025-11-28T15:00:00+00:00,1.15875,1.16104,1.15835,1.16104
2025-11-28T16:00:00+00:00,1.16063,1.16077,1.15969,1.16036
2025-11-28T17:00:00+00:00,1.16023,1.16063,1.15982,1.16063
2025-11-28T18:00:00+00:00,1.16063,1.16077,1.15996,1.16036
2025-11-28T19:00:00+00:00,1.16036,1.16077,1.16036,1.16063
2025-11-28T20:00:00+00:00,1.16063,1.16077,1.16050,1.16050
2025-11-28T21:00:00+00:00,1.16063,1.16063,1.16009,1.16036
2025-11-28T22:00:00+00:00,1.16023,1.16023,1.16023,1.16023
2025-12-01T00:00:00+00:00,1.16050,1.16104,1.16023,1.16063
2025-12-01T01:00:00+00:00,1.16063,1.16184,1.16050,1.16090
2025-12-01T02:00:00+00:00,1.16077,1.16090,1.15969,1.15996
2025-12-01T03:00:00+00:00,1.15982,1.16009,1.15929,1.15996
2025-12-01T04:00:00+00:00,1.16009,1.16063,1.15982,1.16023
2025-12-01T05:00:00+00:00,1.16023,1.16050,1.15982,1.16009
2025-12-01T06:00:00+00:00,1.16009,1.16009,1.15942,1.15996
2025-12-01T07:00:00+00:00,1.16023,1.16158,1.15996,1.16131
2025-12-01T08:00:00+00:00,1.16090,1.16252,1.16090,1.16171
2025-12-01T09:00:00+00:00,1.16184,1.16266,1.16184,1.16266
2025-12-01T10:00:00+00:00,1.16252,1.16320,1.16225,1.16293
2025-12-01T11:00:00+00:00,1.16306,1.16347,1.16279,1.16306
2025-12-01T12:00:00+00:00,1.16306,1.16523,1.16306,1.16523
2025-12-01T13:00:00+00:00,1.16523,1.16550,1.16428,1.16496
2025-12-01T14:00:00+00:00,1.16482,1.16482,1.16347,1.16360
2025-12-01T15:00:00+00:00,1.16401,1.16428,1.16266,1.16333
2025-12-01T16:00:00+00:00,1.16333,1.16374,1.16252,1.16266
2025-12-01T17:00:00+00:00,1.16266,1.16320,1.16239,1.16239
2025-12-01T18:00:00+00:00,1.16239,1.16266,1.16158,1.16158
2025-12-01T19:00:00+00:00,1.16144,1.16158,1.16104,1.16117
2025-12-01T20:00:00+00:00,1.16131,1.16131,1.16104,1.16117
2025-12-01T21:00:00+00:00,1.16144,1.16144,1.16117,1.16131
2025-12-01T22:00:00+00:00,1.16117,1.16131,1.16063,1.16117
2025-12-01T23:00:00+00:00,1.16131,1.16131,1.16104,1.16104
2025-12-02T00:00:00+00:00,1.16104,1.16131,1.16077,1.16090
2025-12-02T01:00:00+00:00,1.16090,1.16131,1.16077,1.16131
2025-12-02T02:00:00+00:00,1.16131,1.16158,1.16131,1.16144
2025-12-02T03:00:00+00:00,1.16144,1.16158,1.16131,1.16158
2025-12-02T04:00:00+00:00,1.16158,1.16171,1.16131,1.16131
2025-12-02T05:00:00+00:00,1.16131,1.16144,1.16104,1.16131
2025-12-02T06:00:00+00:00,1.16131,1.16144,1.16090,1.16131
2025-12-02T07:00:00+00:00,1.16117,1.16198,1.16117,1.16158
2025-12-02T08:00:00+00:00,1.16171,1.16198,1.16131,1.16131
2025-12-02T09:00:00+00:00,1.16144,1.16171,1.16077,1.16144
2025-12-02T10:00:00+00:00,1.16131,1.16131,1.16036,1.16104
2025-12-02T11:00:00+00:00,1.16104,1.16158,1.16077,1.16144
2025-12-02T12:00:00+00:00,1.16144,1.16225,1.16117,1.16212
2025-12-02T13:00:00+00:00,1.16212,1.16225,1.16144,1.16198
2025-12-02T14:00:00+00:00,1.16212,1.16266,1.16171,1.16212
2025-12-02T15:00:00+00:00,1.16212,1.16212,1.15982,1.16090
2025-12-02T16:00:00+00:00,1.16104,1.16117,1.15969,1.15969
2025-12-02T17:00:00+00:00,1.15996,1.16117,1.15969,1.16104
2025-12-02T18:00:00+00:00,1.16117,1.16171,1.16090,1.16117
2025-12-02T19:00:00+00:00,1.16131,1.16279,1.16131,1.16266
2025-12-02T20:00:00+00:00,1.16252,1.16293,1.16239,1.16279
2025-12-02T21:00:00+00:00,1.16266,1.16293,1.16252,1.16279
2025-12-02T22:00:00+00:00,1.16184,1.16306,1.16184,1.16293
2025-12-02T23:00:00+00:00,1.16279,1.16320,1.16279,1.16320
2025-12-03T00:00:00+00:00,1.16320,1.16360,1.16320,1.16347
2025-12-03T01:00:00+00:00,1.16347,1.16414,1.16347,1.16401
2025-12-03T02:00:00+00:00,1.16401,1.16428,1.16387,1.16414
2025-12-03T03:00:00+00:00,1.16414,1.16428,1.16401,1.16414
2025-12-03T04:00:00+00:00,1.16414,1.16455,1.16401,1.16442
2025-12-03T05:00:00+00:00,1.16442,1.16482,1.16442,1.16455
2025-12-03T06:00:00+00:00,1.16455,1.16509,1.16455,1.16469
2025-12-03T07:00:00+00:00,1.16482,1.16564,1.16428,1.16442
2025-12-03T08:00:00+00:00,1.16442,1.16482,1.16387,1.16482
2025-12-03T09:00:00+00:00,1.16482,1.16523,1.16442,1.16509
2025-12-03T10:00:00+00:00,1.16496,1.16673,1.16496,1.16645
2025-12-03T11:00:00+00:00,1.16645,1.16686,1.16591,1.16686
2025-12-03T12:00:00+00:00,1.16686,1.16727,1.16659,1.16659
2025-12-03T13:00:00+00:00,1.16659,1.16781,1.16659,1.16700
2025-12-03T14:00:00+00:00,1.16700,1.16700,1.16604,1.16604
2025-12-03T15:00:00+00:00,1.16618,1.16713,1.16591,1.16645
2025-12-03T16:00:00+00:00,1.16632,1.16686,1.16618,1.16632
2025-12-03T17:00:00+00:00,1.16632,1.16741,1.16604,1.16727
2025-12-03T18:00:00+00:00,1.16727,1.16781,1.16727,1.16754
2025-12-03T19:00:00+00:00,1.16754,1.16809,1.16754,1.16768
2025-12-03T20:00:00+00:00,1.16754,1.16768,1.16686,1.16686
2025-12-03T21:00:00+00:00,1.16700,1.16741,1.16673,1.16741
2025-12-03T22:00:00+00:00,1.16727,1.16768,1.16700,1.16754
2025-12-03T23:00:00+00:00,1.16754,1.16754,1.16673,1.16700
2025-12-04T00:00:00+00:00,1.16686,1.16686,1.16632,1.16645
2025-12-04T01:00:00+00:00,1.16659,1.16686,1.16632,1.16673
2025-12-04T02:00:00+00:00,1.16659,1.16673,1.16632,1.16632
2025-12-04T03:00:00+00:00,1.16632,1.16632,1.16577,1.16591
2025-12-04T04:00:00+00:00,1.16591,1.16632,1.16591,1.16604
2025-12-04T05:00:00+00:00,1.16604,1.16659,1.16604,1.16618
2025-12-04T06:00:00+00:00,1.16632,1.16632,1.16564,1.16618
2025-12-04T07:00:00+00:00,1.16632,1.16686,1.16591,1.16686
2025-12-04T08:00:00+00:00,1.16686,1.16850,1.16686,1.16822
2025-12-04T09:00:00+00:00,1.16809,1.16877,1.16768,1.16822
2025-12-04T10:00:00+00:00,1.16822,1.16822,1.16673,1.16700
2025-12-04T11:00:00+00:00,1.16700,1.16836,1.16700,1.16836
2025-12-04T12:00:00+00:00,1.16836,1.16850,1.16686,1.16727
2025-12-04T13:00:00+00:00,1.16727,1.16741,1.16618,1.16673
2025-12-04T14:00:00+00:00,1.16686,1.16795,1.16686,1.16741
2025-12-04T15:00:00+00:00,1.16727,1.16781,1.16618,1.16768
2025-12-04T16:00:00+00:00,1.16741,1.16741,1.16577,1.16632
2025-12-04T17:00:00+00:00,1.16618,1.16632,1.16564,1.16604
2025-12-04T18:00:00+00:00,1.16591,1.16632,1.16577,1.16577
2025-12-04T19:00:00+00:00,1.16577,1.16591,1.16537,1.16564
2025-12-04T20:00:00+00:00,1.16537,1.16550,1.16442,1.16469
2025-12-04T21:00:00+00:00,1.16469,1.16496,1.16455,1.16482
2025-12-04T22:00:00+00:00,1.16482,1.16509,1.16455,1.16482
2025-12-04T23:00:00+00:00,1.16469,1.16469,1.16442,1.16455
2025-12-05T00:00:00+00:00,1.16482,1.16537,1.16482,1.16537
2025-12-05T01:00:00+00:00,1.16537,1.16577,1.16537,1.16564
2025-12-05T02:00:00+00:00,1.16577,1.16577,1.16550,1.16550
2025-12-05T03:00:00+00:00,1.16550,1.16550,1.16496,1.16523
2025-12-05T04:00:00+00:00,1.16523,1.16577,1.16523,1.16564
2025-12-05T05:00:00+00:00,1.16564,1.16632,1.16564,1.16632
2025-12-05T06:00:00+00:00,1.16618,1.16645,1.16591,1.16632
2025-12-05T07:00:00+00:00,1.16645,1.16754,1.16632,1.16659
2025-12-05T08:00:00+00:00,1.16632,1.16673,1.16564,1.16577
2025-12-05T09:00:00+00:00,1.16564,1.16577,1.16523,1.16577
2025-12-05T10:00:00+00:00,1.16591,1.16659,1.16469,1.16550
2025-12-05T11:00:00+00:00,1.16537,1.16550,1.16455,1.16496
2025-12-05T12:00:00+00:00,1.16509,1.16564,1.16482,1.16550
2025-12-05T13:00:00+00:00,1.16550,1.16564,1.16482,1.16550
2025-12-05T14:00:00+00:00,1.16564,1.16632,1.16509,1.16537
2025-12-05T15:00:00+00:00,1.16550,1.16618,1.16455,1.16509
2025-12-05T16:00:00+00:00,1.16509,1.16523,1.16320,1.16387
2025-12-05T17:00:00+00:00,1.16374,1.16469,1.16360,1.16469
2025-12-05T18:00:00+00:00,1.16469,1.16523,1.16455,1.16455
2025-12-05T19:00:00+00:00,1.16455,1.16482,1.16442,1.16469
2025-12-05T20:00:00+00:00,1.16455,1.16469,1.16442,1.16469
2025-12-05T21:00:00+00:00,1.16482,1.16496,1.16442,1.16455
2025-12-05T22:00:00+00:00,1.16455,1.16455,1.16455,1.16455
2025-12-08T00:00:00+00:00,1.16442,1.16537,1.16442,1.16537
2025-12-08T01:00:00+00:00,1.16550,1.16564,1.16496,1.16537
2025-12-08T02:00:00+00:00,1.16550,1.16577,1.16523,1.16577
2025-12-08T03:00:00+00:00,1.16577,1.16591,1.16537,1.16537
2025-12-08T04:00:00+00:00,1.16537,1.16591,1.16537,1.16577
2025-12-08T05:00:00+00:00,1.16577,1.16591,1.16564,1.16591
2025-12-08T06:00:00+00:00,1.16591,1.16741,1.16591,1.16645
2025-12-08T07:00:00+00:00,1.16659,1.16713,1.16591,1.16604
2025-12-08T08:00:00+00:00,1.16618,1.16673,1.16523,1.16591
2025-12-08T09:00:00+00:00,1.16591,1.16604,1.16482,1.16482
2025-12-08T10:00:00+00:00,1.16509,1.16645,1.16509,1.16550
2025-12-08T11:00:00+00:00,1.16537,1.16645,1.16509,1.16550
2025-12-08T12:00:00+00:00,1.16537,1.16604,1.16509,1.16564
2025-12-08T13:00:00+00:00,1.16577,1.16645,1.16496,1.16509
2025-12-08T14:00:00+00:00,1.16523,1.16577,1.16414,1.16469
2025-12-08T15:00:00+00:00,1.16428,1.16428,1.16212,1.16279
2025-12-08T16:00:00+00:00,1.16279,1.16320,1.16198,1.16279
2025-12-08T17:00:00+00:00,1.16279,1.16414,1.16239,1.16414
2025-12-08T18:00:00+00:00,1.16428,1.16482,1.16387,1.16401
2025-12-08T19:00:00+00:00,1.16401,1.16455,1.16401,1.16428
2025-12-08T20:00:00+00:00,1.16428,1.16455,1.16414,1.16414
2025-12-08T21:00:00+00:00,1.16414,1.16455,1.16306,1.16401
2025-12-08T22:00:00+00:00,1.16401,1.16455,1.16320,1.16401
2025-12-08T23:00:00+00:00,1.16401,1.16442,1.16401,1.16442
2025-12-09T00:00:00+00:00,1.16442,1.16523,1.16401,1.16414
2025-12-09T01:00:00+00:00,1.16414,1.16509,1.16401,1.16496
2025-12-09T02:00:00+00:00,1.16496,1.16550,1.16469,1.16496
2025-12-09T03:00:00+00:00,1.16496,1.16509,1.16455,1.16496
2025-12-09T04:00:00+00:00,1.16496,1.16523,1.16469,1.16496
2025-12-09T05:00:00+00:00,1.16509,1.16537,1.16482,1.16537
2025-12-09T06:00:00+00:00,1.16523,1.16523,1.16469,1.16469
2025-12-09T07:00:00+00:00,1.16469,1.16496,1.16414,1.16442
2025-12-09T08:00:00+00:00,1.16442,1.16523,1.16374,1.16496
2025-12-09T09:00:00+00:00,1.16482,1.16591,1.16482,1.16564
2025-12-09T10:00:00+00:00,1.16564,1.16577,1.16442,1.16482
2025-12-09T11:00:00+00:00,1.16482,1.16509,1.16414,1.16469
2025-12-09T12:00:00+00:00,1.16469,1.16469,1.16387,1.16428
2025-12-09T13:00:00+00:00,1.16414,1.16428,1.16333,1.16387
2025-12-09T14:00:00+00:00,1.16374,1.16414,1.16320,1.16414
2025-12-09T15:00:00+00:00,1.16279,1.16387,1.16198,1.16320
2025-12-09T16:00:00+00:00,1.16320,1.16428,1.16320,1.16414
2025-12-09T17:00:00+00:00,1.16414,1.16414,1.16252,1.16266
2025-12-09T18:00:00+00:00,1.16279,1.16279,1.16212,1.16279
2025-12-09T19:00:00+00:00,1.16279,1.16333,1.16252,1.16306
2025-12-09T20:00:00+00:00,1.16320,1.16347,1.16306,1.16306
2025-12-09T21:00:00+00:00,1.16306,1.16333,1.16279,1.16306
2025-12-09T22:00:00+00:00,1.16347,1.16347,1.16279,1.16293
2025-12-09T23:00:00+00:00,1.16293,1.16320,1.16293,1.16320
2025-12-10T00:00:00+00:00,1.16320,1.16320,1.16279,1.16293
2025-12-10T01:00:00+00:00,1.16306,1.16320,1.16266,1.16279
2025-12-10T02:00:00+00:00,1.16266,1.16320,1.16266,1.16266
2025-12-10T03:00:00+00:00,1.16266,1.16306,1.16252,1.16293
2025-12-10T04:00:00+00:00,1.16306,1.16320,1.16293,1.16306
2025-12-10T05:00:00+00:00,1.16306,1.16347,1.16306,1.16333
2025-12-10T06:00:00+00:00,1.16333,1.16387,1.16320,1.16387
2025-12-10T07:00:00+00:00,1.16387,1.16523,1.16387,1.16523
2025-12-10T08:00:00+00:00,1.16509,1.16604,1.16482,1.16564
2025-12-10T09:00:00+00:00,1.16564,1.16564,1.16387,1.16401
2025-12-10T10:00:00+00:00,1.16387,1.16428,1.16306,1.16374
2025-12-10T11:00:00+00:00,1.16387,1.16414,1.16347,1.16374
2025-12-10T12:00:00+00:00,1.16387,1.16455,1.16360,1.16428
2025-12-10T13:00:00+00:00,1.16442,1.16442,1.16320,1.16442
2025-12-10T14:00:00+00:00,1.16442,1.16482,1.16374,1.16482
2025-12-10T15:00:00+00:00,1.16469,1.16537,1.16387,1.16455
2025-12-10T16:00:00+00:00,1.16455,1.16523,1.16414,1.16523
2025-12-10T17:00:00+00:00,1.16537,1.16632,1.16496,1.16618
2025-12-10T18:00:00+00:00,1.16618,1.16632,1.16577,1.16591
2025-12-10T19:00:00+00:00,1.16550,1.16836,1.16523,1.16836
2025-12-10T20:00:00+00:00,1.16809,1.17027,1.16781,1.16973
2025-12-10T21:00:00+00:00,1.16973,1.16986,1.16932,1.16986
2025-12-10T22:00:00+00:00,1.16986,1.17041,1.16904,1.16973
2025-12-10T23:00:00+00:00,1.16973,1.17069,1.16973,1.17041
2025-12-11T00:00:00+00:00,1.17055,1.17082,1.17014,1.17055
2025-12-11T01:00:00+00:00,1.17055,1.17096,1.17041,1.17041
2025-12-11T02:00:00+00:00,1.17055,1.17096,1.16973,1.16973
2025-12-11T03:00:00+00:00,1.16986,1.17000,1.16945,1.16959
2025-12-11T04:00:00+00:00,1.16945,1.16945,1.16891,1.16945
2025-12-11T05:00:00+00:00,1.16945,1.16959,1.16891,1.16891
2025-12-11T06:00:00+00:00,1.16877,1.16932,1.16863,1.16932
2025-12-11T07:00:00+00:00,1.16932,1.17027,1.16918,1.16973
2025-12-11T08:00:00+00:00,1.16973,1.17096,1.16973,1.17014
2025-12-11T09:00:00+00:00,1.17014,1.17055,1.16904,1.17041
2025-12-11T10:00:00+00:00,1.17055,1.17110,1.17041,1.17110
2025-12-11T11:00:00+00:00,1.17096,1.17206,1.17096,1.17165
2025-12-11T12:00:00+00:00,1.17165,1.17220,1.17137,1.17206
2025-12-11T13:00:00+00:00,1.17206,1.17398,1.17178,1.17343
2025-12-11T14:00:00+00:00,1.17357,1.17509,1.17343,1.17440
2025-12-11T15:00:00+00:00,1.17398,1.17606,1.17371,1.17606
2025-12-11T16:00:00+00:00,1.17606,1.17633,1.17495,1.17578
2025-12-11T17:00:00+00:00,1.17592,1.17647,1.17536,1.17578
2025-12-11T18:00:00+00:00,1.17578,1.17619,1.17550,1.17564
2025-12-11T19:00:00+00:00,1.17564,1.17578,1.17440,1.17440
2025-12-11T20:00:00+00:00,1.17426,1.17495,1.17412,1.17440
2025-12-11T21:00:00+00:00,1.17440,1.17467,1.17412,1.17412
2025-12-11T22:00:00+00:00,1.17426,1.17440,1.17385,1.17426
2025-12-11T23:00:00+00:00,1.17426,1.17454,1.17412,1.17426
2025-12-12T00:00:00+00:00,1.17454,1.17481,1.17440,1.17440
2025-12-12T01:00:00+00:00,1.17440,1.17495,1.17357,1.17385
2025-12-12T02:00:00+00:00,1.17385,1.17412,1.17357,1.17398
2025-12-12T03:00:00+00:00,1.17398,1.17412,1.17371,1.17385
2025-12-12T04:00:00+00:00,1.17385,1.17385,1.17357,1.17357
2025-12-12T05:00:00+00:00,1.17357,1.17426,1.17357,1.17426
2025-12-12T06:00:00+00:00,1.17426,1.17454,1.17371,1.17412
2025-12-12T07:00:00+00:00,1.17412,1.17467,1.17398,1.17412
2025-12-12T08:00:00+00:00,1.17412,1.17454,1.17343,1.17343
2025-12-12T09:00:00+00:00,1.17302,1.17385,1.17302,1.17357
2025-12-12T10:00:00+00:00,1.17357,1.17357,1.17288,1.17302
2025-12-12T11:00:00+00:00,1.17302,1.17316,1.17261,1.17302
2025-12-12T12:00:00+00:00,1.17288,1.17302,1.17233,1.17275
2025-12-12T13:00:00+00:00,1.17288,1.17385,1.17288,1.17302
2025-12-12T14:00:00+00:00,1.17302,1.17467,1.17275,1.17454
2025-12-12T15:00:00+00:00,1.17454,1.17481,1.17343,1.17398
2025-12-12T16:00:00+00:00,1.17426,1.17467,1.17302,1.17343
2025-12-12T17:00:00+00:00,1.17343,1.17523,1.17343,1.17523
2025-12-12T18:00:00+00:00,1.17509,1.17536,1.17454,1.17454
2025-12-12T19:00:00+00:00,1.17440,1.17440,1.17398,1.17440
2025-12-12T20:00:00+00:00,1.17454,1.17495,1.17426,1.17426
2025-12-12T21:00:00+00:00,1.17426,1.17481,1.17426,1.17454
2025-12-12T22:00:00+00:00,1.17440,1.17440,1.17440,1.17440
2025-12-15T00:00:00+00:00,1.17412,1.17412,1.17316,1.17371
2025-12-15T01:00:00+00:00,1.17371,1.17454,1.17330,1.17440
2025-12-15T02:00:00+00:00,1.17454,1.17481,1.17412,1.17454
2025-12-15T03:00:00+00:00,1.17454,1.17481,1.17357,1.17371
2025-12-15T04:00:00+00:00,1.17371,1.17385,1.17357,1.17357
2025-12-15T05:00:00+00:00,1.17357,1.17385,1.17357,1.17385
2025-12-15T06:00:00+00:00,1.17385,1.17398,1.17343,1.17398
2025-12-15T07:00:00+00:00,1.17398,1.17412,1.17316,1.17316
2025-12-15T08:00:00+00:00,1.17330,1.17412,1.17302,1.17357
2025-12-15T09:00:00+00:00,1.17343,1.17467,1.17343,1.17467
2025-12-15T10:00:00+00:00,1.17467,1.17495,1.17426,1.17467
2025-12-15T11:00:00+00:00,1.17454,1.17536,1.17454,1.17523
2025-12-15T12:00:00+00:00,1.17523,1.17619,1.17523,1.17564
2025-12-15T13:00:00+00:00,1.17578,1.17633,1.17509,1.17523
2025-12-15T14:00:00+00:00,1.17495,1.17661,1.17481,1.17661
2025-12-15T15:00:00+00:00,1.17675,1.17716,1.17592,1.17661
2025-12-15T16:00:00+00:00,1.17661,1.17675,1.17564,1.17592
2025-12-15T17:00:00+00:00,1.17592,1.17592,1.17481,1.17495
2025-12-15T18:00:00+00:00,1.17495,1.17523,1.17426,1.17467
2025-12-15T19:00:00+00:00,1.17467,1.17536,1.17426,1.17536
2025-12-15T20:00:00+00:00,1.17523,1.17550,1.17509,1.17550
2025-12-15T21:00:00+00:00,1.17550,1.17564,1.17523,1.17564
2025-12-15T22:00:00+00:00,1.17536,1.17578,1.17509,1.17550
2025-12-15T23:00:00+00:00,1.17564,1.17592,1.17564,1.17578
2025-12-16T00:00:00+00:00,1.17564,1.17619,1.17523,1.17523
2025-12-16T01:00:00+00:00,1.17536,1.17578,1.17509,1.17536
2025-12-16T02:00:00+00:00,1.17550,1.17606,1.17536,1.17592
2025-12-16T03:00:00+00:00,1.17592,1.17633,1.17536,1.17550
2025-12-16T04:00:00+00:00,1.17550,1.17578,1.17536,1.17550
2025-12-16T05:00:00+00:00,1.17550,1.17578,1.17536,1.17536
2025-12-16T06:00:00+00:00,1.17536,1.17564,1.17509,1.17564
2025-12-16T07:00:00+00:00,1.17578,1.17578,1.17495,1.17536
2025-12-16T08:00:00+00:00,1.17564,1.17675,1.17509,1.17578
2025-12-16T09:00:00+00:00,1.17578,1.17647,1.17536,1.17606
2025-12-16T10:00:00+00:00,1.17619,1.17647,1.17578,1.17606
2025-12-16T11:00:00+00:00,1.17606,1.17661,1.17564,1.17661
2025-12-16T12:00:00+00:00,1.17675,1.17799,1.17647,1.17799
2025-12-16T13:00:00+00:00,1.17813,1.17938,1.17619,1.17772
2025-12-16T14:00:00+00:00,1.17786,1.18036,1.17744,1.18036
2025-12-16T15:00:00+00:00,1.18022,1.18064,1.17730,1.17730
2025-12-16T16:00:00+00:00,1.17730,1.17799,1.17661,1.17716
2025-12-16T17:00:00+00:00,1.17716,1.17813,1.17661,1.17675
2025-12-16T18:00:00+00:00,1.17675,1.17675,1.17495,1.17564
2025-12-16T19:00:00+00:00,1.17550,1.17661,1.17440,1.17619
2025-12-16T20:00:00+00:00,1.17619,1.17661,1.17509,1.17523
2025-12-16T21:00:00+00:00,1.17523,1.17536,1.17495,1.17509
2025-12-16T22:00:00+00:00,1.17509,1.17523,1.17481,1.17509
2025-12-16T23:00:00+00:00,1.17523,1.17564,1.17523,1.17523
2025-12-17T00:00:00+00:00,1.17523,1.17550,1.17495,1.17536
2025-12-17T01:00:00+00:00,1.17536,1.17550,1.17495,1.17509
2025-12-17T02:00:00+00:00,1.17495,1.17509,1.17412,1.17440
2025-12-17T03:00:00+00:00,1.17440,1.17440,1.17412,1.17426
2025-12-17T04:00:00+00:00,1.17426,1.17426,1.17316,1.17343
2025-12-17T05:00:00+00:00,1.17330,1.17343,1.17288,1.17316
2025-12-17T06:00:00+00:00,1.17330,1.17343,1.17110,1.17110
2025-12-17T07:00:00+00:00,1.17110,1.17165,1.17082,1.17165
2025-12-17T08:00:00+00:00,1.17178,1.17233,1.17096,1.17220
2025-12-17T09:00:00+00:00,1.17220,1.17233,1.17151,1.17206
2025-12-17T10:00:00+00:00,1.17192,1.17288,1.17165,1.17288
2025-12-17T11:00:00+00:00,1.17288,1.17302,1.17110,1.17137
2025-12-17T12:00:00+00:00,1.17123,1.17288,1.17123,1.17275
2025-12-17T13:00:00+00:00,1.17302,1.17357,1.17247,1.17357
2025-12-17T14:00:00+00:00,1.17357,1.17481,1.17316,1.17454
2025-12-17T15:00:00+00:00,1.17440,1.17606,1.17440,1.17578
2025-12-17T16:00:00+00:00,1.17564,1.17592,1.17495,1.17509
2025-12-17T17:00:00+00:00,1.17509,1.17578,1.17509,1.17509
2025-12-17T18:00:00+00:00,1.17523,1.17578,1.17454,1.17467
2025-12-17T19:00:00+00:00,1.17481,1.17509,1.17454,1.17481
2025-12-17T20:00:00+00:00,1.17481,1.17495,1.17426,1.17426
2025-12-17T21:00:00+00:00,1.17426,1.17454,1.17426,1.17440
2025-12-17T22:00:00+00:00,1.17426,1.17481,1.17426,1.17440
2025-12-17T23:00:00+00:00,1.17440,1.17467,1.17440,1.17454
2025-12-18T00:00:00+00:00,1.17454,1.17495,1.17440,1.17481
2025-12-18T01:00:00+00:00,1.17481,1.17481,1.17398,1.17398
2025-12-18T02:00:00+00:00,1.17440,1.17467,1.17398,1.17440
2025-12-18T03:00:00+00:00,1.17440,1.17454,1.17412,1.17426
2025-12-18T04:00:00+00:00,1.17426,1.17454,1.17412,1.17454
2025-12-18T05:00:00+00:00,1.17467,1.17509,1.17454,1.17509
2025-12-18T06:00:00+00:00,1.17495,1.17509,1.17426,1.17481
2025-12-18T07:00:00+00:00,1.17481,1.17523,1.17385,1.17385
2025-12-18T08:00:00+00:00,1.17371,1.17398,1.17316,1.17343
2025-12-18T09:00:00+00:00,1.17357,1.17357,1.17206,1.17247
2025-12-18T10:00:00+00:00,1.17247,1.17302,1.17220,1.17288
2025-12-18T11:00:00+00:00,1.17275,1.17302,1.17247,1.17247
2025-12-18T12:00:00+00:00,1.17261,1.17261,1.17165,1.17165
2025-12-18T13:00:00+00:00,1.17165,1.17633,1.17165,1.17509
2025-12-18T14:00:00+00:00,1.17509,1.17578,1.17385,1.17385
2025-12-18T15:00:00+00:00,1.17385,1.17440,1.17206,1.17302
2025-12-18T16:00:00+00:00,1.17302,1.17495,1.17288,1.17316
2025-12-18T17:00:00+00:00,1.17316,1.17316,1.17192,1.17233
2025-12-18T18:00:00+00:00,1.17233,1.17275,1.17192,1.17247
2025-12-18T19:00:00+00:00,1.17233,1.17302,1.17220,1.17288
2025-12-18T20:00:00+00:00,1.17288,1.17316,1.17247,1.17247
2025-12-18T21:00:00+00:00,1.17247,1.17288,1.17247,1.17275
2025-12-18T22:00:00+00:00,1.17275,1.17288,1.17206,1.17288
2025-12-18T23:00:00+00:00,1.17302,1.17316,1.17275,1.17288
2025-12-19T00:00:00+00:00,1.17288,1.17302,1.17261,1.17302
2025-12-19T01:00:00+00:00,1.17302,1.17316,1.17247,1.17275
2025-12-19T02:00:00+00:00,1.17288,1.17316,1.17247,1.17261
2025-12-19T03:00:00+00:00,1.17261,1.17288,1.17220,1.17247
2025-12-19T04:00:00+00:00,1.17247,1.17261,1.17192,1.17206
2025-12-19T05:00:00+00:00,1.17206,1.17247,1.17206,1.17233
2025-12-19T06:00:00+00:00,1.17233,1.17247,1.17165,1.17233
2025-12-19T07:00:00+00:00,1.17233,1.17233,1.17082,1.17096
2025-12-19T08:00:00+00:00,1.17123,1.17192,1.17110,1.17178
2025-12-19T09:00:00+00:00,1.17165,1.17206,1.17123,1.17151
2025-12-19T10:00:00+00:00,1.17165,1.17206,1.17137,1.17192
2025-12-19T11:00:00+00:00,1.17192,1.17206,1.17123,1.17165
2025-12-19T12:00:00+00:00,1.17137,1.17192,1.17123,1.17137
2025-12-19T13:00:00+00:00,1.17123,1.17220,1.17069,1.17220
2025-12-19T14:00:00+00:00,1.17233,1.17412,1.17233,1.17302
2025-12-19T15:00:00+00:00,1.17302,1.17316,1.17137,1.17137
2025-12-19T16:00:00+00:00,1.17137,1.17233,1.17123,1.17233
2025-12-19T17:00:00+00:00,1.17247,1.17247,1.17178,1.17220
2025-12-19T18:00:00+00:00,1.17220,1.17302,1.17220,1.17233
2025-12-19T19:00:00+00:00,1.17233,1.17275,1.17206,1.17275
2025-12-19T20:00:00+00:00,1.17275,1.17288,1.17123,1.17137
2025-12-19T21:00:00+00:00,1.17137,1.17165,1.17110,1.17123
2025-12-19T22:00:00+00:00,1.17137,1.17151,1.17137,1.17151
2025-12-22T00:00:00+00:00,1.17137,1.17192,1.17137,1.17192
2025-12-22T01:00:00+00:00,1.17206,1.17233,1.17165,1.17206
2025-12-22T02:00:00+00:00,1.17220,1.17233,1.17192,1.17206
2025-12-22T03:00:00+00:00,1.17192,1.17220,1.17178,1.17220
2025-12-22T04:00:00+00:00,1.17206,1.17247,1.17206,1.17233
2025-12-22T05:00:00+00:00,1.17233,1.17247,1.17192,1.17206
2025-12-22T06:00:00+00:00,1.17206,1.17220,1.17165,1.17192
2025-12-22T07:00:00+00:00,1.17220,1.17343,1.17192,1.17330
2025-12-22T08:00:00+00:00,1.17330,1.17412,1.17275,1.17398
2025-12-22T09:00:00+00:00,1.17398,1.17398,1.17316,1.17330
2025-12-22T10:00:00+00:00,1.17343,1.17412,1.17343,1.17357
2025-12-22T11:00:00+00:00,1.17371,1.17398,1.17330,1.17357
2025-12-22T12:00:00+00:00,1.17371,1.17467,1.17371,1.17454
2025-12-22T13:00:00+00:00,1.17467,1.17564,1.17467,1.17536
2025-12-22T14:00:00+00:00,1.17536,1.17675,1.17481,1.17647
2025-12-22T15:00:00+00:00,1.17633,1.17730,1.17633,1.17675
2025-12-22T16:00:00+00:00,1.17661,1.17675,1.17523,1.17536
2025-12-22T17:00:00+00:00,1.17550,1.17675,1.17536,1.17619
2025-12-22T18:00:00+00:00,1.17606,1.17619,1.17536,1.17564
2025-12-22T19:00:00+00:00,1.17564,1.17592,1.17523,1.17592
2025-12-22T20:00:00+00:00,1.17578,1.17619,1.17564,1.17578
2025-12-22T21:00:00+00:00,1.17578,1.17661,1.17578,1.17647
2025-12-22T22:00:00+00:00,1.17619,1.17661,1.17592,1.17633
2025-12-22T23:00:00+00:00,1.17633,1.17689,1.17633,1.17689
2025-12-23T00:00:00+00:00,1.17675,1.17730,1.17675,1.17716
2025-12-23T01:00:00+00:00,1.17716,1.17786,1.17689,1.17758
2025-12-23T02:00:00+00:00,1.17772,1.17827,1.17758,1.17813
2025-12-23T03:00:00+00:00,1.17813,1.17827,1.17772,1.17786
2025-12-23T04:00:00+00:00,1.17813,1.17827,1.17772,1.17786
2025-12-23T05:00:00+00:00,1.17786,1.17827,1.17786,1.17786
2025-12-23T06:00:00+00:00,1.17799,1.17799,1.17730,1.17744
2025-12-23T07:00:00+00:00,1.17744,1.17841,1.17730,1.17841
2025-12-23T08:00:00+00:00,1.17827,1.17869,1.17799,1.17855
2025-12-23T09:00:00+00:00,1.17883,1.17952,1.17855,1.17952
2025-12-23T10:00:00+00:00,1.17966,1.18036,1.17966,1.18022
2025-12-23T11:00:00+00:00,1.18022,1.18022,1.17966,1.17994
2025-12-23T12:00:00+00:00,1.17994,1.18050,1.17925,1.17925
2025-12-23T13:00:00+00:00,1.17938,1.17966,1.17786,1.17786
2025-12-23T14:00:00+00:00,1.17786,1.17827,1.17716,1.17716
2025-12-23T15:00:00+00:00,1.17716,1.17813,1.17689,1.17786
2025-12-23T16:00:00+00:00,1.17786,1.17841,1.17772,1.17799
2025-12-23T17:00:00+00:00,1.17786,1.17813,1.17730,1.17730
2025-12-23T18:00:00+00:00,1.17730,1.17855,1.17730,1.17855
2025-12-23T19:00:00+00:00,1.17869,1.17938,1.17869,1.17938
2025-12-23T20:00:00+00:00,1.17938,1.17966,1.17911,1.17938
2025-12-23T21:00:00+00:00,1.17938,1.18008,1.17925,1.17980
2025-12-23T22:00:00+00:00,1.18050,1.18161,1.17952,1.17994
2025-12-23T23:00:00+00:00,1.17966,1.18008,1.17966,1.17980
2025-12-24T00:00:00+00:00,1.17994,1.18022,1.17938,1.18008
2025-12-24T01:00:00+00:00,1.18022,1.18092,1.18008,1.18092
2025-12-24T02:00:00+00:00,1.18092,1.18120,1.18036,1.18036
2025-12-24T03:00:00+00:00,1.18008,1.18008,1.17911,1.17911
2025-12-24T04:00:00+00:00,1.17911,1.17966,1.17897,1.17952
2025-12-24T05:00:00+00:00,1.17952,1.18050,1.17952,1.18036
2025-12-24T06:00:00+00:00,1.18036,1.18078,1.18022,1.18036
2025-12-24T07:00:00+00:00,1.18036,1.18050,1.17897,1.17925
2025-12-24T08:00:00+00:00,1.17952,1.18022,1.17841,1.18022
2025-12-24T09:00:00+00:00,1.18022,1.18036,1.17980,1.18036
2025-12-24T10:00:00+00:00,1.18036,1.18036,1.17952,1.17994
2025-12-24T11:00:00+00:00,1.17994,1.18022,1.17938,1.17966
2025-12-24T12:00:00+00:00,1.17966,1.17966,1.17883,1.17883
2025-12-24T13:00:00+00:00,1.17883,1.17938,1.17883,1.17897
2025-12-24T14:00:00+00:00,1.17883,1.17911,1.17827,1.17841
2025-12-24T15:00:00+00:00,1.17827,1.17855,1.17786,1.17827
2025-12-24T16:00:00+00:00,1.17813,1.17841,1.17786,1.17827
2025-12-24T17:00:00+00:00,1.17827,1.17869,1.17772,1.17772
2025-12-24T18:00:00+00:00,1.17786,1.17827,1.17772,1.17827
2025-12-24T19:00:00+00:00,1.17827,1.17855,1.17827,1.17855
2025-12-24T20:00:00+00:00,1.17855,1.17855,1.17813,1.17855
2025-12-24T21:00:00+00:00,1.17827,1.17841,1.17799,1.17827
2025-12-24T22:00:00+00:00,1.17855,1.17855,1.17855,1.17855
2025-12-24T23:00:00+00:00,1.17883,1.17911,1.17813,1.17813
2025-12-25T00:00:00+00:00,1.17744,1.17952,1.17716,1.17952
2025-12-25T01:00:00+00:00,1.17883,1.17911,1.17744,1.17855
2025-12-25T02:00:00+00:00,1.17813,1.17883,1.17786,1.17855
2025-12-25T03:00:00+00:00,1.17855,1.17897,1.17786,1.17841
2025-12-25T04:00:00+00:00,1.17841,1.17855,1.17799,1.17827
2025-12-25T05:00:00+00:00,1.17841,1.17869,1.17799,1.17827
2025-12-25T06:00:00+00:00,1.17827,1.17869,1.17799,1.17813
2025-12-25T07:00:00+00:00,1.17827,1.17980,1.17799,1.17855
2025-12-25T08:00:00+00:00,1.17855,1.17869,1.17855,1.17869
2025-12-25T22:00:00+00:00,1.17799,1.17925,1.17799,1.17855
2025-12-25T23:00:00+00:00,1.17813,1.17897,1.17813,1.17883
2025-12-26T00:00:00+00:00,1.17869,1.17952,1.17813,1.17897
2025-12-26T01:00:00+00:00,1.17883,1.17952,1.17855,1.17911
2025-12-26T02:00:00+00:00,1.17911,1.17966,1.17869,1.17966
2025-12-26T03:00:00+00:00,1.17952,1.17952,1.17883,1.17883
2025-12-26T04:00:00+00:00,1.17869,1.17911,1.17841,1.17855
2025-12-26T05:00:00+00:00,1.17869,1.17911,1.17841,1.17897
2025-12-26T06:00:00+00:00,1.17897,1.17911,1.17758,1.17799
2025-12-26T07:00:00+00:00,1.17786,1.17799,1.17744,1.17758
2025-12-26T08:00:00+00:00,1.17758,1.17799,1.17702,1.17799
2025-12-26T09:00:00+00:00,1.17799,1.17813,1.17716,1.17744
2025-12-26T10:00:00+00:00,1.17730,1.17827,1.17730,1.17772
2025-12-26T11:00:00+00:00,1.17772,1.17855,1.17772,1.17799
2025-12-26T12:00:00+00:00,1.17813,1.17855,1.17772,1.17855
2025-12-26T13:00:00+00:00,1.17869,1.17994,1.17869,1.17952
2025-12-26T14:00:00+00:00,1.17966,1.17980,1.17855,1.17883
2025-12-26T15:00:00+00:00,1.17869,1.17952,1.17772,1.17799
2025-12-26T16:00:00+00:00,1.17813,1.17827,1.17661,1.17689
2025-12-26T17:00:00+00:00,1.17675,1.17744,1.17647,1.17730
2025-12-26T18:00:00+00:00,1.17744,1.17772,1.17730,1.17758
2025-12-26T19:00:00+00:00,1.17758,1.17799,1.17730,1.17799
2025-12-26T20:00:00+00:00,1.17813,1.17841,1.17772,1.17786
2025-12-26T21:00:00+00:00,1.17786,1.17799,1.17689,1.17744
2025-12-26T22:00:00+00:00,1.17772,1.17772,1.17772,1.17772
2025-12-29T00:00:00+00:00,1.17786,1.17869,1.17758,1.17841
2025-12-29T01:00:00+00:00,1.17827,1.17897,1.17827,1.17883
2025-12-29T02:00:00+00:00,1.17883,1.17883,1.17799,1.17799
2025-12-29T03:00:00+00:00,1.17786,1.17799,1.17758,1.17772
2025-12-29T04:00:00+00:00,1.17758,1.17758,1.17675,1.17675
2025-12-29T05:00:00+00:00,1.17661,1.17661,1.17578,1.17592
2025-12-29T06:00:00+00:00,1.17606,1.17730,1.17578,1.17730
2025-12-29T07:00:00+00:00,1.17744,1.17827,1.17689,1.17799
2025-12-29T08:00:00+00:00,1.17813,1.17925,1.17758,1.17883
2025-12-29T09:00:00+00:00,1.17897,1.17911,1.17758,1.17799
2025-12-29T10:00:00+00:00,1.17799,1.17841,1.17702,1.17702
2025-12-29T11:00:00+00:00,1.17689,1.17744,1.17619,1.17689
2025-12-29T12:00:00+00:00,1.17689,1.17716,1.17606,1.17647
2025-12-29T13:00:00+00:00,1.17661,1.17758,1.17647,1.17744
2025-12-29T14:00:00+00:00,1.17730,1.17925,1.17716,1.17869
2025-12-29T15:00:00+00:00,1.17883,1.17897,1.17716,1.17716
2025-12-29T16:00:00+00:00,1.17702,1.17716,1.17578,1.17619
2025-12-29T17:00:00+00:00,1.17592,1.17592,1.17536,1.17564
2025-12-29T18:00:00+00:00,1.17550,1.17619,1.17550,1.17606
2025-12-29T19:00:00+00:00,1.17606,1.17702,1.17606,1.17702
2025-12-29T20:00:00+00:00,1.17716,1.17744,1.17689,1.17744
2025-12-29T21:00:00+00:00,1.17744,1.17786,1.17744,1.17772
2025-12-29T22:00:00+00:00,1.17758,1.17772,1.17716,1.17730
2025-12-29T23:00:00+00:00,1.17772,1.17786,1.17758,1.17758
2025-12-30T00:00:00+00:00,1.17772,1.17786,1.17758,1.17758
2025-12-30T01:00:00+00:00,1.17758,1.17786,1.17730,1.17786
2025-12-30T02:00:00+00:00,1.17786,1.17799,1.17758,1.17772
2025-12-30T03:00:00+00:00,1.17772,1.17786,1.17744,1.17758
2025-12-30T04:00:00+00:00,1.17758,1.17813,1.17758,1.17799
2025-12-30T05:00:00+00:00,1.17799,1.17827,1.17758,1.17786
2025-12-30T06:00:00+00:00,1.17799,1.17827,1.17772,1.17813
2025-12-30T07:00:00+00:00,1.17799,1.17799,1.17702,1.17730
2025-12-30T08:00:00+00:00,1.17744,1.17786,1.17702,1.17716
2025-12-30T09:00:00+00:00,1.17702,1.17813,1.17675,1.17716
2025-12-30T10:00:00+00:00,1.17730,1.17799,1.17730,1.17772
2025-12-30T11:00:00+00:00,1.17772,1.17799,1.17702,1.17702
2025-12-30T12:00:00+00:00,1.17689,1.17716,1.17647,1.17647
2025-12-30T13:00:00+00:00,1.17647,1.17702,1.17592,1.17661
2025-12-30T14:00:00+00:00,1.17647,1.17675,1.17606,1.17675
2025-12-30T15:00:00+00:00,1.17675,1.17689,1.17495,1.17633
2025-12-30T16:00:00+00:00,1.17619,1.17702,1.17578,1.17689
2025-12-30T17:00:00+00:00,1.17689,1.17689,1.17592,1.17592
2025-12-30T18:00:00+00:00,1.17606,1.17633,1.17523,1.17536
2025-12-30T19:00:00+00:00,1.17536,1.17564,1.17495,1.17509
2025-12-30T20:00:00+00:00,1.17509,1.17536,1.17467,1.17467
2025-12-30T21:00:00+00:00,1.17481,1.17509,1.17481,1.17509
2025-12-30T22:00:00+00:00,1.17509,1.17523,1.17467,1.17495
2025-12-30T23:00:00+00:00,1.17495,1.17523,1.17495,1.17495
2025-12-31T00:00:00+00:00,1.17495,1.17509,1.17481,1.17509
2025-12-31T01:00:00+00:00,1.17509,1.17523,1.17467,1.17467
2025-12-31T02:00:00+00:00,1.17454,1.17454,1.17426,1.17440
2025-12-31T03:00:00+00:00,1.17440,1.17467,1.17440,1.17467
2025-12-31T04:00:00+00:00,1.17467,1.17467,1.17371,1.17371
2025-12-31T05:00:00+00:00,1.17385,1.17426,1.17385,1.17426
2025-12-31T06:00:00+00:00,1.17398,1.17426,1.17371,1.17412
2025-12-31T07:00:00+00:00,1.17398,1.17412,1.17330,1.17398
2025-12-31T08:00:00+00:00,1.17398,1.17426,1.17233,1.17261
2025-12-31T09:00:00+00:00,1.17261,1.17426,1.17233,1.17385
2025-12-31T10:00:00+00:00,1.17385,1.17467,1.17316,1.17426
2025-12-31T11:00:00+00:00,1.17426,1.17509,1.17398,1.17509
2025-12-31T12:00:00+00:00,1.17523,1.17619,1.17523,1.17592
2025-12-31T13:00:00+00:00,1.17592,1.17606,1.17454,1.17454
2025-12-31T14:00:00+00:00,1.17454,1.17454,1.17316,1.17330
2025-12-31T15:00:00+00:00,1.17302,1.17495,1.17247,1.17481
2025-12-31T16:00:00+00:00,1.17467,1.17509,1.17330,1.17385
2025-12-31T17:00:00+00:00,1.17371,1.17426,1.17357,1.17385
2025-12-31T18:00:00+00:00,1.17398,1.17426,1.17343,1.17398
2025-12-31T19:00:00+00:00,1.17412,1.17467,1.17412,1.17440
2025-12-31T20:00:00+00:00,1.17454,1.17564,1.17454,1.17550
2025-12-31T21:00:00+00:00,1.17564,1.17564,1.17495,1.17495
2025-12-31T22:00:00+00:00,1.17454,1.17495,1.17440,1.17495
2025-12-31T23:00:00+00:00,1.17495,1.17495,1.17495,1.17495
2026-01-01T00:00:00+00:00,1.17495,1.17495,1.17495,1.17495
2026-01-01T01:00:00+00:00,1.17495,1.17495,1.17495,1.17495
2026-01-01T04:00:00+00:00,1.17495,1.17495,1.17495,1.17495
2026-01-01T05:00:00+00:00,1.17495,1.17495,1.17495,1.17495
2026-01-01T10:00:00+00:00,1.17495,1.17495,1.17495,1.17495
2026-01-01T22:00:00+00:00,1.17481,1.17578,1.17426,1.17536
2026-01-01T23:00:00+00:00,1.17509,1.17536,1.17495,1.17536
2026-01-02T00:00:00+00:00,1.17536,1.17606,1.17536,1.17606
2026-01-02T01:00:00+00:00,1.17619,1.17661,1.17606,1.17647
2026-01-02T02:00:00+00:00,1.17647,1.17675,1.17619,1.17633
2026-01-02T03:00:00+00:00,1.17647,1.17689,1.17647,1.17689
2026-01-02T04:00:00+00:00,1.17675,1.17689,1.17592,1.17592
2026-01-02T05:00:00+00:00,1.17592,1.17606,1.17550,1.17550
2026-01-02T06:00:00+00:00,1.17536,1.17536,1.17454,1.17481
2026-01-02T07:00:00+00:00,1.17467,1.17495,1.17371,1.17412
2026-01-02T08:00:00+00:00,1.17371,1.17398,1.17288,1.17330
2026-01-02T09:00:00+00:00,1.17330,1.17398,1.17247,1.17247
2026-01-02T10:00:00+00:00,1.17247,1.17275,1.17165,1.17247
2026-01-02T11:00:00+00:00,1.17247,1.17261,1.17192,1.17247
2026-01-02T12:00:00+00:00,1.17247,1.17302,1.17247,1.17275
2026-01-02T13:00:00+00:00,1.17261,1.17330,1.17220,1.17261
2026-01-02T14:00:00+00:00,1.17247,1.17330,1.17192,1.17316
2026-01-02T15:00:00+00:00,1.17343,1.17550,1.17330,1.17536
2026-01-02T16:00:00+00:00,1.17550,1.17550,1.17385,1.17412
2026-01-02T17:00:00+00:00,1.17412,1.17412,1.17330,1.17343
2026-01-02T18:00:00+00:00,1.17343,1.17343,1.17192,1.17220
2026-01-02T19:00:00+00:00,1.17220,1.17275,1.17178,1.17275
2026-01-02T20:00:00+00:00,1.17275,1.17275,1.17192,1.17206
2026-01-02T21:00:00+00:00,1.17220,1.17275,1.17206,1.17233
2026-01-02T22:00:00+00:00,1.17233,1.17233,1.17233,1.17233
2026-01-05T00:00:00+00:00,1.17110,1.17137,1.17082,1.17082
2026-01-05T01:00:00+00:00,1.17069,1.17110,1.17027,1.17041
2026-01-05T02:00:00+00:00,1.17041,1.17055,1.16877,1.16918
2026-01-05T03:00:00+00:00,1.16932,1.16932,1.16754,1.16795
2026-01-05T04:00:00+00:00,1.16781,1.16863,1.16768,1.16850
2026-01-05T05:00:00+00:00,1.16836,1.16891,1.16836,1.16891
2026-01-05T06:00:00+00:00,1.16891,1.16945,1.16836,1.16945
2026-01-05T07:00:00+00:00,1.16932,1.16959,1.16877,1.16904
2026-01-05T08:00:00+00:00,1.16891,1.16973,1.16850,1.16863
2026-01-05T09:00:00+00:00,1.16877,1.16904,1.16781,1.16863
2026-01-05T10:00:00+00:00,1.16863,1.16932,1.16836,1.16932
2026-01-05T11:00:00+00:00,1.16932,1.16945,1.16836,1.16850
2026-01-05T12:00:00+00:00,1.16850,1.16877,1.16741,1.16741
2026-01-05T13:00:00+00:00,1.16741,1.16781,1.16632,1.16781
2026-01-05T14:00:00+00:00,1.16781,1.16891,1.16781,1.16891
2026-01-05T15:00:00+00:00,1.16918,1.17069,1.16918,1.17069
2026-01-05T16:00:00+00:00,1.17082,1.17220,1.17082,1.17178
2026-01-05T17:00:00+00:00,1.17178,1.17233,1.17151,1.17178
2026-01-05T18:00:00+00:00,1.17178,1.17288,1.17178,1.17288
2026-01-05T19:00:00+00:00,1.17302,1.17316,1.17261,1.17302
2026-01-05T20:00:00+00:00,1.17302,1.17316,1.17275,1.17275
2026-01-05T21:00:00+00:00,1.17275,1.17302,1.17233,1.17247
2026-01-05T22:00:00+00:00,1.17247,1.17261,1.17220,1.17220
2026-01-05T23:00:00+00:00,1.17247,1.17247,1.17165,1.17178
2026-01-06T00:00:00+00:00,1.17192,1.17206,1.17137,1.17206
2026-01-06T01:00:00+00:00,1.17220,1.17288,1.17165,1.17288
2026-01-06T02:00:00+00:00,1.17288,1.17412,1.17261,1.17412
2026-01-06T03:00:00+00:00,1.17398,1.17412,1.17357,1.17385
2026-01-06T04:00:00+00:00,1.17385,1.17385,1.17357,1.17371
2026-01-06T05:00:00+00:00,1.17371,1.17412,1.17316,1.17330
2026-01-06T06:00:00+00:00,1.17330,1.17412,1.17330,1.17398
2026-01-06T07:00:00+00:00,1.17412,1.17481,1.17288,1.17316
2026-01-06T08:00:00+00:00,1.17330,1.17412,1.17302,1.17330
2026-01-06T09:00:00+00:00,1.17316,1.17316,1.17123,1.17178
2026-01-06T10:00:00+00:00,1.17165,1.17206,1.17123,1.17165
2026-01-06T11:00:00+00:00,1.17137,1.17151,1.17082,1.17096
2026-01-06T12:00:00+00:00,1.17123,1.17151,1.17014,1.17041
2026-01-06T13:00:00+00:00,1.17014,1.17165,1.17014,1.17151
2026-01-06T14:00:00+00:00,1.17165,1.17206,1.17041,1.17137
2026-01-06T15:00:00+00:00,1.17110,1.17110,1.16877,1.16986
2026-01-06T16:00:00+00:00,1.17014,1.17014,1.16904,1.16918
2026-01-06T17:00:00+00:00,1.16932,1.17041,1.16918,1.17041
2026-01-06T18:00:00+00:00,1.17055,1.17055,1.16918,1.16918
2026-01-06T19:00:00+00:00,1.16918,1.16932,1.16877,1.16932
2026-01-06T20:00:00+00:00,1.16959,1.16973,1.16932,1.16945
2026-01-06T21:00:00+00:00,1.16891,1.16918,1.16891,1.16918
2026-01-06T22:00:00+00:00,1.16863,1.16932,1.16863,1.16932
2026-01-06T23:00:00+00:00,1.16932,1.16932,1.16904,1.16918
2026-01-07T00:00:00+00:00,1.16918,1.16973,1.16891,1.16945
2026-01-07T01:00:00+00:00,1.16945,1.17041,1.16932,1.16986
2026-01-07T02:00:00+00:00,1.17000,1.17055,1.16986,1.17000
2026-01-07T03:00:00+00:00,1.17014,1.17027,1.17014,1.17027
2026-01-07T04:00:00+00:00,1.17027,1.17055,1.16945,1.16945
2026-01-07T05:00:00+00:00,1.16945,1.16973,1.16945,1.16973
2026-01-07T06:00:00+00:00,1.16973,1.17027,1.16959,1.17014
2026-01-07T07:00:00+00:00,1.17000,1.17014,1.16836,1.16863
2026-01-07T08:00:00+00:00,1.16850,1.16904,1.16768,1.16877
2026-01-07T09:00:00+00:00,1.16891,1.16904,1.16850,1.16877
2026-01-07T10:00:00+00:00,1.16891,1.16986,1.16891,1.16918
2026-01-07T11:00:00+00:00,1.16918,1.16959,1.16891,1.16918
2026-01-07T12:00:00+00:00,1.16932,1.16945,1.16850,1.16918
2026-01-07T13:00:00+00:00,1.16891,1.16986,1.16863,1.16945
2026-01-07T14:00:00+00:00,1.16959,1.17014,1.16904,1.17014
2026-01-07T15:00:00+00:00,1.16918,1.17014,1.16836,1.16945
2026-01-07T16:00:00+00:00,1.16945,1.16959,1.16863,1.16932
2026-01-07T17:00:00+00:00,1.16945,1.16986,1.16904,1.16904
2026-01-07T18:00:00+00:00,1.16904,1.16932,1.16863,1.16863
2026-01-07T19:00:00+00:00,1.16877,1.16891,1.16822,1.16863
2026-01-07T20:00:00+00:00,1.16850,1.16877,1.16822,1.16822
2026-01-07T21:00:00+00:00,1.16809,1.16822,1.16781,1.16781
2026-01-07T22:00:00+00:00,1.16768,1.16822,1.16754,1.16795
2026-01-07T23:00:00+00:00,1.16795,1.16809,1.16795,1.16795
2026-01-08T00:00:00+00:00,1.16809,1.16809,1.16795,1.16795
2026-01-08T01:00:00+00:00,1.16781,1.16809,1.16768,1.16781
2026-01-08T02:00:00+00:00,1.16795,1.16836,1.16754,1.16836
2026-01-08T03:00:00+00:00,1.16836,1.16863,1.16822,1.16836
2026-01-08T04:00:00+00:00,1.16822,1.16850,1.16809,1.16836
2026-01-08T05:00:00+00:00,1.16836,1.16863,1.16809,1.16863
2026-01-08T06:00:00+00:00,1.16850,1.16863,1.16781,1.16850
2026-01-08T07:00:00+00:00,1.16850,1.16863,1.16809,1.16822
2026-01-08T08:00:00+00:00,1.16809,1.16822,1.16727,1.16754
2026-01-08T09:00:00+00:00,1.16727,1.16809,1.16727,1.16809
2026-01-08T10:00:00+00:00,1.16822,1.16836,1.16795,1.16836
2026-01-08T11:00:00+00:00,1.16822,1.16836,1.16795,1.16809
2026-01-08T12:00:00+00:00,1.16795,1.16795,1.16741,1.16754
2026-01-08T13:00:00+00:00,1.16781,1.16809,1.16618,1.16659
2026-01-08T14:00:00+00:00,1.16659,1.16700,1.16604,1.16686
2026-01-08T15:00:00+00:00,1.16673,1.16768,1.16659,1.16700
2026-01-08T16:00:00+00:00,1.16700,1.16713,1.16564,1.16591
2026-01-08T17:00:00+00:00,1.16564,1.16591,1.16482,1.16550
2026-01-08T18:00:00+00:00,1.16550,1.16550,1.16482,1.16482
2026-01-08T19:00:00+00:00,1.16469,1.16537,1.16455,1.16537
2026-01-08T20:00:00+00:00,1.16537,1.16577,1.16537,1.16550
2026-01-08T21:00:00+00:00,1.16550,1.16659,1.16537,1.16632
2026-01-08T22:00:00+00:00,1.16645,1.16686,1.16564,1.16618
2026-01-08T23:00:00+00:00,1.16632,1.16659,1.16604,1.16604
2026-01-09T00:00:00+00:00,1.16604,1.16604,1.16577,1.16577
2026-01-09T01:00:00+00:00,1.16577,1.16604,1.16509,1.16523
2026-01-09T02:00:00+00:00,1.16537,1.16577,1.16496,1.16577
2026-01-09T03:00:00+00:00,1.16591,1.16618,1.16577,1.16591
2026-01-09T04:00:00+00:00,1.16618,1.16618,1.16564,1.16577
2026-01-09T05:00:00+00:00,1.16577,1.16604,1.16537,1.16550
2026-01-09T06:00:00+00:00,1.16537,1.16564,1.16523,1.16523
2026-01-09T07:00:00+00:00,1.16509,1.16537,1.16442,1.16537
2026-01-09T08:00:00+00:00,1.16550,1.16550,1.16455,1.16509
2026-01-09T09:00:00+00:00,1.16537,1.16537,1.16455,1.16455
2026-01-09T10:00:00+00:00,1.16455,1.16496,1.16428,1.16496
2026-01-09T11:00:00+00:00,1.16496,1.16496,1.16455,1.16496
2026-01-09T12:00:00+00:00,1.16482,1.16496,1.16442,1.16442
2026-01-09T13:00:00+00:00,1.16442,1.16632,1.16414,1.16482
2026-01-09T14:00:00+00:00,1.16523,1.16537,1.16333,1.16401
2026-01-09T15:00:00+00:00,1.16374,1.16442,1.16225,1.16428
2026-01-09T16:00:00+00:00,1.16455,1.16455,1.16320,1.16374
2026-01-09T17:00:00+00:00,1.16360,1.16360,1.16320,1.16347
2026-01-09T18:00:00+00:00,1.16347,1.16428,1.16347,1.16374
2026-01-09T19:00:00+00:00,1.16360,1.16414,1.16360,1.16387
2026-01-09T20:00:00+00:00,1.16374,1.16414,1.16374,1.16387
2026-01-09T21:00:00+00:00,1.16374,1.16401,1.16333,1.16387
2026-01-09T22:00:00+00:00,1.16387,1.16387,1.16387,1.16387
2026-01-12T00:00:00+00:00,1.16279,1.16673,1.16266,1.16673
2026-01-12T01:00:00+00:00,1.16686,1.16741,1.16591,1.16604
2026-01-12T02:00:00+00:00,1.16591,1.16673,1.16591,1.16591
2026-01-12T03:00:00+00:00,1.16591,1.16618,1.16591,1.16591
2026-01-12T04:00:00+00:00,1.16591,1.16618,1.16564,1.16591
2026-01-12T05:00:00+00:00,1.16591,1.16741,1.16591,1.16727
2026-01-12T06:00:00+00:00,1.16727,1.16768,1.16673,1.16727
2026-01-12T07:00:00+00:00,1.16727,1.16891,1.16727,1.16891
2026-01-12T08:00:00+00:00,1.16877,1.16945,1.16795,1.16918
2026-01-12T09:00:00+00:00,1.16904,1.16986,1.16863,1.16863
2026-01-12T10:00:00+00:00,1.16863,1.16891,1.16795,1.16891
2026-01-12T11:00:00+00:00,1.16891,1.16932,1.16795,1.16822
2026-01-12T12:00:00+00:00,1.16822,1.16904,1.16809,1.16850
2026-01-12T13:00:00+00:00,1.16850,1.17014,1.16809,1.16959
2026-01-12T14:00:00+00:00,1.16959,1.16959,1.16795,1.16809
2026-01-12T15:00:00+00:00,1.16809,1.16891,1.16768,1.16850
2026-01-12T16:00:00+00:00,1.16850,1.16850,1.16754,1.16754
2026-01-12T17:00:00+00:00,1.16754,1.16781,1.16700,1.16741
2026-01-12T18:00:00+00:00,1.16727,1.16741,1.16686,1.16727
2026-01-12T19:00:00+00:00,1.16727,1.16768,1.16713,1.16754
2026-01-12T20:00:00+00:00,1.16754,1.16754,1.16673,1.16673
2026-01-12T21:00:00+00:00,1.16686,1.16727,1.16673,1.16700
2026-01-12T22:00:00+00:00,1.16700,1.16741,1.16700,1.16727
2026-01-12T23:00:00+00:00,1.16700,1.16727,1.16686,1.16700
2026-01-13T00:00:00+00:00,1.16713,1.16713,1.16645,1.16659
2026-01-13T01:00:00+00:00,1.16673,1.16686,1.16618,1.16618
2026-01-13T02:00:00+00:00,1.16618,1.16645,1.16604,1.16618
2026-01-13T03:00:00+00:00,1.16618,1.16659,1.16604,1.16618
2026-01-13T04:00:00+00:00,1.16618,1.16686,1.16618,1.16686
2026-01-13T05:00:00+00:00,1.16686,1.16713,1.16659,1.16659
2026-01-13T06:00:00+00:00,1.16659,1.16659,1.16577,1.16618
2026-01-13T07:00:00+00:00,1.16618,1.16686,1.16591,1.16686
2026-01-13T08:00:00+00:00,1.16673,1.16713,1.16618,1.16700
2026-01-13T09:00:00+00:00,1.16727,1.16768,1.16673,1.16741
2026-01-13T10:00:00+00:00,1.16754,1.16768,1.16686,1.16700
2026-01-13T11:00:00+00:00,1.16700,1.16741,1.16686,1.16713
2026-01-13T12:00:00+00:00,1.16727,1.16727,1.16577,1.16591
2026-01-13T13:00:00+00:00,1.16577,1.16809,1.16537,1.16713
2026-01-13T14:00:00+00:00,1.16713,1.16754,1.16618,1.16673
2026-01-13T15:00:00+00:00,1.16673,1.16673,1.16482,1.16537
2026-01-13T16:00:00+00:00,1.16550,1.16564,1.16387,1.16496
2026-01-13T17:00:00+00:00,1.16496,1.16523,1.16455,1.16482
2026-01-13T18:00:00+00:00,1.16509,1.16577,1.16455,1.16577
2026-01-13T19:00:00+00:00,1.16564,1.16564,1.16496,1.16537
2026-01-13T20:00:00+00:00,1.16523,1.16537,1.16482,1.16496
2026-01-13T21:00:00+00:00,1.16482,1.16496,1.16455,1.16455
2026-01-13T22:00:00+00:00,1.16482,1.16496,1.16442,1.16455
2026-01-13T23:00:00+00:00,1.16469,1.16496,1.16455,1.16455
2026-01-14T00:00:00+00:00,1.16455,1.16469,1.16414,1.16469
2026-01-14T01:00:00+00:00,1.16469,1.16469,1.16401,1.16414
2026-01-14T02:00:00+00:00,1.16414,1.16482,1.16401,1.16482
2026-01-14T03:00:00+00:00,1.16482,1.16523,1.16482,1.16509
2026-01-14T04:00:00+00:00,1.16496,1.16523,1.16469,1.16469
2026-01-14T05:00:00+00:00,1.16469,1.16496,1.16455,1.16455
2026-01-14T06:00:00+00:00,1.16455,1.16523,1.16455,1.16523
2026-01-14T07:00:00+00:00,1.16523,1.16550,1.16482,1.16496
2026-01-14T08:00:00+00:00,1.16496,1.16537,1.16455,1.16496
2026-01-14T09:00:00+00:00,1.16509,1.16564,1.16496,1.16564
2026-01-14T10:00:00+00:00,1.16550,1.16618,1.16509,1.16591
2026-01-14T11:00:00+00:00,1.16577,1.16577,1.16482,1.16496
2026-01-14T12:00:00+00:00,1.16509,1.16632,1.16482,1.16632
2026-01-14T13:00:00+00:00,1.16632,1.16632,1.16496,1.16537
2026-01-14T14:00:00+00:00,1.16537,1.16632,1.16537,1.16591
2026-01-14T15:00:00+00:00,1.16577,1.16632,1.16537,1.16632
2026-01-14T16:00:00+00:00,1.16632,1.16645,1.16564,1.16591
2026-01-14T17:00:00+00:00,1.16577,1.16591,1.16496,1.16496
2026-01-14T18:00:00+00:00,1.16496,1.16509,1.16428,1.16442
2026-01-14T19:00:00+00:00,1.16414,1.16428,1.16387,1.16414
2026-01-14T20:00:00+00:00,1.16401,1.16509,1.16401,1.16455
2026-01-14T21:00:00+00:00,1.16469,1.16496,1.16455,1.16482
2026-01-14T22:00:00+00:00,1.16509,1.16523,1.16469,1.16496
2026-01-14T23:00:00+00:00,1.16523,1.16523,1.16469,1.16496
2026-01-15T00:00:00+00:00,1.16482,1.16496,1.16387,1.16401
2026-01-15T01:00:00+00:00,1.16414,1.16455,1.16374,1.16428
2026-01-15T02:00:00+00:00,1.16414,1.16442,1.16401,1.16442
2026-01-15T03:00:00+00:00,1.16442,1.16442,1.16401,1.16428
2026-01-15T04:00:00+00:00,1.16428,1.16428,1.16374,1.16387
2026-01-15T05:00:00+00:00,1.16374,1.16414,1.16374,1.16387
2026-01-15T06:00:00+00:00,1.16387,1.16414,1.16333,1.16374
2026-01-15T07:00:00+00:00,1.16374,1.16387,1.16306,1.16320
2026-01-15T08:00:00+00:00,1.16320,1.16387,1.16306,1.16347
2026-01-15T09:00:00+00:00,1.16347,1.16428,1.16347,1.16401
2026-01-15T10:00:00+00:00,1.16401,1.16442,1.16374,1.16401
2026-01-15T11:00:00+00:00,1.16401,1.16414,1.16347,1.16347
2026-01-15T12:00:00+00:00,1.16347,1.16387,1.16252,1.16252
2026-01-15T13:00:00+00:00,1.16266,1.16279,1.16023,1.16023
2026-01-15T14:00:00+00:00,1.16050,1.16131,1.15969,1.16036
2026-01-15T15:00:00+00:00,1.16050,1.16117,1.16009,1.16050
2026-01-15T16:00:00+00:00,1.16063,1.16144,1.16023,1.16090
2026-01-15T17:00:00+00:00,1.16077,1.16171,1.16077,1.16104
2026-01-15T18:00:00+00:00,1.16131,1.16184,1.16131,1.16171
2026-01-15T19:00:00+00:00,1.16184,1.16212,1.16158,1.16171
2026-01-15T20:00:00+00:00,1.16171,1.16184,1.16063,1.16077
2026-01-15T21:00:00+00:00,1.16077,1.16144,1.16063,1.16144
2026-01-15T22:00:00+00:00,1.16117,1.16144,1.16104,1.16104
2026-01-15T23:00:00+00:00,1.16090,1.16131,1.16090,1.16131
2026-01-16T00:00:00+00:00,1.16131,1.16131,1.16063,1.16077
2026-01-16T01:00:00+00:00,1.16077,1.16117,1.16063,1.16104
2026-01-16T02:00:00+00:00,1.16104,1.16171,1.16104,1.16117
2026-01-16T03:00:00+00:00,1.16131,1.16158,1.16104,1.16158
2026-01-16T04:00:00+00:00,1.16158,1.16171,1.16144,1.16144
2026-01-16T05:00:00+00:00,1.16144,1.16144,1.16090,1.16104
2026-01-16T06:00:00+00:00,1.16104,1.16131,1.16077,1.16131
2026-01-16T07:00:00+00:00,1.16117,1.16171,1.16117,1.16158
2026-01-16T08:00:00+00:00,1.16158,1.16171,1.16117,1.16131
2026-01-16T09:00:00+00:00,1.16131,1.16184,1.16117,1.16117
2026-01-16T10:00:00+00:00,1.16117,1.16225,1.16117,1.16184
2026-01-16T11:00:00+00:00,1.16171,1.16266,1.16171,1.16225
2026-01-16T12:00:00+00:00,1.16225,1.16252,1.16171,1.16225
2026-01-16T13:00:00+00:00,1.16225,1.16239,1.16144,1.16225
2026-01-16T14:00:00+00:00,1.16225,1.16239,1.16171,1.16198
2026-01-16T15:00:00+00:00,1.16212,1.16293,1.15902,1.15969
2026-01-16T16:00:00+00:00,1.15982,1.16090,1.15982,1.16009
2026-01-16T17:00:00+00:00,1.16023,1.16063,1.15982,1.15996
2026-01-16T18:00:00+00:00,1.15982,1.16023,1.15929,1.15996
2026-01-16T19:00:00+00:00,1.15982,1.16009,1.15955,1.15996
2026-01-16T20:00:00+00:00,1.15996,1.16063,1.15996,1.16036
2026-01-16T21:00:00+00:00,1.16023,1.16063,1.16009,1.16023
2026-01-16T22:00:00+00:00,1.16036,1.16036,1.16036,1.16036
2026-01-19T00:00:00+00:00,1.16279,1.16414,1.16117,1.16360
2026-01-19T01:00:00+00:00,1.16347,1.16360,1.16252,1.16252
2026-01-19T02:00:00+00:00,1.16252,1.16266,1.16198,1.16212
2026-01-19T03:00:00+00:00,1.16225,1.16293,1.16198,1.16279
2026-01-19T04:00:00+00:00,1.16293,1.16360,1.16293,1.16360
2026-01-19T05:00:00+00:00,1.16374,1.16401,1.16306,1.16306
2026-01-19T06:00:00+00:00,1.16320,1.16347,1.16293,1.16320
2026-01-19T07:00:00+00:00,1.16306,1.16442,1.16266,1.16293
2026-01-19T08:00:00+00:00,1.16306,1.16320,1.16225,1.16279
2026-01-19T09:00:00+00:00,1.16279,1.16333,1.16144,1.16266
2026-01-19T10:00:00+00:00,1.16279,1.16320,1.16252,1.16293
2026-01-19T11:00:00+00:00,1.16279,1.16320,1.16239,1.16320
2026-01-19T12:00:00+00:00,1.16306,1.16360,1.16293,1.16293
2026-01-19T13:00:00+00:00,1.16306,1.16387,1.16306,1.16347
2026-01-19T14:00:00+00:00,1.16347,1.16455,1.16333,1.16442
2026-01-19T15:00:00+00:00,1.16428,1.16469,1.16360,1.16428
2026-01-19T16:00:00+00:00,1.16428,1.16509,1.16414,1.16455
2026-01-19T17:00:00+00:00,1.16455,1.16496,1.16442,1.16496
2026-01-19T18:00:00+00:00,1.16496,1.16523,1.16469,1.16469
2026-01-19T19:00:00+00:00,1.16469,1.16509,1.16455,1.16469
2026-01-19T20:00:00+00:00,1.16469,1.16482,1.16455,1.16482
2026-01-19T21:00:00+00:00,1.16482,1.16496,1.16469,1.16496
2026-01-19T22:00:00+00:00,1.16564,1.16564,1.16428,1.16469
2026-01-19T23:00:00+00:00,1.16496,1.16496,1.16428,1.16428
2026-01-20T00:00:00+00:00,1.16428,1.16442,1.16360,1.16442
2026-01-20T01:00:00+00:00,1.16442,1.16469,1.16428,1.16469
2026-01-20T02:00:00+00:00,1.16482,1.16496,1.16442,1.16482
2026-01-20T03:00:00+00:00,1.16482,1.16618,1.16469,1.16604
2026-01-20T04:00:00+00:00,1.16591,1.16700,1.16591,1.16686
2026-01-20T05:00:00+00:00,1.16700,1.16754,1.16673,1.16673
2026-01-20T06:00:00+00:00,1.16659,1.16727,1.16659,1.16727
2026-01-20T07:00:00+00:00,1.16713,1.16973,1.16673,1.16932
2026-01-20T08:00:00+00:00,1.16918,1.17247,1.16918,1.17206
2026-01-20T09:00:00+00:00,1.17220,1.17357,1.17206,1.17288
2026-01-20T10:00:00+00:00,1.17316,1.17343,1.17192,1.17343
2026-01-20T11:00:00+00:00,1.17343,1.17426,1.17261,1.17371
2026-01-20T12:00:00+00:00,1.17385,1.17467,1.17302,1.17302
2026-01-20T13:00:00+00:00,1.17316,1.17702,1.17233,1.17385
2026-01-20T14:00:00+00:00,1.17371,1.17385,1.17206,1.17220
2026-01-20T15:00:00+00:00,1.17206,1.17398,1.17206,1.17316
2026-01-20T16:00:00+00:00,1.17316,1.17426,1.17316,1.17426
2026-01-20T17:00:00+00:00,1.17412,1.17454,1.17343,1.17357
2026-01-20T18:00:00+00:00,1.17343,1.17371,1.17302,1.17302
2026-01-20T19:00:00+00:00,1.17316,1.17316,1.17151,1.17151
2026-01-20T20:00:00+00:00,1.17151,1.17233,1.17151,1.17220
2026-01-20T21:00:00+00:00,1.17220,1.17302,1.17220,1.17302
2026-01-20T22:00:00+00:00,1.17233,1.17330,1.17178,1.17233
2026-01-20T23:00:00+00:00,1.17275,1.17316,1.17247,1.17316
2026-01-21T00:00:00+00:00,1.17275,1.17288,1.17206,1.17261
2026-01-21T01:00:00+00:00,1.17275,1.17371,1.17275,1.17316
2026-01-21T02:00:00+00:00,1.17316,1.17343,1.17275,1.17288
2026-01-21T03:00:00+00:00,1.17316,1.17316,1.17151,1.17220
2026-01-21T04:00:00+00:00,1.17220,1.17247,1.17178,1.17220
2026-01-21T05:00:00+00:00,1.17220,1.17247,1.17192,1.17206
2026-01-21T06:00:00+00:00,1.17192,1.17288,1.17192,1.17275
2026-01-21T07:00:00+00:00,1.17247,1.17288,1.17151,1.17206
2026-01-21T08:00:00+00:00,1.17220,1.17220,1.17096,1.17137
2026-01-21T09:00:00+00:00,1.17123,1.17165,1.17055,1.17069
2026-01-21T10:00:00+00:00,1.17069,1.17123,1.17041,1.17096
2026-01-21T11:00:00+00:00,1.17096,1.17233,1.17082,1.17165
2026-01-21T12:00:00+00:00,1.17165,1.17398,1.17165,1.17385
2026-01-21T13:00:00+00:00,1.17371,1.17454,1.17330,1.17412
2026-01-21T14:00:00+00:00,1.17440,1.17440,1.17206,1.17288
2026-01-21T15:00:00+00:00,1.17275,1.17316,1.17041,1.17055
2026-01-21T16:00:00+00:00,1.17055,1.17137,1.16986,1.17069
2026-01-21T17:00:00+00:00,1.17069,1.17151,1.17014,1.17069
2026-01-21T18:00:00+00:00,1.17055,1.17055,1.16986,1.17000
2026-01-21T19:00:00+00:00,1.16986,1.17082,1.16822,1.16918
2026-01-21T20:00:00+00:00,1.16932,1.16932,1.16809,1.16918
2026-01-21T21:00:00+00:00,1.16904,1.16932,1.16877,1.16891
2026-01-21T22:00:00+00:00,1.16891,1.16945,1.16863,1.16877
2026-01-21T23:00:00+00:00,1.16877,1.16891,1.16754,1.16754
2026-01-22T00:00:00+00:00,1.16768,1.16932,1.16768,1.16904
2026-01-22T01:00:00+00:00,1.16904,1.16932,1.16863,1.16932
2026-01-22T02:00:00+00:00,1.16918,1.16973,1.16877,1.16891
2026-01-22T03:00:00+00:00,1.16904,1.16932,1.16891,1.16932
2026-01-22T04:00:00+00:00,1.16932,1.17000,1.16932,1.16945
2026-01-22T05:00:00+00:00,1.16945,1.16945,1.16877,1.16918
2026-01-22T06:00:00+00:00,1.16918,1.16945,1.16877,1.16918
2026-01-22T07:00:00+00:00,1.16904,1.16986,1.16891,1.16945
2026-01-22T08:00:00+00:00,1.16932,1.16986,1.16877,1.16932
2026-01-22T09:00:00+00:00,1.16918,1.17000,1.16918,1.16945
2026-01-22T10:00:00+00:00,1.16973,1.16986,1.16904,1.16973
2026-01-22T11:00:00+00:00,1.16973,1.17082,1.16945,1.17069
2026-01-22T12:00:00+00:00,1.17055,1.17123,1.17041,1.17082
2026-01-22T13:00:00+00:00,1.17069,1.17220,1.17069,1.17165
2026-01-22T14:00:00+00:00,1.17178,1.17288,1.17151,1.17233
2026-01-22T15:00:00+00:00,1.17247,1.17371,1.17233,1.17371
2026-01-22T16:00:00+00:00,1.17371,1.17536,1.17371,1.17426
2026-01-22T17:00:00+00:00,1.17426,1.17509,1.17371,1.17509
2026-01-22T18:00:00+00:00,1.17481,1.17523,1.17467,1.17509
2026-01-22T19:00:00+00:00,1.17509,1.17509,1.17454,1.17481
2026-01-22T20:00:00+00:00,1.17467,1.17550,1.17454,1.17509
2026-01-22T21:00:00+00:00,1.17523,1.17606,1.17509,1.17564
2026-01-22T22:00:00+00:00,1.17523,1.17619,1.17481,1.17592
2026-01-22T23:00:00+00:00,1.17606,1.17647,1.17564,1.17578
2026-01-23T00:00:00+00:00,1.17564,1.17564,1.17523,1.17523
2026-01-23T01:00:00+00:00,1.17509,1.17564,1.17509,1.17523
2026-01-23T02:00:00+00:00,1.17536,1.17536,1.17481,1.17495
2026-01-23T03:00:00+00:00,1.17495,1.17523,1.17467,1.17467
2026-01-23T04:00:00+00:00,1.17481,1.17536,1.17467,1.17536
2026-01-23T05:00:00+00:00,1.17550,1.17564,1.17536,1.17536
2026-01-23T06:00:00+00:00,1.17536,1.17578,1.17454,1.17454
2026-01-23T07:00:00+00:00,1.17467,1.17481,1.17398,1.17398
2026-01-23T08:00:00+00:00,1.17426,1.17481,1.17316,1.17440
2026-01-23T09:00:00+00:00,1.17440,1.17481,1.17385,1.17385
2026-01-23T10:00:00+00:00,1.17385,1.17385,1.17343,1.17371
2026-01-23T11:00:00+00:00,1.17385,1.17440,1.17343,1.17412
2026-01-23T12:00:00+00:00,1.17412,1.17481,1.17412,1.17454
2026-01-23T13:00:00+00:00,1.17467,1.17509,1.17371,1.17371
2026-01-23T14:00:00+00:00,1.17385,1.17509,1.17357,1.17495
2026-01-23T15:00:00+00:00,1.17509,1.17633,1.17495,1.17619
2026-01-23T16:00:00+00:00,1.17606,1.17772,1.17509,1.17744
2026-01-23T17:00:00+00:00,1.17744,1.18008,1.17744,1.17980
2026-01-23T18:00:00+00:00,1.17952,1.17966,1.17813,1.17952
2026-01-23T19:00:00+00:00,1.17952,1.18175,1.17952,1.18161
2026-01-23T20:00:00+00:00,1.18161,1.18287,1.18147,1.18259
2026-01-23T21:00:00+00:00,1.18245,1.18357,1.18245,1.18329
2026-01-23T22:00:00+00:00,1.18231,1.18231,1.18231,1.18231
2026-01-26T00:00:00+00:00,1.18568,1.18666,1.18483,1.18652
2026-01-26T01:00:00+00:00,1.18666,1.18723,1.18582,1.18610
2026-01-26T02:00:00+00:00,1.18596,1.18793,1.18596,1.18708
2026-01-26T03:00:00+00:00,1.18694,1.18694,1.18624,1.18652
2026-01-26T04:00:00+00:00,1.18638,1.18708,1.18596,1.18624
2026-01-26T05:00:00+00:00,1.18638,1.18723,1.18624,1.18680
2026-01-26T06:00:00+00:00,1.18680,1.18680,1.18554,1.18554
2026-01-26T07:00:00+00:00,1.18554,1.18666,1.18427,1.18427
2026-01-26T08:00:00+00:00,1.18469,1.18624,1.18427,1.18568
2026-01-26T09:00:00+00:00,1.18554,1.18708,1.18455,1.18680
2026-01-26T10:00:00+00:00,1.18680,1.18680,1.18568,1.18638
2026-01-26T11:00:00+00:00,1.18638,1.18638,1.18526,1.18596
2026-01-26T12:00:00+00:00,1.18582,1.18596,1.18441,1.18455
2026-01-26T13:00:00+00:00,1.18455,1.18596,1.18399,1.18596
2026-01-26T14:00:00+00:00,1.18596,1.18835,1.18568,1.18835
2026-01-26T15:00:00+00:00,1.18821,1.18991,1.18751,1.18991
2026-01-26T16:00:00+00:00,1.19005,1.19062,1.18835,1.18892
2026-01-26T17:00:00+00:00,1.18892,1.18948,1.18793,1.18821
2026-01-26T18:00:00+00:00,1.18821,1.18934,1.18821,1.18835
2026-01-26T19:00:00+00:00,1.18821,1.18850,1.18737,1.18821
2026-01-26T20:00:00+00:00,1.18864,1.18878,1.18807,1.18864
2026-01-26T21:00:00+00:00,1.18864,1.18892,1.18779,1.18835
2026-01-26T22:00:00+00:00,1.18765,1.18864,1.18765,1.18835
2026-01-26T23:00:00+00:00,1.18850,1.18850,1.18765,1.18779
2026-01-27T00:00:00+00:00,1.18779,1.18864,1.18779,1.18807
2026-01-27T01:00:00+00:00,1.18821,1.18850,1.18779,1.18821
2026-01-27T02:00:00+00:00,1.18821,1.19033,1.18793,1.18977
2026-01-27T03:00:00+00:00,1.18963,1.18963,1.18835,1.18835
2026-01-27T04:00:00+00:00,1.18835,1.18850,1.18737,1.18765
2026-01-27T05:00:00+00:00,1.18765,1.18821,1.18765,1.18807
2026-01-27T06:00:00+00:00,1.18793,1.18850,1.18751,1.18751
2026-01-27T07:00:00+00:00,1.18765,1.18793,1.18652,1.18680
2026-01-27T08:00:00+00:00,1.18694,1.18694,1.18554,1.18638
2026-01-27T09:00:00+00:00,1.18624,1.18920,1.18624,1.18920
2026-01-27T10:00:00+00:00,1.18906,1.18934,1.18779,1.18920
2026-01-27T11:00:00+00:00,1.18920,1.19005,1.18892,1.19005
2026-01-27T12:00:00+00:00,1.18991,1.19346,1.18977,1.19317
2026-01-27T13:00:00+00:00,1.19360,1.19417,1.19190,1.19275
2026-01-27T14:00:00+00:00,1.19275,1.19574,1.19232,1.19474
2026-01-27T15:00:00+00:00,1.19531,1.19746,1.19517,1.19531
2026-01-27T16:00:00+00:00,1.19560,1.19933,1.19560,1.19832
2026-01-27T17:00:00+00:00,1.19818,1.19861,1.19632,1.19832
2026-01-27T18:00:00+00:00,1.19847,1.19904,1.19760,1.19832
2026-01-27T19:00:00+00:00,1.19804,1.19832,1.19760,1.19804
2026-01-27T20:00:00+00:00,1.19789,1.20846,1.19789,1.20366
2026-01-27T21:00:00+00:00,1.20351,1.20525,1.20279,1.20438
2026-01-27T22:00:00+00:00,1.20540,1.20540,1.20236,1.20467
2026-01-27T23:00:00+00:00,1.20453,1.20453,1.20207,1.20221
2026-01-28T00:00:00+00:00,1.20236,1.20265,1.20135,1.20192
2026-01-28T01:00:00+00:00,1.20149,1.20163,1.19976,1.19976
2026-01-28T02:00:00+00:00,1.20005,1.20034,1.19918,1.20005
2026-01-28T03:00:00+00:00,1.20005,1.20077,1.19990,1.20005
2026-01-28T04:00:00+00:00,1.20005,1.20048,1.19947,1.20048
2026-01-28T05:00:00+00:00,1.20034,1.20034,1.19804,1.20005
2026-01-28T06:00:00+00:00,1.20005,1.20091,1.19962,1.19990
2026-01-28T07:00:00+00:00,1.19990,1.20294,1.19890,1.19947
2026-01-28T08:00:00+00:00,1.19933,1.20062,1.19746,1.19832
2026-01-28T09:00:00+00:00,1.19890,1.19962,1.19804,1.19918
2026-01-28T10:00:00+00:00,1.19918,1.19962,1.19775,1.19933
2026-01-28T11:00:00+00:00,1.19904,1.19904,1.19660,1.19717
2026-01-28T12:00:00+00:00,1.19732,1.19861,1.19703,1.19832
2026-01-28T13:00:00+00:00,1.19818,1.19832,1.19574,1.19603
2026-01-28T14:00:00+00:00,1.19603,1.19804,1.19574,1.19660
2026-01-28T15:00:00+00:00,1.19660,1.19732,1.19360,1.19460
2026-01-28T16:00:00+00:00,1.19503,1.19546,1.19261,1.19432
2026-01-28T17:00:00+00:00,1.19446,1.19460,1.19332,1.19446
2026-01-28T18:00:00+00:00,1.19446,1.19460,1.19190,1.19261
2026-01-28T19:00:00+00:00,1.19374,1.19446,1.19062,1.19446
2026-01-28T20:00:00+00:00,1.19474,1.19531,1.19332,1.19489
2026-01-28T21:00:00+00:00,1.19489,1.19589,1.19460,1.19589
2026-01-28T22:00:00+00:00,1.19589,1.19632,1.19517,1.19603
2026-01-28T23:00:00+00:00,1.19589,1.19804,1.19560,1.19804
2026-01-29T00:00:00+00:00,1.19818,1.19875,1.19732,1.19775
2026-01-29T01:00:00+00:00,1.19746,1.19746,1.19617,1.19646
2026-01-29T02:00:00+00:00,1.19632,1.19789,1.19589,1.19760
2026-01-29T03:00:00+00:00,1.19746,1.19904,1.19746,1.19904
2026-01-29T04:00:00+00:00,1.19918,1.19933,1.19804,1.19933
2026-01-29T05:00:00+00:00,1.19947,1.19962,1.19847,1.19847
2026-01-29T06:00:00+00:00,1.19847,1.19933,1.19804,1.19890
2026-01-29T07:00:00+00:00,1.19904,1.19976,1.19717,1.19775
2026-01-29T08:00:00+00:00,1.19818,1.19890,1.19660,1.19703
2026-01-29T09:00:00+00:00,1.19717,1.19760,1.19560,1.19589
2026-01-29T10:00:00+00:00,1.19603,1.19603,1.19432,1.19460
2026-01-29T11:00:00+00:00,1.19460,1.19560,1.19432,1.19517
2026-01-29T12:00:00+00:00,1.19503,1.19646,1.19460,1.19646
2026-01-29T13:00:00+00:00,1.19660,1.19717,1.19474,1.19589
2026-01-29T14:00:00+00:00,1.19617,1.19732,1.19560,1.19717
2026-01-29T15:00:00+00:00,1.19703,1.19703,1.19119,1.19332
2026-01-29T16:00:00+00:00,1.19346,1.19546,1.19317,1.19460
2026-01-29T17:00:00+00:00,1.19489,1.19646,1.19474,1.19589
2026-01-29T18:00:00+00:00,1.19574,1.19674,1.19531,1.19632
2026-01-29T19:00:00+00:00,1.19589,1.19632,1.19546,1.19546
2026-01-29T20:00:00+00:00,1.19546,1.19717,1.19503,1.19674
2026-01-29T21:00:00+00:00,1.19674,1.19746,1.19660,1.19746
2026-01-29T22:00:00+00:00,1.19818,1.19832,1.19574,1.19732
2026-01-29T23:00:00+00:00,1.19746,1.19775,1.19689,1.19689
2026-01-30T00:00:00+00:00,1.19703,1.19775,1.19346,1.19346
2026-01-30T01:00:00+00:00,1.19332,1.19432,1.19190,1.19204
2026-01-30T02:00:00+00:00,1.19175,1.19232,1.18991,1.19218
2026-01-30T03:00:00+00:00,1.19218,1.19261,1.19175,1.19246
2026-01-30T04:00:00+00:00,1.19232,1.19374,1.19232,1.19289
2026-01-30T05:00:00+00:00,1.19289,1.19389,1.19190,1.19275
2026-01-30T06:00:00+00:00,1.19289,1.19360,1.19175,1.19218
2026-01-30T07:00:00+00:00,1.19218,1.19446,1.19190,1.19403
2026-01-30T08:00:00+00:00,1.19417,1.19460,1.19275,1.19360
2026-01-30T09:00:00+00:00,1.19432,1.19432,1.19033,1.19119
2026-01-30T10:00:00+00:00,1.19133,1.19289,1.19104,1.19246
2026-01-30T11:00:00+00:00,1.19246,1.19531,1.19246,1.19531
2026-01-30T12:00:00+00:00,1.19546,1.19589,1.19190,1.19218
2026-01-30T13:00:00+00:00,1.19246,1.19275,1.19076,1.19161
2026-01-30T14:00:00+00:00,1.19204,1.19246,1.19076,1.19104
2026-01-30T15:00:00+00:00,1.19062,1.19076,1.18892,1.18991
2026-01-30T16:00:00+00:00,1.19005,1.19005,1.18793,1.18892
2026-01-30T17:00:00+00:00,1.18892,1.18892,1.18708,1.18751
2026-01-30T18:00:00+00:00,1.18751,1.18864,1.18596,1.18821
2026-01-30T19:00:00+00:00,1.18850,1.18864,1.18708,1.18723
2026-01-30T20:00:00+00:00,1.18708,1.18708,1.18568,1.18568
2026-01-30T21:00:00+00:00,1.18568,1.18596,1.18540,1.18540
2026-01-30T22:00:00+00:00,1.18540,1.18540,1.18540,1.18540
2026-02-02T00:00:00+00:00,1.18526,1.18779,1.18526,1.18694
2026-02-02T01:00:00+00:00,1.18694,1.18751,1.18582,1.18751
2026-02-02T02:00:00+00:00,1.18751,1.18779,1.18680,1.18680
2026-02-02T03:00:00+00:00,1.18666,1.18751,1.18666,1.18694
2026-02-02T04:00:00+00:00,1.18680,1.18737,1.18624,1.18652
2026-02-02T05:00:00+00:00,1.18666,1.18666,1.18455,1.18540
2026-02-02T06:00:00+00:00,1.18554,1.18582,1.18483,1.18568
2026-02-02T07:00:00+00:00,1.18568,1.18666,1.18554,1.18582
2026-02-02T08:00:00+00:00,1.18610,1.18680,1.18483,1.18483
2026-02-02T09:00:00+00:00,1.18554,1.18680,1.18497,1.18666
2026-02-02T10:00:00+00:00,1.18638,1.18723,1.18624,1.18694
2026-02-02T11:00:00+00:00,1.18694,1.18751,1.18652,1.18694
2026-02-02T12:00:00+00:00,1.18666,1.18723,1.18469,1.18526
2026-02-02T13:00:00+00:00,1.18526,1.18526,1.18231,1.18245
2026-02-02T14:00:00+00:00,1.18245,1.18329,1.18092,1.18259
2026-02-02T15:00:00+00:00,1.18175,1.18189,1.17952,1.17966
2026-02-02T16:00:00+00:00,1.17966,1.18106,1.17952,1.18092
2026-02-02T17:00:00+00:00,1.18106,1.18161,1.17980,1.18022
2026-02-02T18:00:00+00:00,1.18050,1.18050,1.17827,1.17827
2026-02-02T19:00:00+00:00,1.17841,1.17952,1.17799,1.17938
2026-02-02T20:00:00+00:00,1.17911,1.17952,1.17841,1.17952
2026-02-02T21:00:00+00:00,1.17966,1.17980,1.17925,1.17925
2026-02-02T22:00:00+00:00,1.17925,1.17980,1.17925,1.17938
2026-02-02T23:00:00+00:00,1.17938,1.18022,1.17911,1.18022
2026-02-03T00:00:00+00:00,1.18022,1.18106,1.18022,1.18092
2026-02-03T01:00:00+00:00,1.18106,1.18175,1.18064,1.18175
2026-02-03T02:00:00+00:00,1.18175,1.18175,1.18050,1.18050
2026-02-03T03:00:00+00:00,1.18050,1.18161,1.18050,1.18161
2026-02-03T04:00:00+00:00,1.18133,1.18203,1.18133,1.18133
2026-02-03T05:00:00+00:00,1.18133,1.18161,1.18092,1.18133
2026-02-03T06:00:00+00:00,1.18120,1.18203,1.18120,1.18175
2026-02-03T07:00:00+00:00,1.18161,1.18273,1.18133,1.18189
2026-02-03T08:00:00+00:00,1.18189,1.18231,1.18078,1.18203
2026-02-03T09:00:00+00:00,1.18189,1.18189,1.17966,1.17966
2026-02-03T10:00:00+00:00,1.17966,1.18022,1.17911,1.17911
2026-02-03T11:00:00+00:00,1.17911,1.17980,1.17869,1.17925
2026-02-03T12:00:00+00:00,1.17925,1.18022,1.17911,1.17994
2026-02-03T13:00:00+00:00,1.18008,1.18106,1.17980,1.17994
2026-02-03T14:00:00+00:00,1.17980,1.18050,1.17841,1.17952
2026-02-03T15:00:00+00:00,1.17952,1.18175,1.17911,1.18175
2026-02-03T16:00:00+00:00,1.18161,1.18245,1.18147,1.18217
2026-02-03T17:00:00+00:00,1.18231,1.18315,1.18175,1.18203
2026-02-03T18:00:00+00:00,1.18203,1.18245,1.18133,1.18133
2026-02-03T19:00:00+00:00,1.18120,1.18203,1.18106,1.18175
2026-02-03T20:00:00+00:00,1.18161,1.18245,1.18133,1.18245
2026-02-03T21:00:00+00:00,1.18245,1.18287,1.18217,1.18217
2026-02-03T22:00:00+00:00,1.18245,1.18273,1.18175,1.18245
2026-02-03T23:00:00+00:00,1.18203,1.18245,1.18161,1.18189
2026-02-04T00:00:00+00:00,1.18189,1.18203,1.18133,1.18175
2026-02-04T01:00:00+00:00,1.18175,1.18357,1.18161,1.18301
2026-02-04T02:00:00+00:00,1.18301,1.18343,1.18231,1.18245
2026-02-04T03:00:00+00:00,1.18259,1.18315,1.18245,1.18301
2026-02-04T04:00:00+00:00,1.18301,1.18385,1.18301,1.18385
2026-02-04T05:00:00+00:00,1.18385,1.18399,1.18357,1.18371
2026-02-04T06:00:00+00:00,1.18371,1.18385,1.18329,1.18329
2026-02-04T07:00:00+00:00,1.18343,1.18357,1.18287,1.18343
2026-02-04T08:00:00+00:00,1.18343,1.18413,1.18287,1.18329
2026-02-04T09:00:00+00:00,1.18329,1.18357,1.18147,1.18189
2026-02-04T10:00:00+00:00,1.18175,1.18203,1.18092,1.18175
2026-02-04T11:00:00+00:00,1.18161,1.18175,1.18106,1.18147
2026-02-04T12:00:00+00:00,1.18147,1.18273,1.18147,1.18259
2026-02-04T13:00:00+00:00,1.18259,1.18287,1.18161,1.18259
2026-02-04T14:00:00+00:00,1.18259,1.18287,1.18106,1.18189
2026-02-04T15:00:00+00:00,1.18217,1.18245,1.17966,1.17994
2026-02-04T16:00:00+00:00,1.17994,1.18078,1.17952,1.18064
2026-02-04T17:00:00+00:00,1.18050,1.18175,1.17980,1.18022
2026-02-04T18:00:00+00:00,1.18008,1.18050,1.17994,1.18050
2026-02-04T19:00:00+00:00,1.18050,1.18120,1.17994,1.18120
2026-02-04T20:00:00+00:00,1.18133,1.18133,1.18050,1.18064
2026-02-04T21:00:00+00:00,1.18078,1.18120,1.18064,1.18092
2026-02-04T22:00:00+00:00,1.18217,1.18217,1.18050,1.18078
2026-02-04T23:00:00+00:00,1.18092,1.18106,1.18050,1.18050
2026-02-05T00:00:00+00:00,1.18050,1.18078,1.18036,1.18064
2026-02-05T01:00:00+00:00,1.18078,1.18120,1.18064,1.18078
2026-02-05T02:00:00+00:00,1.18064,1.18078,1.17911,1.17911
2026-02-05T03:00:00+00:00,1.17883,1.17938,1.17883,1.17925
2026-02-05T04:00:00+00:00,1.17925,1.17952,1.17911,1.17925
2026-02-05T05:00:00+00:00,1.17911,1.17938,1.17883,1.17938
2026-02-05T06:00:00+00:00,1.17938,1.17952,1.17883,1.17938
2026-02-05T07:00:00+00:00,1.17938,1.18064,1.17938,1.18022
2026-02-05T08:00:00+00:00,1.18022,1.18106,1.17994,1.18036
2026-02-05T09:00:00+00:00,1.18050,1.18050,1.17841,1.17841
2026-02-05T10:00:00+00:00,1.17841,1.17952,1.17841,1.17911
2026-02-05T11:00:00+00:00,1.17911,1.17994,1.17911,1.17966
2026-02-05T12:00:00+00:00,1.17938,1.18064,1.17911,1.18036
2026-02-05T13:00:00+00:00,1.18050,1.18175,1.17952,1.18175
2026-02-05T14:00:00+00:00,1.18133,1.18245,1.18008,1.18008
2026-02-05T15:00:00+00:00,1.18147,1.18147,1.17855,1.17966
2026-02-05T16:00:00+00:00,1.17952,1.18064,1.17897,1.18064
2026-02-05T17:00:00+00:00,1.18036,1.18078,1.18008,1.18036
2026-02-05T18:00:00+00:00,1.18050,1.18064,1.17966,1.17966
2026-02-05T19:00:00+00:00,1.17966,1.18008,1.17966,1.17980
2026-02-05T20:00:00+00:00,1.17966,1.17980,1.17841,1.17841
2026-02-05T21:00:00+00:00,1.17841,1.17855,1.17786,1.17799
2026-02-05T22:00:00+00:00,1.17841,1.17883,1.17786,1.17813
2026-02-05T23:00:00+00:00,1.17841,1.17841,1.17786,1.17813
2026-02-06T00:00:00+00:00,1.17799,1.17855,1.17702,1.17855
2026-02-06T01:00:00+00:00,1.17855,1.17925,1.17827,1.17869
2026-02-06T02:00:00+00:00,1.17897,1.17952,1.17897,1.17911
2026-02-06T03:00:00+00:00,1.17911,1.17938,1.17897,1.17911
2026-02-06T04:00:00+00:00,1.17911,1.17994,1.17911,1.17980
2026-02-06T05:00:00+00:00,1.17980,1.18036,1.17980,1.18022
2026-02-06T06:00:00+00:00,1.18008,1.18050,1.17980,1.18008
2026-02-06T07:00:00+00:00,1.17994,1.18008,1.17925,1.17938
2026-02-06T08:00:00+00:00,1.17952,1.17994,1.17911,1.17966
2026-02-06T09:00:00+00:00,1.17966,1.18008,1.17952,1.17966
2026-02-06T10:00:00+00:00,1.17952,1.18036,1.17938,1.17966
2026-02-06T11:00:00+00:00,1.17952,1.17966,1.17897,1.17938
2026-02-06T12:00:00+00:00,1.17938,1.17966,1.17925,1.17966
2026-02-06T13:00:00+00:00,1.17966,1.18133,1.17966,1.18133
2026-02-06T14:00:00+00:00,1.18133,1.18287,1.18133,1.18217
2026-02-06T15:00:00+00:00,1.18231,1.18231,1.18092,1.18231
2026-02-06T16:00:00+00:00,1.18231,1.18245,1.18147,1.18147
2026-02-06T17:00:00+00:00,1.18147,1.18245,1.18147,1.18231
2026-02-06T18:00:00+00:00,1.18217,1.18273,1.18217,1.18217
2026-02-06T19:00:00+00:00,1.18231,1.18245,1.18189,1.18231
2026-02-06T20:00:00+00:00,1.18231,1.18259,1.18217,1.18259
2026-02-06T21:00:00+00:00,1.18259,1.18273,1.18175,1.18217
2026-02-06T22:00:00+00:00,1.18175,1.18203,1.18175,1.18203
2026-02-09T00:00:00+00:00,1.18301,1.18357,1.18273,1.18343
2026-02-09T01:00:00+00:00,1.18343,1.18357,1.18287,1.18287
2026-02-09T02:00:00+00:00,1.18287,1.18287,1.18203,1.18231
2026-02-09T03:00:00+00:00,1.18231,1.18287,1.18217,1.18217
2026-02-09T04:00:00+00:00,1.18231,1.18301,1.18231,1.18301
2026-02-09T05:00:00+00:00,1.18301,1.18399,1.18301,1.18371
2026-02-09T06:00:00+00:00,1.18371,1.18610,1.18371,1.18568
2026-02-09T07:00:00+00:00,1.18568,1.18638,1.18511,1.18596
2026-02-09T08:00:00+00:00,1.18596,1.18680,1.18554,1.18666
2026-02-09T09:00:00+00:00,1.18680,1.18737,1.18638,1.18652
2026-02-09T10:00:00+00:00,1.18652,1.18723,1.18596,1.18638
2026-02-09T11:00:00+00:00,1.18638,1.18751,1.18624,1.18723
2026-02-09T12:00:00+00:00,1.18737,1.18864,1.18737,1.18850
2026-02-09T13:00:00+00:00,1.18864,1.19076,1.18850,1.19062
2026-02-09T14:00:00+00:00,1.19062,1.19218,1.19062,1.19218
2026-02-09T15:00:00+00:00,1.19232,1.19289,1.19076,1.19133
2026-02-09T16:00:00+00:00,1.19147,1.19204,1.18977,1.19005
2026-02-09T17:00:00+00:00,1.19019,1.19133,1.19019,1.19119
2026-02-09T18:00:00+00:00,1.19119,1.19204,1.19090,1.19190
2026-02-09T19:00:00+00:00,1.19204,1.19261,1.19161,1.19232
2026-02-09T20:00:00+00:00,1.19232,1.19246,1.19175,1.19190
2026-02-09T21:00:00+00:00,1.19190,1.19190,1.19147,1.19175
2026-02-09T22:00:00+00:00,1.19161,1.19204,1.19147,1.19204
2026-02-09T23:00:00+00:00,1.19190,1.19190,1.19062,1.19062
2026-02-10T00:00:00+00:00,1.19076,1.19090,1.19019,1.19048
2026-02-10T01:00:00+00:00,1.19062,1.19133,1.19005,1.19090
2026-02-10T02:00:00+00:00,1.19090,1.19175,1.19090,1.19175
2026-02-10T03:00:00+00:00,1.19175,1.19204,1.19133,1.19133
2026-02-10T04:00:00+00:00,1.19147,1.19161,1.19090,1.19119
2026-02-10T05:00:00+00:00,1.19104,1.19133,1.19076,1.19119
2026-02-10T06:00:00+00:00,1.19104,1.19161,1.19048,1.19062
2026-02-10T07:00:00+00:00,1.19090,1.19133,1.19033,1.19090
2026-02-10T08:00:00+00:00,1.19119,1.19204,1.19062,1.19133
2026-02-10T09:00:00+00:00,1.19133,1.19232,1.19119,1.19175
2026-02-10T10:00:00+00:00,1.19175,1.19204,1.19133,1.19147
2026-02-10T11:00:00+00:00,1.19133,1.19133,1.19048,1.19076
2026-02-10T12:00:00+00:00,1.19076,1.19119,1.18948,1.18963
2026-02-10T13:00:00+00:00,1.18977,1.19147,1.18934,1.19076
2026-02-10T14:00:00+00:00,1.19104,1.19303,1.19076,1.19204
2026-02-10T15:00:00+00:00,1.19175,1.19218,1.19019,1.19190
2026-02-10T16:00:00+00:00,1.19175,1.19175,1.19005,1.19005
2026-02-10T17:00:00+00:00,1.19019,1.19090,1.18977,1.19005
2026-02-10T18:00:00+00:00,1.18991,1.19005,1.18948,1.18963
2026-02-10T19:00:00+00:00,1.18963,1.19062,1.18920,1.19048
2026-02-10T20:00:00+00:00,1.19062,1.19062,1.18991,1.18991
2026-02-10T21:00:00+00:00,1.18991,1.19005,1.18963,1.18991
2026-02-10T22:00:00+00:00,1.19005,1.19005,1.18850,1.18948
2026-02-10T23:00:00+00:00,1.18963,1.18963,1.18906,1.18920
2026-02-11T00:00:00+00:00,1.18920,1.19048,1.18906,1.19005
2026-02-11T01:00:00+00:00,1.19005,1.19062,1.18977,1.19005
2026-02-11T02:00:00+00:00,1.19019,1.19161,1.19019,1.19104
2026-02-11T03:00:00+00:00,1.19119,1.19175,1.19076,1.19133
2026-02-11T04:00:00+00:00,1.19147,1.19175,1.19104,1.19119
2026-02-11T05:00:00+00:00,1.19119,1.19218,1.19104,1.19218
2026-02-11T06:00:00+00:00,1.19218,1.19289,1.19161,1.19190
2026-02-11T07:00:00+00:00,1.19175,1.19218,1.19147,1.19218
2026-02-11T08:00:00+00:00,1.19204,1.19232,1.19161,1.19204
2026-02-11T09:00:00+00:00,1.19218,1.19232,1.19147,1.19204
2026-02-11T10:00:00+00:00,1.19218,1.19303,1.19204,1.19275
2026-02-11T11:00:00+00:00,1.19246,1.19246,1.19104,1.19133
2026-02-11T12:00:00+00:00,1.19119,1.19119,1.19033,1.19033
2026-02-11T13:00:00+00:00,1.19033,1.19076,1.18413,1.18723
2026-02-11T14:00:00+00:00,1.18652,1.18850,1.18568,1.18610
2026-02-11T15:00:00+00:00,1.18652,1.18751,1.18554,1.18624
2026-02-11T16:00:00+00:00,1.18624,1.18864,1.18582,1.18864
2026-02-11T17:00:00+00:00,1.18864,1.18963,1.18807,1.18892
2026-02-11T18:00:00+00:00,1.18892,1.18920,1.18835,1.18878
2026-02-11T19:00:00+00:00,1.18850,1.18878,1.18821,1.18835
2026-02-11T20:00:00+00:00,1.18835,1.18850,1.18751,1.18751
2026-02-11T21:00:00+00:00,1.18737,1.18779,1.18723,1.18751
2026-02-11T22:00:00+00:00,1.18751,1.18807,1.18723,1.18793
2026-02-11T23:00:00+00:00,1.18793,1.18793,1.18737,1.18793
2026-02-12T00:00:00+00:00,1.18779,1.18807,1.18708,1.18793
2026-02-12T01:00:00+00:00,1.18793,1.18850,1.18779,1.18835
2026-02-12T02:00:00+00:00,1.18850,1.18878,1.18793,1.18821
2026-02-12T03:00:00+00:00,1.18835,1.18835,1.18694,1.18723
2026-02-12T04:00:00+00:00,1.18737,1.18751,1.18638,1.18652
2026-02-12T05:00:00+00:00,1.18666,1.18694,1.18624,1.18680
2026-02-12T06:00:00+00:00,1.18680,1.18708,1.18568,1.18666
2026-02-12T07:00:00+00:00,1.18638,1.18793,1.18638,1.18765
2026-02-12T08:00:00+00:00,1.18779,1.18835,1.18751,1.18835
2026-02-12T09:00:00+00:00,1.18835,1.18906,1.18835,1.18892
2026-02-12T10:00:00+00:00,1.18906,1.18906,1.18793,1.18807
2026-02-12T11:00:00+00:00,1.18807,1.18878,1.18793,1.18878
2026-02-12T12:00:00+00:00,1.18878,1.18892,1.18708,1.18765
2026-02-12T13:00:00+00:00,1.18765,1.18878,1.18765,1.18878
2026-02-12T14:00:00+00:00,1.18892,1.18906,1.18821,1.18850
2026-02-12T15:00:00+00:00,1.18864,1.18920,1.18821,1.18906
2026-02-12T16:00:00+00:00,1.18892,1.18934,1.18680,1.18708
2026-02-12T17:00:00+00:00,1.18751,1.18793,1.18638,1.18680
2026-02-12T18:00:00+00:00,1.18694,1.18723,1.18610,1.18680
2026-02-12T19:00:00+00:00,1.18666,1.18751,1.18652,1.18737
2026-02-12T20:00:00+00:00,1.18737,1.18737,1.18666,1.18737
2026-02-12T21:00:00+00:00,1.18737,1.18765,1.18723,1.18751
2026-02-12T22:00:00+00:00,1.18835,1.18835,1.18680,1.18694
2026-02-12T23:00:00+00:00,1.18779,1.18779,1.18694,1.18708
2026-02-13T00:00:00+00:00,1.18723,1.18751,1.18708,1.18751
2026-02-13T01:00:00+00:00,1.18765,1.18765,1.18680,1.18680
2026-02-13T02:00:00+00:00,1.18694,1.18751,1.18666,1.18723
2026-02-13T03:00:00+00:00,1.18737,1.18737,1.18694,1.18708
2026-02-13T04:00:00+00:00,1.18708,1.18708,1.18638,1.18652
2026-02-13T05:00:00+00:00,1.18666,1.18680,1.18624,1.18624
2026-02-13T06:00:00+00:00,1.18624,1.18652,1.18582,1.18596
2026-02-13T07:00:00+00:00,1.18582,1.18638,1.18511,1.18624
2026-02-13T08:00:00+00:00,1.18624,1.18666,1.18596,1.18666
2026-02-13T09:00:00+00:00,1.18652,1.18694,1.18638,1.18638
2026-02-13T10:00:00+00:00,1.18638,1.18638,1.18568,1.18596
2026-02-13T11:00:00+00:00,1.18610,1.18638,1.18596,1.18610
2026-02-13T12:00:00+00:00,1.18624,1.18666,1.18596,1.18652
2026-02-13T13:00:00+00:00,1.18666,1.18835,1.18610,1.18779
2026-02-13T14:00:00+00:00,1.18765,1.18765,1.18610,1.18638
2026-02-13T15:00:00+00:00,1.18638,1.18737,1.18526,1.18526
2026-02-13T16:00:00+00:00,1.18526,1.18765,1.18526,1.18737
2026-02-13T17:00:00+00:00,1.18737,1.18864,1.18723,1.18793
2026-02-13T18:00:00+00:00,1.18793,1.18835,1.18765,1.18765
2026-02-13T19:00:00+00:00,1.18779,1.18779,1.18694,1.18694
2026-02-13T20:00:00+00:00,1.18694,1.18779,1.18680,1.18779
2026-02-13T21:00:00+00:00,1.18779,1.18807,1.18723,1.18723
2026-02-13T22:00:00+00:00,1.18708,1.18708,1.18708,1.18708
2026-02-16T00:00:00+00:00,1.18708,1.18708,1.18652,1.18652
2026-02-16T01:00:00+00:00,1.18652,1.18694,1.18638,1.18694
2026-02-16T02:00:00+00:00,1.18694,1.18708,1.18652,1.18694
2026-02-16T03:00:00+00:00,1.18694,1.18723,1.18680,1.18708
2026-02-16T04:00:00+00:00,1.18708,1.18708,1.18652,1.18666
2026-02-16T05:00:00+00:00,1.18652,1.18694,1.18652,1.18680
2026-02-16T06:00:00+00:00,1.18680,1.18737,1.18680,1.18694
2026-02-16T07:00:00+00:00,1.18694,1.18694,1.18652,1.18666
2026-02-16T08:00:00+00:00,1.18666,1.18737,1.18610,1.18694
2026-02-16T09:00:00+00:00,1.18680,1.18723,1.18652,1.18680
2026-02-16T10:00:00+00:00,1.18680,1.18708,1.18666,1.18708
2026-02-16T11:00:00+00:00,1.18708,1.18708,1.18638,1.18652
2026-02-16T12:00:00+00:00,1.18652,1.18666,1.18540,1.18554
2026-02-16T13:00:00+00:00,1.18596,1.18610,1.18526,1.18582
2026-02-16T14:00:00+00:00,1.18596,1.18652,1.18568,1.18596
2026-02-16T15:00:00+00:00,1.18610,1.18610,1.18554,1.18582
2026-02-16T16:00:00+00:00,1.18568,1.18596,1.18511,1.18554
2026-02-16T17:00:00+00:00,1.18554,1.18568,1.18497,1.18526
2026-02-16T18:00:00+00:00,1.18540,1.18540,1.18526,1.18526
2026-02-16T19:00:00+00:00,1.18526,1.18582,1.18526,1.18582
2026-02-16T20:00:00+00:00,1.18582,1.18582,1.18554,1.18582
2026-02-16T21:00:00+00:00,1.18568,1.18582,1.18540,1.18554
2026-02-16T22:00:00+00:00,1.18483,1.18596,1.18483,1.18526
2026-02-16T23:00:00+00:00,1.18554,1.18554,1.18511,1.18526
2026-02-17T00:00:00+00:00,1.18540,1.18554,1.18455,1.18483
2026-02-17T01:00:00+00:00,1.18483,1.18483,1.18441,1.18469
2026-02-17T02:00:00+00:00,1.18483,1.18497,1.18441,1.18455
2026-02-17T03:00:00+00:00,1.18455,1.18455,1.18427,1.18441
2026-02-17T04:00:00+00:00,1.18455,1.18455,1.18427,1.18441
2026-02-17T05:00:00+00:00,1.18455,1.18455,1.18399,1.18455
2026-02-17T06:00:00+00:00,1.18455,1.18497,1.18455,1.18483
2026-02-17T07:00:00+00:00,1.18455,1.18455,1.18329,1.18371
2026-02-17T08:00:00+00:00,1.18371,1.18483,1.18343,1.18441
2026-02-17T09:00:00+00:00,1.18455,1.18526,1.18441,1.18497
2026-02-17T10:00:00+00:00,1.18469,1.18511,1.18455,1.18469
2026-02-17T11:00:00+00:00,1.18469,1.18483,1.18315,1.18329
2026-02-17T12:00:00+00:00,1.18343,1.18385,1.18315,1.18315
2026-02-17T13:00:00+00:00,1.18315,1.18343,1.18203,1.18245
2026-02-17T14:00:00+00:00,1.18245,1.18301,1.18203,1.18259
2026-02-17T15:00:00+00:00,1.18245,1.18245,1.18092,1.18147
2026-02-17T16:00:00+00:00,1.18147,1.18385,1.18147,1.18343
2026-02-17T17:00:00+00:00,1.18329,1.18455,1.18329,1.18441
2026-02-17T18:00:00+00:00,1.18441,1.18568,1.18441,1.18526
2026-02-17T19:00:00+00:00,1.18526,1.18540,1.18469,1.18511
2026-02-17T20:00:00+00:00,1.18511,1.18554,1.18511,1.18554
2026-02-17T21:00:00+00:00,1.18554,1.18582,1.18540,1.18568
2026-02-17T22:00:00+00:00,1.18582,1.18596,1.18511,1.18568
2026-02-17T23:00:00+00:00,1.18596,1.18610,1.18540,1.18554
2026-02-18T00:00:00+00:00,1.18554,1.18568,1.18511,1.18511
2026-02-18T01:00:00+00:00,1.18497,1.18511,1.18469,1.18497
2026-02-18T02:00:00+00:00,1.18483,1.18511,1.18455,1.18483
2026-02-18T03:00:00+00:00,1.18483,1.18497,1.18441,1.18441
2026-02-18T04:00:00+00:00,1.18455,1.18469,1.18427,1.18455
2026-02-18T05:00:00+00:00,1.18455,1.18497,1.18455,1.18497
2026-02-18T06:00:00+00:00,1.18497,1.18497,1.18441,1.18497
2026-02-18T07:00:00+00:00,1.18497,1.18497,1.18371,1.18385
2026-02-18T08:00:00+00:00,1.18385,1.18413,1.18329,1.18343
2026-02-18T09:00:00+00:00,1.18343,1.18413,1.18329,1.18399
2026-02-18T10:00:00+00:00,1.18399,1.18441,1.18343,1.18357
2026-02-18T11:00:00+00:00,1.18357,1.18413,1.18343,1.18385
2026-02-18T12:00:00+00:00,1.18385,1.18497,1.18385,1.18441
2026-02-18T13:00:00+00:00,1.18441,1.18526,1.18273,1.18273
2026-02-18T14:00:00+00:00,1.18287,1.18315,1.18161,1.18189
2026-02-18T15:00:00+00:00,1.18189,1.18287,1.18189,1.18259
2026-02-18T16:00:00+00:00,1.18245,1.18287,1.18133,1.18147
2026-02-18T17:00:00+00:00,1.18133,1.18175,1.18064,1.18078
2026-02-18T18:00:00+00:00,1.18092,1.18106,1.17911,1.17938
2026-02-18T19:00:00+00:00,1.17911,1.17952,1.17883,1.17911
2026-02-18T20:00:00+00:00,1.17897,1.17938,1.17855,1.17869
2026-02-18T21:00:00+00:00,1.17869,1.17911,1.17869,1.17869
2026-02-18T22:00:00+00:00,1.17952,1.17952,1.17841,1.17897
2026-02-18T23:00:00+00:00,1.17897,1.17925,1.17897,1.17925
2026-02-19T00:00:00+00:00,1.17925,1.17952,1.17883,1.17925
2026-02-19T01:00:00+00:00,1.17938,1.17980,1.17938,1.17980
2026-02-19T02:00:00+00:00,1.17980,1.17994,1.17938,1.17938
2026-02-19T03:00:00+00:00,1.17952,1.17966,1.17925,1.17952
2026-02-19T04:00:00+00:00,1.17952,1.17952,1.17883,1.17925
2026-02-19T05:00:00+00:00,1.17925,1.17966,1.17911,1.17952
2026-02-19T06:00:00+00:00,1.17952,1.18036,1.17938,1.18022
2026-02-19T07:00:00+00:00,1.17994,1.18064,1.17966,1.18050
2026-02-19T08:00:00+00:00,1.18036,1.18078,1.18008,1.18036
2026-02-19T09:00:00+00:00,1.18050,1.18106,1.18022,1.18036
2026-02-19T10:00:00+00:00,1.18036,1.18064,1.17911,1.17911
2026-02-19T11:00:00+00:00,1.17925,1.17938,1.17813,1.17841
2026-02-19T12:00:00+00:00,1.17827,1.17841,1.17716,1.17716
2026-02-19T13:00:00+00:00,1.17730,1.17730,1.17564,1.17675
2026-02-19T14:00:00+00:00,1.17675,1.17675,1.17454,1.17536
2026-02-19T15:00:00+00:00,1.17564,1.17772,1.17564,1.17661
2026-02-19T16:00:00+00:00,1.17661,1.17730,1.17619,1.17633
2026-02-19T17:00:00+00:00,1.17647,1.17716,1.17592,1.17702
2026-02-19T18:00:00+00:00,1.17689,1.17772,1.17689,1.17716
2026-02-19T19:00:00+00:00,1.17730,1.17744,1.17633,1.17661
2026-02-19T20:00:00+00:00,1.17675,1.17716,1.17675,1.17716
2026-02-19T21:00:00+00:00,1.17716,1.17813,1.17716,1.17758
2026-02-19T22:00:00+00:00,1.17730,1.17786,1.17730,1.17744
2026-02-19T23:00:00+00:00,1.17744,1.17799,1.17716,1.17716
2026-02-20T00:00:00+00:00,1.17730,1.17758,1.17702,1.17730
2026-02-20T01:00:00+00:00,1.17730,1.17744,1.17592,1.17619
2026-02-20T02:00:00+00:00,1.17619,1.17619,1.17578,1.17592
2026-02-20T03:00:00+00:00,1.17592,1.17619,1.17592,1.17619
2026-02-20T04:00:00+00:00,1.17619,1.17633,1.17564,1.17564
2026-02-20T05:00:00+00:00,1.17564,1.17592,1.17536,1.17592
2026-02-20T06:00:00+00:00,1.17578,1.17606,1.17550,1.17592
2026-02-20T07:00:00+00:00,1.17606,1.17661,1.17536,1.17550
2026-02-20T08:00:00+00:00,1.17564,1.17675,1.17481,1.17647
2026-02-20T09:00:00+00:00,1.17647,1.17716,1.17633,1.17702
2026-02-20T10:00:00+00:00,1.17689,1.17716,1.17619,1.17661
2026-02-20T11:00:00+00:00,1.17675,1.17730,1.17633,1.17702
2026-02-20T12:00:00+00:00,1.17702,1.17730,1.17675,1.17689
2026-02-20T13:00:00+00:00,1.17689,1.17799,1.17619,1.17702
2026-02-20T14:00:00+00:00,1.17730,1.17730,1.17606,1.17716
2026-02-20T15:00:00+00:00,1.17716,1.18092,1.17606,1.17897
2026-02-20T16:00:00+00:00,1.17925,1.18008,1.17772,1.17827
2026-02-20T17:00:00+00:00,1.17827,1.17883,1.17702,1.17841
2026-02-20T18:00:00+00:00,1.17841,1.18008,1.17813,1.17883
2026-02-20T19:00:00+00:00,1.17897,1.17925,1.17827,1.17841
2026-02-20T20:00:00+00:00,1.17827,1.17911,1.17813,1.17897
2026-02-20T21:00:00+00:00,1.17897,1.17952,1.17855,1.17855
2026-02-20T22:00:00+00:00,1.17855,1.17855,1.17855,1.17855
2026-02-23T00:00:00+00:00,1.18357,1.18371,1.18273,1.18329
2026-02-23T01:00:00+00:00,1.18357,1.18357,1.18245,1.18287
2026-02-23T02:00:00+00:00,1.18301,1.18343,1.18273,1.18301
2026-02-23T03:00:00+00:00,1.18315,1.18315,1.18217,1.18273
2026-02-23T04:00:00+00:00,1.18273,1.18273,1.18217,1.18245
2026-02-23T05:00:00+00:00,1.18245,1.18245,1.18189,1.18245
2026-02-23T06:00:00+00:00,1.18231,1.18371,1.18217,1.18287
2026-02-23T07:00:00+00:00,1.18273,1.18301,1.18231,1.18259
2026-02-23T08:00:00+00:00,1.18273,1.18273,1.18106,1.18161
2026-02-23T09:00:00+00:00,1.18133,1.18161,1.18036,1.18050
2026-02-23T10:00:00+00:00,1.18050,1.18050,1.17994,1.18022
2026-02-23T11:00:00+00:00,1.18022,1.18022,1.17841,1.17897
2026-02-23T12:00:00+00:00,1.17897,1.17897,1.17786,1.17841
2026-02-23T13:00:00+00:00,1.17855,1.18008,1.17841,1.17994
2026-02-23T14:00:00+00:00,1.18008,1.18106,1.17980,1.18092
2026-02-23T15:00:00+00:00,1.18106,1.18133,1.17980,1.17980
2026-02-23T16:00:00+00:00,1.17966,1.18092,1.17925,1.18050
2026-02-23T17:00:00+00:00,1.18078,1.18106,1.17938,1.18022
2026-02-23T18:00:00+00:00,1.18022,1.18036,1.17994,1.18022
2026-02-23T19:00:00+00:00,1.18022,1.18036,1.17925,1.17952
2026-02-23T20:00:00+00:00,1.17952,1.17966,1.17911,1.17925
2026-02-23T21:00:00+00:00,1.17925,1.17952,1.17897,1.17897
2026-02-23T22:00:00+00:00,1.17883,1.17994,1.17855,1.17883
2026-02-23T23:00:00+00:00,1.17911,1.17980,1.17911,1.17966
2026-02-24T00:00:00+00:00,1.17966,1.17994,1.17911,1.17925
2026-02-24T01:00:00+00:00,1.17897,1.17897,1.17758,1.17827
2026-02-24T02:00:00+00:00,1.17855,1.17883,1.17813,1.17869
2026-02-24T03:00:00+00:00,1.17869,1.17883,1.17786,1.17786
2026-02-24T04:00:00+00:00,1.17786,1.17799,1.17716,1.17730
2026-02-24T05:00:00+00:00,1.17730,1.17827,1.17730,1.17827
2026-02-24T06:00:00+00:00,1.17827,1.17855,1.17813,1.17841
2026-02-24T07:00:00+00:00,1.17827,1.17855,1.17744,1.17813
2026-02-24T08:00:00+00:00,1.17827,1.17925,1.17786,1.17897
2026-02-24T09:00:00+00:00,1.17869,1.17966,1.17869,1.17925
2026-02-24T10:00:00+00:00,1.17911,1.17938,1.17869,1.17897
2026-02-24T11:00:00+00:00,1.17897,1.17897,1.17827,1.17841
2026-02-24T12:00:00+00:00,1.17841,1.17855,1.17772,1.17841
2026-02-24T13:00:00+00:00,1.17841,1.17841,1.17716,1.17758
2026-02-24T14:00:00+00:00,1.17758,1.17813,1.17716,1.17786
2026-02-24T15:00:00+00:00,1.17758,1.17841,1.17702,1.17758
2026-02-24T16:00:00+00:00,1.17758,1.17938,1.17758,1.17911
2026-02-24T17:00:00+00:00,1.17925,1.17925,1.17855,1.17897
2026-02-24T18:00:00+00:00,1.17897,1.17911,1.17813,1.17813
2026-02-24T19:00:00+00:00,1.17827,1.17869,1.17799,1.17827
2026-02-24T20:00:00+00:00,1.17827,1.17869,1.17799,1.17799
2026-02-24T21:00:00+00:00,1.17786,1.17799,1.17772,1.17772
2026-02-24T22:00:00+00:00,1.17744,1.17813,1.17730,1.17786
2026-02-24T23:00:00+00:00,1.17772,1.17799,1.17772,1.17772
2026-02-25T00:00:00+00:00,1.17786,1.17827,1.17772,1.17827
2026-02-25T01:00:00+00:00,1.17813,1.17855,1.17799,1.17813
2026-02-25T02:00:00+00:00,1.17813,1.17966,1.17813,1.17938
2026-02-25T03:00:00+00:00,1.17966,1.17966,1.17897,1.17938
2026-02-25T04:00:00+00:00,1.17925,1.17994,1.17925,1.17980
2026-02-25T05:00:00+00:00,1.17994,1.18092,1.17994,1.18050
2026-02-25T06:00:00+00:00,1.18050,1.18092,1.18022,1.18092
2026-02-25T07:00:00+00:00,1.18092,1.18106,1.18022,1.18022
2026-02-25T08:00:00+00:00,1.18008,1.18036,1.17938,1.17952
2026-02-25T09:00:00+00:00,1.17925,1.17966,1.17897,1.17925
2026-02-25T10:00:00+00:00,1.17911,1.17911,1.17841,1.17841
2026-02-25T11:00:00+00:00,1.17813,1.17841,1.17744,1.17772
2026-02-25T12:00:00+00:00,1.17786,1.17897,1.17786,1.17897
2026-02-25T13:00:00+00:00,1.17897,1.17938,1.17772,1.17772
2026-02-25T14:00:00+00:00,1.17786,1.17925,1.17772,1.17925
2026-02-25T15:00:00+00:00,1.17897,1.18036,1.17883,1.18022
2026-02-25T16:00:00+00:00,1.18050,1.18106,1.18022,1.18078
2026-02-25T17:00:00+00:00,1.18078,1.18175,1.18064,1.18106
2026-02-25T18:00:00+00:00,1.18120,1.18147,1.18078,1.18078
2026-02-25T19:00:00+00:00,1.18078,1.18133,1.18064,1.18106
2026-02-25T20:00:00+00:00,1.18092,1.18120,1.18092,1.18092
2026-02-25T21:00:00+00:00,1.18092,1.18161,1.18064,1.18133
2026-02-25T22:00:00+00:00,1.18161,1.18175,1.18092,1.18147
2026-02-25T23:00:00+00:00,1.18161,1.18189,1.18147,1.18189
2026-02-26T00:00:00+00:00,1.18189,1.18231,1.18161,1.18203
2026-02-26T01:00:00+00:00,1.18217,1.18329,1.18217,1.18315
2026-02-26T02:00:00+00:00,1.18315,1.18315,1.18175,1.18217
2026-02-26T03:00:00+00:00,1.18217,1.18259,1.18203,1.18217
2026-02-26T04:00:00+00:00,1.18203,1.18217,1.18161,1.18217
2026-02-26T05:00:00+00:00,1.18217,1.18259,1.18203,1.18217
2026-02-26T06:00:00+00:00,1.18231,1.18259,1.18189,1.18231
2026-02-26T07:00:00+00:00,1.18217,1.18217,1.18120,1.18203
2026-02-26T08:00:00+00:00,1.18189,1.18189,1.18064,1.18078
2026-02-26T09:00:00+00:00,1.18064,1.18092,1.18008,1.18022
2026-02-26T10:00:00+00:00,1.18008,1.18022,1.17980,1.18022
2026-02-26T11:00:00+00:00,1.18022,1.18092,1.18022,1.18050
2026-02-26T12:00:00+00:00,1.18050,1.18133,1.18036,1.18120
2026-02-26T13:00:00+00:00,1.18133,1.18203,1.18064,1.18106
2026-02-26T14:00:00+00:00,1.18106,1.18189,1.18064,1.18147
2026-02-26T15:00:00+00:00,1.18161,1.18161,1.17855,1.18022
2026-02-26T16:00:00+00:00,1.18022,1.18022,1.17897,1.17952
2026-02-26T17:00:00+00:00,1.17952,1.17952,1.17772,1.17772
2026-02-26T18:00:00+00:00,1.17799,1.17897,1.17786,1.17869
2026-02-26T19:00:00+00:00,1.17883,1.18008,1.17883,1.18008
2026-02-26T20:00:00+00:00,1.18008,1.18064,1.17994,1.18064
2026-02-26T21:00:00+00:00,1.18050,1.18064,1.18008,1.18008
2026-02-26T22:00:00+00:00,1.18050,1.18050,1.17938,1.18022
2026-02-26T23:00:00+00:00,1.18008,1.18064,1.18008,1.18064
2026-02-27T00:00:00+00:00,1.18064,1.18092,1.17994,1.17994
2026-02-27T01:00:00+00:00,1.18008,1.18050,1.17938,1.17938
2026-02-27T02:00:00+00:00,1.17938,1.18050,1.17938,1.18036
2026-02-27T03:00:00+00:00,1.18036,1.18106,1.18036,1.18078
2026-02-27T04:00:00+00:00,1.18078,1.18161,1.18064,1.18147
2026-02-27T05:00:00+00:00,1.18147,1.18147,1.18106,1.18120
2026-02-27T06:00:00+00:00,1.18120,1.18147,1.18064,1.18092
2026-02-27T07:00:00+00:00,1.18064,1.18217,1.18008,1.18189
2026-02-27T08:00:00+00:00,1.18189,1.18245,1.18120,1.18120
2026-02-27T09:00:00+00:00,1.18092,1.18147,1.17980,1.17980
2026-02-27T10:00:00+00:00,1.17980,1.18064,1.17980,1.18022
2026-02-27T11:00:00+00:00,1.18022,1.18078,1.17994,1.18036
2026-02-27T12:00:00+00:00,1.18036,1.18120,1.18022,1.18064
2026-02-27T13:00:00+00:00,1.18064,1.18092,1.17952,1.17980
2026-02-27T14:00:00+00:00,1.17966,1.18175,1.17952,1.18008
2026-02-27T15:00:00+00:00,1.18008,1.18203,1.18008,1.18106
2026-02-27T16:00:00+00:00,1.18106,1.18287,1.18106,1.18245
2026-02-27T17:00:00+00:00,1.18259,1.18301,1.18203,1.18217
2026-02-27T18:00:00+00:00,1.18203,1.18217,1.18161,1.18217
2026-02-27T19:00:00+00:00,1.18217,1.18259,1.18203,1.18231
2026-02-27T20:00:00+00:00,1.18231,1.18287,1.18189,1.18189
2026-02-27T21:00:00+00:00,1.18189,1.18259,1.18147,1.18259
2026-02-27T22:00:00+00:00,1.18175,1.18175,1.18175,1.18175
2026-03-02T00:00:00+00:00,1.17619,1.17786,1.17619,1.17772
2026-03-02T01:00:00+00:00,1.17813,1.17980,1.17786,1.17938
2026-03-02T02:00:00+00:00,1.17952,1.17952,1.17855,1.17925
2026-03-02T03:00:00+00:00,1.17925,1.17994,1.17925,1.17925
2026-03-02T04:00:00+00:00,1.17925,1.17938,1.17855,1.17897
2026-03-02T05:00:00+00:00,1.17883,1.17883,1.17702,1.17702
2026-03-02T06:00:00+00:00,1.17702,1.17702,1.17343,1.17357
2026-03-02T07:00:00+00:00,1.17357,1.17371,1.17096,1.17192
2026-03-02T08:00:00+00:00,1.17220,1.17275,1.17014,1.17261
2026-03-02T09:00:00+00:00,1.17247,1.17467,1.17247,1.17371
2026-03-02T10:00:00+00:00,1.17385,1.17495,1.17371,1.17412
2026-03-02T11:00:00+00:00,1.17412,1.17440,1.17302,1.17371
2026-03-02T12:00:00+00:00,1.17343,1.17371,1.17069,1.17082
2026-03-02T13:00:00+00:00,1.17082,1.17192,1.17000,1.17014
2026-03-02T14:00:00+00:00,1.17000,1.17247,1.16986,1.17206
2026-03-02T15:00:00+00:00,1.17165,1.17178,1.16836,1.16836
2026-03-02T16:00:00+00:00,1.16836,1.16973,1.16754,1.16959
2026-03-02T17:00:00+00:00,1.16932,1.17110,1.16918,1.17110
2026-03-02T18:00:00+00:00,1.17096,1.17096,1.16904,1.16986
2026-03-02T19:00:00+00:00,1.16986,1.17165,1.16986,1.17151
2026-03-02T20:00:00+00:00,1.17151,1.17165,1.16836,1.16945
2026-03-02T21:00:00+00:00,1.16932,1.16986,1.16932,1.16932
2026-03-02T22:00:00+00:00,1.16959,1.16959,1.16904,1.16904
2026-03-02T23:00:00+00:00,1.16904,1.17014,1.16904,1.17000
2026-03-03T00:00:00+00:00,1.16973,1.16986,1.16904,1.16973
2026-03-03T01:00:00+00:00,1.16986,1.17096,1.16973,1.17000
2026-03-03T02:00:00+00:00,1.16986,1.17014,1.16904,1.16973
2026-03-03T03:00:00+00:00,1.16986,1.17000,1.16904,1.16945
2026-03-03T04:00:00+00:00,1.16945,1.16959,1.16836,1.16836
2026-03-03T05:00:00+00:00,1.16850,1.16877,1.16686,1.16713
2026-03-03T06:00:00+00:00,1.16700,1.16741,1.16659,1.16727
2026-03-03T07:00:00+00:00,1.16727,1.16727,1.16482,1.16482
2026-03-03T08:00:00+00:00,1.16469,1.16469,1.16225,1.16252
2026-03-03T09:00:00+00:00,1.16279,1.16320,1.16036,1.16104
2026-03-03T10:00:00+00:00,1.16104,1.16158,1.15942,1.15942
2026-03-03T11:00:00+00:00,1.15955,1.16050,1.15861,1.15996
2026-03-03T12:00:00+00:00,1.15996,1.16184,1.15942,1.16184
2026-03-03T13:00:00+00:00,1.16158,1.16171,1.15955,1.15955
2026-03-03T14:00:00+00:00,1.15969,1.16009,1.15701,1.15701
2026-03-03T15:00:00+00:00,1.15727,1.15848,1.15354,1.15768
2026-03-03T16:00:00+00:00,1.15768,1.16090,1.15741,1.16090
2026-03-03T17:00:00+00:00,1.16050,1.16063,1.15915,1.15955
2026-03-03T18:00:00+00:00,1.15942,1.16239,1.15942,1.16198
2026-03-03T19:00:00+00:00,1.16198,1.16279,1.16050,1.16184
2026-03-03T20:00:00+00:00,1.16171,1.16266,1.16158,1.16212
2026-03-03T21:00:00+00:00,1.16212,1.16212,1.16131,1.16158
2026-03-03T22:00:00+00:00,1.16198,1.16225,1.16090,1.16144
2026-03-03T23:00:00+00:00,1.16184,1.16239,1.16144,1.16158
2026-03-04T00:00:00+00:00,1.16131,1.16131,1.15969,1.15969
2026-03-04T01:00:00+00:00,1.15969,1.16009,1.15794,1.15969
2026-03-04T02:00:00+00:00,1.15969,1.16077,1.15955,1.16023
2026-03-04T03:00:00+00:00,1.16009,1.16131,1.15996,1.16117
2026-03-04T04:00:00+00:00,1.16131,1.16131,1.15955,1.15982
2026-03-04T05:00:00+00:00,1.15955,1.16023,1.15902,1.15982
2026-03-04T06:00:00+00:00,1.15969,1.16212,1.15929,1.16144
2026-03-04T07:00:00+00:00,1.16158,1.16279,1.16158,1.16212
2026-03-04T08:00:00+00:00,1.16198,1.16198,1.16009,1.16023
2026-03-04T09:00:00+00:00,1.16023,1.16239,1.15996,1.16117
2026-03-04T10:00:00+00:00,1.16131,1.16482,1.16131,1.16374
2026-03-04T11:00:00+00:00,1.16374,1.16577,1.16360,1.16387
2026-03-04T12:00:00+00:00,1.16387,1.16509,1.16306,1.16306
2026-03-04T13:00:00+00:00,1.16360,1.16537,1.16347,1.16360
2026-03-04T14:00:00+00:00,1.16347,1.16428,1.16266,1.16279
2026-03-04T15:00:00+00:00,1.16279,1.16428,1.16212,1.16414
2026-03-04T16:00:00+00:00,1.16442,1.16482,1.16333,1.16401
2026-03-04T17:00:00+00:00,1.16414,1.16455,1.16306,1.16360
2026-03-04T18:00:00+00:00,1.16360,1.16360,1.16266,1.16266
2026-03-04T19:00:00+00:00,1.16293,1.16442,1.16293,1.16442
2026-03-04T20:00:00+00:00,1.16442,1.16469,1.16428,1.16455
2026-03-04T21:00:00+00:00,1.16442,1.16455,1.16387,1.16428
2026-03-04T22:00:00+00:00,1.16360,1.16401,1.16333,1.16374
2026-03-04T23:00:00+00:00,1.16387,1.16428,1.16374,1.16387
2026-03-05T00:00:00+00:00,1.16374,1.16496,1.16360,1.16482
2026-03-05T01:00:00+00:00,1.16482,1.16496,1.16320,1.16320
2026-03-05T02:00:00+00:00,1.16306,1.16347,1.16266,1.16293
2026-03-05T03:00:00+00:00,1.16293,1.16306,1.16131,1.16158
2026-03-05T04:00:00+00:00,1.16158,1.16184,1.16104,1.16117
2026-03-05T05:00:00+00:00,1.16117,1.16171,1.15982,1.15982
2026-03-05T06:00:00+00:00,1.15982,1.16171,1.15915,1.16090
2026-03-05T07:00:00+00:00,1.16117,1.16198,1.16050,1.16090
2026-03-05T08:00:00+00:00,1.16063,1.16063,1.15861,1.16023
2026-03-05T09:00:00+00:00,1.16009,1.16428,1.16009,1.16266
2026-03-05T10:00:00+00:00,1.16266,1.16306,1.16090,1.16144
2026-03-05T11:00:00+00:00,1.16144,1.16198,1.16077,1.16144
2026-03-05T12:00:00+00:00,1.16131,1.16279,1.16104,1.16252
2026-03-05T13:00:00+00:00,1.16225,1.16266,1.15942,1.16009
2026-03-05T14:00:00+00:00,1.16009,1.16117,1.15969,1.16050
2026-03-05T15:00:00+00:00,1.16090,1.16117,1.15741,1.15875
2026-03-05T16:00:00+00:00,1.15848,1.15902,1.15634,1.15861
2026-03-05T17:00:00+00:00,1.15875,1.15929,1.15768,1.15915
2026-03-05T18:00:00+00:00,1.15915,1.15955,1.15754,1.15902
2026-03-05T19:00:00+00:00,1.15888,1.15902,1.15741,1.15741
2026-03-05T20:00:00+00:00,1.15768,1.16131,1.15741,1.16077
2026-03-05T21:00:00+00:00,1.16077,1.16131,1.16063,1.16117
2026-03-05T22:00:00+00:00,1.16144,1.16171,1.16009,1.16158
2026-03-05T23:00:00+00:00,1.16131,1.16144,1.16077,1.16117
2026-03-06T00:00:00+00:00,1.16090,1.16171,1.16077,1.16144
2026-03-06T01:00:00+00:00,1.16144,1.16239,1.16104,1.16184
2026-03-06T02:00:00+00:00,1.16184,1.16225,1.16171,1.16198
2026-03-06T03:00:00+00:00,1.16198,1.16239,1.16184,1.16239
2026-03-06T04:00:00+00:00,1.16239,1.16239,1.16171,1.16171
2026-03-06T05:00:00+00:00,1.16158,1.16198,1.16090,1.16090
2026-03-06T06:00:00+00:00,1.16117,1.16158,1.16063,1.16144
2026-03-06T07:00:00+00:00,1.16144,1.16212,1.16104,1.16171
2026-03-06T08:00:00+00:00,1.16171,1.16171,1.16063,1.16063
2026-03-06T09:00:00+00:00,1.16050,1.16050,1.15754,1.15781
2026-03-06T10:00:00+00:00,1.15781,1.15875,1.15768,1.15835
2026-03-06T11:00:00+00:00,1.15821,1.15835,1.15647,1.15660
2026-03-06T12:00:00+00:00,1.15674,1.15714,1.15567,1.15580
2026-03-06T13:00:00+00:00,1.15607,1.15942,1.15553,1.15607
2026-03-06T14:00:00+00:00,1.15607,1.15781,1.15513,1.15741
2026-03-06T15:00:00+00:00,1.15794,1.15942,1.15754,1.15821
2026-03-06T16:00:00+00:00,1.15835,1.16158,1.15835,1.16104
2026-03-06T17:00:00+00:00,1.16090,1.16104,1.15982,1.15996
2026-03-06T18:00:00+00:00,1.15996,1.16225,1.15969,1.16050
2026-03-06T19:00:00+00:00,1.16023,1.16117,1.16009,1.16063
2026-03-06T20:00:00+00:00,1.16063,1.16117,1.15996,1.16090
2026-03-06T21:00:00+00:00,1.16090,1.16225,1.16090,1.16212
2026-03-06T22:00:00+00:00,1.16252,1.16252,1.16212,1.16212
2026-03-09T00:00:00+00:00,1.15260,1.15340,1.15194,1.15207
2026-03-09T01:00:00+00:00,1.15194,1.15260,1.15115,1.15128
2026-03-09T02:00:00+00:00,1.15154,1.15300,1.15128,1.15287
2026-03-09T03:00:00+00:00,1.15314,1.15314,1.15168,1.15194
2026-03-09T04:00:00+00:00,1.15221,1.15327,1.15194,1.15287
2026-03-09T05:00:00+00:00,1.15287,1.15741,1.15287,1.15714
2026-03-09T06:00:00+00:00,1.15687,1.15714,1.15500,1.15500
2026-03-09T07:00:00+00:00,1.15553,1.15674,1.15407,1.15660
2026-03-09T08:00:00+00:00,1.15687,1.15687,1.15207,1.15380
2026-03-09T09:00:00+00:00,1.15393,1.15741,1.15354,1.15580
2026-03-09T10:00:00+00:00,1.15567,1.15660,1.15513,1.15647
2026-03-09T11:00:00+00:00,1.15634,1.15701,1.15594,1.15634
2026-03-09T12:00:00+00:00,1.15647,1.15714,1.15540,1.15567
2026-03-09T13:00:00+00:00,1.15594,1.15902,1.15580,1.15794
2026-03-09T14:00:00+00:00,1.15781,1.15794,1.15513,1.15768
2026-03-09T15:00:00+00:00,1.15794,1.15969,1.15794,1.15955
2026-03-09T16:00:00+00:00,1.15969,1.16023,1.15902,1.15915
2026-03-09T17:00:00+00:00,1.15915,1.15915,1.15821,1.15821
2026-03-09T18:00:00+00:00,1.15835,1.15875,1.15794,1.15794
2026-03-09T19:00:00+00:00,1.15794,1.16347,1.15794,1.16117
2026-03-09T20:00:00+00:00,1.16171,1.16401,1.16158,1.16387
2026-03-09T21:00:00+00:00,1.16401,1.16428,1.16320,1.16401
2026-03-09T22:00:00+00:00,1.16442,1.16482,1.16266,1.16320
2026-03-09T23:00:00+00:00,1.16320,1.16347,1.16184,1.16198
2026-03-10T00:00:00+00:00,1.16198,1.16387,1.16158,1.16293
2026-03-10T01:00:00+00:00,1.16293,1.16320,1.16158,1.16239
2026-03-10T02:00:00+00:00,1.16252,1.16306,1.16158,1.16158
2026-03-10T03:00:00+00:00,1.16171,1.16184,1.16117,1.16131
2026-03-10T04:00:00+00:00,1.16104,1.16184,1.16104,1.16158
2026-03-10T05:00:00+00:00,1.16158,1.16225,1.16158,1.16225
2026-03-10T06:00:00+00:00,1.16252,1.16401,1.16252,1.16360
2026-03-10T07:00:00+00:00,1.16333,1.16659,1.16320,1.16645
2026-03-10T08:00:00+00:00,1.16604,1.16632,1.16469,1.16496
2026-03-10T09:00:00+00:00,1.16482,1.16618,1.16482,1.16550
2026-03-10T10:00:00+00:00,1.16537,1.16537,1.16239,1.16428
2026-03-10T11:00:00+00:00,1.16428,1.16564,1.16401,1.16428
2026-03-10T12:00:00+00:00,1.16442,1.16442,1.16252,1.16374
2026-03-10T13:00:00+00:00,1.16401,1.16509,1.16333,1.16360
2026-03-10T14:00:00+00:00,1.16320,1.16523,1.16320,1.16523
2026-03-10T15:00:00+00:00,1.16537,1.16577,1.16442,1.16509
2026-03-10T16:00:00+00:00,1.16482,1.16577,1.16428,1.16550
2026-03-10T17:00:00+00:00,1.16564,1.16700,1.16455,1.16482
2026-03-10T18:00:00+00:00,1.16482,1.16482,1.16184,1.16279
2026-03-10T19:00:00+00:00,1.16279,1.16320,1.16131,1.16171
2026-03-10T20:00:00+00:00,1.16171,1.16184,1.16117,1.16144
2026-03-10T21:00:00+00:00,1.16158,1.16198,1.16090,1.16090
2026-03-10T22:00:00+00:00,1.16131,1.16158,1.16063,1.16090
2026-03-10T23:00:00+00:00,1.16104,1.16144,1.16090,1.16144
2026-03-11T00:00:00+00:00,1.16158,1.16279,1.16104,1.16225
2026-03-11T01:00:00+00:00,1.16225,1.16306,1.16158,1.16306
2026-03-11T02:00:00+00:00,1.16306,1.16320,1.16225,1.16293
2026-03-11T03:00:00+00:00,1.16306,1.16347,1.16293,1.16333
2026-03-11T04:00:00+00:00,1.16333,1.16387,1.16320,1.16374
2026-03-11T05:00:00+00:00,1.16374,1.16387,1.16333,1.16360
2026-03-11T06:00:00+00:00,1.16374,1.16428,1.16333,1.16374
2026-03-11T07:00:00+00:00,1.16374,1.16442,1.16184,1.16212
2026-03-11T08:00:00+00:00,1.16184,1.16239,1.16090,1.16158
2026-03-11T09:00:00+00:00,1.16090,1.16090,1.15942,1.15955
2026-03-11T10:00:00+00:00,1.15955,1.16144,1.15955,1.16104
2026-03-11T11:00:00+00:00,1.16104,1.16131,1.15996,1.15996
2026-03-11T12:00:00+00:00,1.15982,1.16050,1.15821,1.15848
2026-03-11T13:00:00+00:00,1.15888,1.15955,1.15835,1.15955
2026-03-11T14:00:00+00:00,1.16023,1.16131,1.15848,1.15848
2026-03-11T15:00:00+00:00,1.15861,1.15861,1.15701,1.15701
2026-03-11T16:00:00+00:00,1.15687,1.15781,1.15674,1.15741
2026-03-11T17:00:00+00:00,1.15741,1.15794,1.15674,1.15741
2026-03-11T18:00:00+00:00,1.15754,1.15781,1.15674,1.15754
2026-03-11T19:00:00+00:00,1.15741,1.15794,1.15727,1.15768
2026-03-11T20:00:00+00:00,1.15754,1.15754,1.15687,1.15701
2026-03-11T21:00:00+00:00,1.15701,1.15781,1.15701,1.15781
2026-03-11T22:00:00+00:00,1.15754,1.15754,1.15527,1.15540
2026-03-11T23:00:00+00:00,1.15553,1.15553,1.15433,1.15460
2026-03-12T00:00:00+00:00,1.15447,1.15527,1.15380,1.15487
2026-03-12T01:00:00+00:00,1.15500,1.15580,1.15487,1.15540
2026-03-12T02:00:00+00:00,1.15540,1.15567,1.15367,1.15420
2026-03-12T03:00:00+00:00,1.15420,1.15433,1.15367,1.15420
2026-03-12T04:00:00+00:00,1.15420,1.15433,1.15354,1.15367
2026-03-12T05:00:00+00:00,1.15367,1.15487,1.15367,1.15433
2026-03-12T06:00:00+00:00,1.15447,1.15540,1.15447,1.15513
2026-03-12T07:00:00+00:00,1.15500,1.15553,1.15460,1.15540
2026-03-12T08:00:00+00:00,1.15567,1.15594,1.15473,1.15500
2026-03-12T09:00:00+00:00,1.15487,1.15634,1.15487,1.15634
2026-03-12T10:00:00+00:00,1.15634,1.15660,1.15527,1.15620
2026-03-12T11:00:00+00:00,1.15620,1.15687,1.15553,1.15594
2026-03-12T12:00:00+00:00,1.15594,1.15594,1.15367,1.15420
2026-03-12T13:00:00+00:00,1.15460,1.15527,1.15247,1.15300
2026-03-12T14:00:00+00:00,1.15340,1.15367,1.15207,1.15247
2026-03-12T15:00:00+00:00,1.15194,1.15287,1.15141,1.15247
2026-03-12T16:00:00+00:00,1.15260,1.15327,1.15181,1.15247
2026-03-12T17:00:00+00:00,1.15274,1.15340,1.15247,1.15247
2026-03-12T18:00:00+00:00,1.15260,1.15260,1.15154,1.15154
2026-03-12T19:00:00+00:00,1.15141,1.15221,1.15141,1.15181
2026-03-12T20:00:00+00:00,1.15168,1.15194,1.15141,1.15141
2026-03-12T21:00:00+00:00,1.15168,1.15181,1.15115,1.15141
2026-03-12T22:00:00+00:00,1.15168,1.15234,1.15154,1.15221
2026-03-12T23:00:00+00:00,1.15221,1.15260,1.15194,1.15260
2026-03-13T00:00:00+00:00,1.15260,1.15314,1.15247,1.15274
2026-03-13T01:00:00+00:00,1.15287,1.15327,1.15181,1.15194
2026-03-13T02:00:00+00:00,1.15207,1.15247,1.15141,1.15168
2026-03-13T03:00:00+00:00,1.15168,1.15168,1.15088,1.15128
2026-03-13T04:00:00+00:00,1.15128,1.15128,1.15035,1.15075
2026-03-13T05:00:00+00:00,1.15075,1.15088,1.15035,1.15035
2026-03-13T06:00:00+00:00,1.15062,1.15062,1.14863,1.14863
2026-03-13T07:00:00+00:00,1.14811,1.14850,1.14587,1.14613
2026-03-13T08:00:00+00:00,1.14574,1.14574,1.14364,1.14482
2026-03-13T09:00:00+00:00,1.14521,1.14639,1.14508,1.14561
2026-03-13T10:00:00+00:00,1.14587,1.14745,1.14561,1.14613
2026-03-13T11:00:00+00:00,1.14639,1.14745,1.14587,1.14732
2026-03-13T12:00:00+00:00,1.14705,1.14890,1.14653,1.14811
2026-03-13T13:00:00+00:00,1.14837,1.14916,1.14771,1.14824
2026-03-13T14:00:00+00:00,1.14784,1.14877,1.14600,1.14600
2026-03-13T15:00:00+00:00,1.14587,1.14639,1.14390,1.14469
2026-03-13T16:00:00+00:00,1.14456,1.14521,1.14403,1.14456
2026-03-13T17:00:00+00:00,1.14443,1.14482,1.14377,1.14456
2026-03-13T18:00:00+00:00,1.14456,1.14456,1.14364,1.14390
2026-03-13T19:00:00+00:00,1.14390,1.14403,1.14233,1.14260
2026-03-13T20:00:00+00:00,1.14247,1.14260,1.14142,1.14194
2026-03-13T21:00:00+00:00,1.14194,1.14233,1.14194,1.14233
2026-03-16T00:00:00+00:00,1.14416,1.14587,1.14416,1.14587
2026-03-16T01:00:00+00:00,1.14587,1.14587,1.14443,1.14521
2026-03-16T02:00:00+00:00,1.14521,1.14548,1.14495,1.14521
2026-03-16T03:00:00+00:00,1.14521,1.14574,1.14495,1.14534
2026-03-16T04:00:00+00:00,1.14534,1.14548,1.14456,1.14456
2026-03-16T05:00:00+00:00,1.14456,1.14469,1.14364,1.14377
2026-03-16T06:00:00+00:00,1.14364,1.14403,1.14286,1.14351
2026-03-16T07:00:00+00:00,1.14338,1.14377,1.14194,1.14286
2026-03-16T08:00:00+00:00,1.14325,1.14482,1.14299,1.14469
2026-03-16T09:00:00+00:00,1.14469,1.14561,1.14443,1.14534
2026-03-16T10:00:00+00:00,1.14521,1.14797,1.14521,1.14784
2026-03-16T11:00:00+00:00,1.14758,1.14890,1.14745,1.14824
2026-03-16T12:00:00+00:00,1.14824,1.14916,1.14758,1.14771
2026-03-16T13:00:00+00:00,1.14797,1.15035,1.14797,1.15035
2026-03-16T14:00:00+00:00,1.15022,1.15048,1.14850,1.14916
2026-03-16T15:00:00+00:00,1.14929,1.15035,1.14850,1.14903
2026-03-16T16:00:00+00:00,1.14890,1.15022,1.14811,1.14969
2026-03-16T17:00:00+00:00,1.15022,1.15075,1.14943,1.14956
2026-03-16T18:00:00+00:00,1.14969,1.15260,1.14969,1.15207
2026-03-16T19:00:00+00:00,1.15234,1.15274,1.15101,1.15101
2026-03-16T20:00:00+00:00,1.15128,1.15128,1.15062,1.15115
2026-03-16T21:00:00+00:00,1.15088,1.15128,1.15062,1.15088
2026-03-16T22:00:00+00:00,1.15075,1.15075,1.15022,1.15022
2026-03-16T23:00:00+00:00,1.15035,1.15035,1.14982,1.15022
2026-03-17T00:00:00+00:00,1.14995,1.14995,1.14929,1.14956
2026-03-17T01:00:00+00:00,1.14956,1.14982,1.14903,1.14969
2026-03-17T02:00:00+00:00,1.14956,1.15022,1.14956,1.14982
2026-03-17T03:00:00+00:00,1.14969,1.15048,1.14956,1.14956
2026-03-17T04:00:00+00:00,1.14956,1.15035,1.14929,1.15009
2026-03-17T05:00:00+00:00,1.14995,1.15022,1.14824,1.14837
2026-03-17T06:00:00+00:00,1.14824,1.14850,1.14705,1.14850
2026-03-17T07:00:00+00:00,1.14850,1.15035,1.14837,1.14982
2026-03-17T08:00:00+00:00,1.14982,1.15194,1.14916,1.15141
2026-03-17T09:00:00+00:00,1.15154,1.15274,1.15128,1.15194
2026-03-17T10:00:00+00:00,1.15141,1.15181,1.15075,1.15101
2026-03-17T11:00:00+00:00,1.15088,1.15221,1.15088,1.15101
2026-03-17T12:00:00+00:00,1.15101,1.15274,1.15075,1.15274
2026-03-17T13:00:00+00:00,1.15300,1.15447,1.15300,1.15340
2026-03-17T14:00:00+00:00,1.15314,1.15407,1.15247,1.15367
2026-03-17T15:00:00+00:00,1.15380,1.15407,1.15247,1.15287
2026-03-17T16:00:00+00:00,1.15260,1.15354,1.15234,1.15314
2026-03-17T17:00:00+00:00,1.15300,1.15433,1.15300,1.15420
2026-03-17T18:00:00+00:00,1.15447,1.15513,1.15420,1.15420
2026-03-17T19:00:00+00:00,1.15433,1.15447,1.15380,1.15380
2026-03-17T20:00:00+00:00,1.15393,1.15447,1.15393,1.15447
2026-03-17T21:00:00+00:00,1.15433,1.15460,1.15367,1.15407
2026-03-17T22:00:00+00:00,1.15420,1.15473,1.15420,1.15433
2026-03-17T23:00:00+00:00,1.15433,1.15447,1.15420,1.15420
2026-03-18T00:00:00+00:00,1.15407,1.15460,1.15367,1.15367
2026-03-18T01:00:00+00:00,1.15367,1.15433,1.15367,1.15367
2026-03-18T02:00:00+00:00,1.15380,1.15420,1.15354,1.15367
2026-03-18T03:00:00+00:00,1.15354,1.15393,1.15354,1.15393
2026-03-18T04:00:00+00:00,1.15407,1.15460,1.15407,1.15447
2026-03-18T05:00:00+00:00,1.15447,1.15500,1.15433,1.15500
2026-03-18T06:00:00+00:00,1.15500,1.15527,1.15433,1.15460
2026-03-18T07:00:00+00:00,1.15447,1.15487,1.15274,1.15300
2026-03-18T08:00:00+00:00,1.15287,1.15367,1.15221,1.15354
2026-03-18T09:00:00+00:00,1.15340,1.15420,1.15300,1.15420
2026-03-18T10:00:00+00:00,1.15420,1.15473,1.15380,1.15433
2026-03-18T11:00:00+00:00,1.15447,1.15567,1.15367,1.15500
2026-03-18T12:00:00+00:00,1.15487,1.15513,1.15088,1.15115
2026-03-18T13:00:00+00:00,1.15101,1.15181,1.14969,1.15181
2026-03-18T14:00:00+00:00,1.15181,1.15287,1.15088,1.15207
2026-03-18T15:00:00+00:00,1.15247,1.15300,1.15154,1.15154
2026-03-18T16:00:00+00:00,1.15168,1.15247,1.15101,1.15141
2026-03-18T17:00:00+00:00,1.15154,1.15194,1.15062,1.15194
2026-03-18T18:00:00+00:00,1.15274,1.15274,1.14824,1.14824
2026-03-18T19:00:00+00:00,1.14811,1.14850,1.14732,1.14732
2026-03-18T20:00:00+00:00,1.14718,1.14732,1.14548,1.14548
2026-03-18T21:00:00+00:00,1.14521,1.14758,1.14521,1.14705
2026-03-18T22:00:00+00:00,1.14666,1.14679,1.14548,1.14600
2026-03-18T23:00:00+00:00,1.14613,1.14692,1.14613,1.14666
2026-03-19T00:00:00+00:00,1.14666,1.14784,1.14666,1.14784
2026-03-19T01:00:00+00:00,1.14784,1.14863,1.14784,1.14797
2026-03-19T02:00:00+00:00,1.14784,1.14929,1.14758,1.14863
2026-03-19T03:00:00+00:00,1.14863,1.14863,1.14784,1.14784
2026-03-19T04:00:00+00:00,1.14771,1.14784,1.14705,1.14718
2026-03-19T05:00:00+00:00,1.14732,1.14745,1.14679,1.14692
2026-03-19T06:00:00+00:00,1.14692,1.14797,1.14639,1.14679
2026-03-19T07:00:00+00:00,1.14705,1.14771,1.14548,1.14561
2026-03-19T08:00:00+00:00,1.14574,1.14613,1.14469,1.14548
2026-03-19T09:00:00+00:00,1.14574,1.14890,1.14574,1.14837
2026-03-19T10:00:00+00:00,1.14797,1.14811,1.14705,1.14771
2026-03-19T11:00:00+00:00,1.14771,1.14837,1.14705,1.14824
2026-03-19T12:00:00+00:00,1.14824,1.14929,1.14679,1.14916
2026-03-19T13:00:00+00:00,1.14903,1.15234,1.14758,1.15194
2026-03-19T14:00:00+00:00,1.15221,1.15287,1.15062,1.15207
2026-03-19T15:00:00+00:00,1.15181,1.15420,1.15022,1.15181
2026-03-19T16:00:00+00:00,1.15181,1.15393,1.15181,1.15393
2026-03-19T17:00:00+00:00,1.15407,1.15687,1.15407,1.15634
2026-03-19T18:00:00+00:00,1.15620,1.15861,1.15553,1.15848
2026-03-19T19:00:00+00:00,1.15888,1.16184,1.15808,1.15902
2026-03-19T20:00:00+00:00,1.15888,1.15929,1.15848,1.15915
2026-03-19T21:00:00+00:00,1.15915,1.15996,1.15848,1.15861
2026-03-19T22:00:00+00:00,1.15915,1.15982,1.15808,1.15808
2026-03-19T23:00:00+00:00,1.15848,1.15848,1.15794,1.15808
2026-03-20T00:00:00+00:00,1.15794,1.15821,1.15754,1.15768
2026-03-20T01:00:00+00:00,1.15781,1.15794,1.15674,1.15687
2026-03-20T02:00:00+00:00,1.15687,1.15701,1.15660,1.15674
2026-03-20T03:00:00+00:00,1.15660,1.15660,1.15594,1.15607
2026-03-20T04:00:00+00:00,1.15607,1.15634,1.15580,1.15594
2026-03-20T05:00:00+00:00,1.15594,1.15634,1.15553,1.15553
2026-03-20T06:00:00+00:00,1.15580,1.15687,1.15580,1.15634
2026-03-20T07:00:00+00:00,1.15620,1.15781,1.15594,1.15768
2026-03-20T08:00:00+00:00,1.15768,1.15835,1.15727,1.15727
2026-03-20T09:00:00+00:00,1.15701,1.15754,1.15513,1.15527
2026-03-20T10:00:00+00:00,1.15487,1.15647,1.15393,1.15634
2026-03-20T11:00:00+00:00,1.15620,1.15835,1.15620,1.15754
2026-03-20T12:00:00+00:00,1.15754,1.15821,1.15660,1.15674
2026-03-20T13:00:00+00:00,1.15687,1.15687,1.15460,1.15460
2026-03-20T14:00:00+00:00,1.15420,1.15460,1.15274,1.15393
2026-03-20T15:00:00+00:00,1.15407,1.15594,1.15393,1.15473
2026-03-20T16:00:00+00:00,1.15473,1.15687,1.15473,1.15620
2026-03-20T17:00:00+00:00,1.15634,1.15727,1.15553,1.15607
2026-03-20T18:00:00+00:00,1.15647,1.15727,1.15513,1.15540
2026-03-20T19:00:00+00:00,1.15553,1.15634,1.15513,1.15607
2026-03-20T20:00:00+00:00,1.15634,1.15754,1.15634,1.15741
2026-03-20T21:00:00+00:00,1.15741,1.15754,1.15741,1.15754
2026-03-23T00:00:00+00:00,1.15647,1.15674,1.15433,1.15487
2026-03-23T01:00:00+00:00,1.15500,1.15634,1.15500,1.15567
2026-03-23T02:00:00+00:00,1.15580,1.15607,1.15473,1.15500
2026-03-23T03:00:00+00:00,1.15500,1.15527,1.15460,1.15500
2026-03-23T04:00:00+00:00,1.15527,1.15540,1.15500,1.15540
2026-03-23T05:00:00+00:00,1.15527,1.15553,1.15380,1.15380
2026-03-23T06:00:00+00:00,1.15367,1.15367,1.15247,1.15340
2026-03-23T07:00:00+00:00,1.15354,1.15420,1.15274,1.15300
2026-03-23T08:00:00+00:00,1.15327,1.15487,1.15314,1.15340
2026-03-23T09:00:00+00:00,1.15327,1.15327,1.14956,1.14982
2026-03-23T10:00:00+00:00,1.14969,1.14982,1.14890,1.14890
2026-03-23T11:00:00+00:00,1.14929,1.16225,1.14903,1.15580
2026-03-23T12:00:00+00:00,1.15580,1.16144,1.15513,1.16144
2026-03-23T13:00:00+00:00,1.16144,1.16144,1.15835,1.16023
2026-03-23T14:00:00+00:00,1.15969,1.16428,1.15969,1.16198
2026-03-23T15:00:00+00:00,1.16212,1.16333,1.15875,1.15902
2026-03-23T16:00:00+00:00,1.15875,1.16036,1.15808,1.15942
2026-03-23T17:00:00+00:00,1.15969,1.16117,1.15902,1.16050
2026-03-23T18:00:00+00:00,1.16063,1.16401,1.15982,1.16387
2026-03-23T19:00:00+00:00,1.16320,1.16360,1.16171,1.16171
2026-03-23T20:00:00+00:00,1.16158,1.16184,1.16131,1.16171
2026-03-23T21:00:00+00:00,1.16171,1.16266,1.16144,1.16198
2026-03-23T22:00:00+00:00,1.16171,1.16212,1.16131,1.16184
2026-03-23T23:00:00+00:00,1.16184,1.16184,1.16104,1.16104
2026-03-24T00:00:00+00:00,1.16104,1.16104,1.15875,1.15929
2026-03-24T01:00:00+00:00,1.15929,1.15996,1.15835,1.15888
2026-03-24T02:00:00+00:00,1.15875,1.15942,1.15861,1.15888
2026-03-24T03:00:00+00:00,1.15888,1.15929,1.15848,1.15861
2026-03-24T04:00:00+00:00,1.15861,1.15861,1.15794,1.15835
2026-03-24T05:00:00+00:00,1.15835,1.15915,1.15794,1.15861
2026-03-24T06:00:00+00:00,1.15848,1.15955,1.15835,1.15955
2026-03-24T07:00:00+00:00,1.15969,1.16184,1.15955,1.16117
2026-03-24T08:00:00+00:00,1.16117,1.16117,1.15875,1.15915
2026-03-24T09:00:00+00:00,1.15915,1.15996,1.15835,1.15982
2026-03-24T10:00:00+00:00,1.15982,1.15982,1.15875,1.15955
2026-03-24T11:00:00+00:00,1.15955,1.16023,1.15848,1.15929
2026-03-24T12:00:00+00:00,1.15942,1.15982,1.15848,1.15875
2026-03-24T13:00:00+00:00,1.15875,1.15929,1.15727,1.15808
2026-03-24T14:00:00+00:00,1.15848,1.16063,1.15821,1.15915
2026-03-24T15:00:00+00:00,1.15955,1.15996,1.15808,1.15808
2026-03-24T16:00:00+00:00,1.15808,1.15942,1.15794,1.15861
2026-03-24T17:00:00+00:00,1.15861,1.15861,1.15634,1.15794
2026-03-24T18:00:00+00:00,1.15808,1.15955,1.15714,1.15861
2026-03-24T19:00:00+00:00,1.15888,1.15955,1.15875,1.15902
2026-03-24T20:00:00+00:00,1.15888,1.16306,1.15861,1.16117
2026-03-24T21:00:00+00:00,1.16144,1.16158,1.16050,1.16158
2026-03-24T22:00:00+00:00,1.16171,1.16225,1.16090,1.16184
2026-03-24T23:00:00+00:00,1.16171,1.16212,1.16131,1.16171
2026-03-25T00:00:00+00:00,1.16184,1.16333,1.16184,1.16266
2026-03-25T01:00:00+00:00,1.16252,1.16266,1.16158,1.16158
2026-03-25T02:00:00+00:00,1.16144,1.16144,1.16050,1.16077
2026-03-25T03:00:00+00:00,1.16077,1.16090,1.16050,1.16063
2026-03-25T04:00:00+00:00,1.16063,1.16077,1.16009,1.16009
2026-03-25T05:00:00+00:00,1.15996,1.16009,1.15929,1.15955
2026-03-25T06:00:00+00:00,1.15955,1.16036,1.15915,1.15996
2026-03-25T07:00:00+00:00,1.16023,1.16077,1.15915,1.16009
2026-03-25T08:00:00+00:00,1.15969,1.16184,1.15955,1.16063
2026-03-25T09:00:00+00:00,1.16063,1.16117,1.15955,1.16036
2026-03-25T10:00:00+00:00,1.16063,1.16077,1.15996,1.16077
2026-03-25T11:00:00+00:00,1.16090,1.16144,1.15996,1.16090
2026-03-25T12:00:00+00:00,1.16117,1.16158,1.15902,1.15942
2026-03-25T13:00:00+00:00,1.15982,1.16009,1.15768,1.15768
2026-03-25T14:00:00+00:00,1.15727,1.15902,1.15701,1.15888
2026-03-25T15:00:00+00:00,1.15915,1.15915,1.15674,1.15741
2026-03-25T16:00:00+00:00,1.15741,1.15794,1.15594,1.15714
2026-03-25T17:00:00+00:00,1.15714,1.15848,1.15701,1.15821
2026-03-25T18:00:00+00:00,1.15821,1.15835,1.15647,1.15701
2026-03-25T19:00:00+00:00,1.15674,1.15701,1.15634,1.15660
2026-03-25T20:00:00+00:00,1.15647,1.15647,1.15594,1.15620
2026-03-25T21:00:00+00:00,1.15620,1.15674,1.15607,1.15620
2026-03-25T22:00:00+00:00,1.15620,1.15660,1.15594,1.15634
2026-03-25T23:00:00+00:00,1.15647,1.15647,1.15620,1.15647
2026-03-26T00:00:00+00:00,1.15660,1.15674,1.15580,1.15620
2026-03-26T01:00:00+00:00,1.15647,1.15701,1.15647,1.15674
2026-03-26T02:00:00+00:00,1.15674,1.15687,1.15594,1.15620
2026-03-26T03:00:00+00:00,1.15607,1.15727,1.15607,1.15714
2026-03-26T04:00:00+00:00,1.15714,1.15754,1.15701,1.15727
2026-03-26T05:00:00+00:00,1.15714,1.15727,1.15620,1.15620
2026-03-26T06:00:00+00:00,1.15620,1.15701,1.15567,1.15701
2026-03-26T07:00:00+00:00,1.15660,1.15660,1.15553,1.15567
2026-03-26T08:00:00+00:00,1.15540,1.15634,1.15513,1.15634
2026-03-26T09:00:00+00:00,1.15620,1.15674,1.15567,1.15634
2026-03-26T10:00:00+00:00,1.15620,1.15674,1.15580,1.15607
2026-03-26T11:00:00+00:00,1.15620,1.15620,1.15274,1.15274
2026-03-26T12:00:00+00:00,1.15287,1.15380,1.15274,1.15380
2026-03-26T13:00:00+00:00,1.15393,1.15540,1.15393,1.15460
2026-03-26T14:00:00+00:00,1.15460,1.15580,1.15407,1.15500
2026-03-26T15:00:00+00:00,1.15527,1.15540,1.15354,1.15447
2026-03-26T16:00:00+00:00,1.15447,1.15460,1.15354,1.15393
2026-03-26T17:00:00+00:00,1.15393,1.15393,1.15287,1.15287
2026-03-26T18:00:00+00:00,1.15287,1.15367,1.15287,1.15367
2026-03-26T19:00:00+00:00,1.15367,1.15367,1.15247,1.15247
2026-03-26T20:00:00+00:00,1.15247,1.15607,1.15234,1.15287
2026-03-26T21:00:00+00:00,1.15300,1.15420,1.15287,1.15380
2026-03-26T22:00:00+00:00,1.15380,1.15433,1.15367,1.15420
2026-03-26T23:00:00+00:00,1.15420,1.15433,1.15367,1.15367
2026-03-27T00:00:00+00:00,1.15380,1.15420,1.15274,1.15340
2026-03-27T01:00:00+00:00,1.15354,1.15433,1.15340,1.15433
2026-03-27T02:00:00+00:00,1.15447,1.15447,1.15407,1.15420
2026-03-27T03:00:00+00:00,1.15433,1.15433,1.15367,1.15420
2026-03-27T04:00:00+00:00,1.15420,1.15460,1.15407,1.15460
2026-03-27T05:00:00+00:00,1.15447,1.15487,1.15407,1.15433
2026-03-27T06:00:00+00:00,1.15447,1.15473,1.15380,1.15380
2026-03-27T07:00:00+00:00,1.15367,1.15380,1.15207,1.15221
2026-03-27T08:00:00+00:00,1.15221,1.15274,1.15207,1.15247
2026-03-27T09:00:00+00:00,1.15247,1.15300,1.15181,1.15221
2026-03-27T10:00:00+00:00,1.15234,1.15287,1.15141,1.15141
2026-03-27T11:00:00+00:00,1.15141,1.15168,1.15088,1.15115
2026-03-27T12:00:00+00:00,1.15101,1.15207,1.15048,1.15194
2026-03-27T13:00:00+00:00,1.15194,1.15354,1.15181,1.15274
2026-03-27T14:00:00+00:00,1.15300,1.15380,1.15300,1.15327
2026-03-27T15:00:00+00:00,1.15327,1.15500,1.15221,1.15247
2026-03-27T16:00:00+00:00,1.15234,1.15287,1.15181,1.15234
2026-03-27T17:00:00+00:00,1.15207,1.15234,1.15101,1.15154
2026-03-27T18:00:00+00:00,1.15168,1.15194,1.15115,1.15168
2026-03-27T19:00:00+00:00,1.15168,1.15207,1.15141,1.15207
2026-03-27T20:00:00+00:00,1.15194,1.15221,1.15115,1.15115
2026-03-27T21:00:00+00:00,1.15101,1.15101,1.15101,1.15101
2026-03-29T23:00:00+00:00,1.14916,1.14969,1.14916,1.14943
2026-03-30T00:00:00+00:00,1.14956,1.15154,1.14943,1.15101
2026-03-30T01:00:00+00:00,1.15115,1.15141,1.15075,1.15075
2026-03-30T02:00:00+00:00,1.15075,1.15181,1.15048,1.15141
2026-03-30T03:00:00+00:00,1.15141,1.15221,1.15141,1.15194
2026-03-30T04:00:00+00:00,1.15194,1.15247,1.15168,1.15168
2026-03-30T05:00:00+00:00,1.15168,1.15207,1.15128,1.15194
2026-03-30T06:00:00+00:00,1.15181,1.15234,1.15154,1.15154
2026-03-30T07:00:00+00:00,1.15154,1.15154,1.14982,1.15009
2026-03-30T08:00:00+00:00,1.15009,1.15022,1.14943,1.14995
2026-03-30T09:00:00+00:00,1.14982,1.15009,1.14890,1.14995
2026-03-30T10:00:00+00:00,1.14969,1.15009,1.14929,1.14929
2026-03-30T11:00:00+00:00,1.14929,1.14995,1.14890,1.14890
2026-03-30T12:00:00+00:00,1.14877,1.14890,1.14758,1.14863
2026-03-30T13:00:00+00:00,1.14877,1.14903,1.14653,1.14666
2026-03-30T14:00:00+00:00,1.14692,1.14718,1.14587,1.14679
2026-03-30T15:00:00+00:00,1.14679,1.14692,1.14482,1.14574
2026-03-30T16:00:00+00:00,1.14574,1.14626,1.14521,1.14613
2026-03-30T17:00:00+00:00,1.14639,1.14666,1.14587,1.14600
2026-03-30T18:00:00+00:00,1.14600,1.14692,1.14600,1.14653
2026-03-30T19:00:00+00:00,1.14639,1.14653,1.14587,1.14613
2026-03-30T20:00:00+00:00,1.14626,1.14653,1.14600,1.14653
2026-03-30T21:00:00+00:00,1.14613,1.14718,1.14587,1.14666
2026-03-30T22:00:00+00:00,1.14639,1.14692,1.14639,1.14639
2026-03-30T23:00:00+00:00,1.14613,1.14613,1.14561,1.14587
2026-03-31T00:00:00+00:00,1.14600,1.14797,1.14521,1.14797
2026-03-31T01:00:00+00:00,1.14784,1.14929,1.14771,1.14797
2026-03-31T02:00:00+00:00,1.14784,1.14824,1.14771,1.14797
2026-03-31T03:00:00+00:00,1.14797,1.14797,1.14705,1.14732
2026-03-31T04:00:00+00:00,1.14732,1.14758,1.14732,1.14732
2026-03-31T05:00:00+00:00,1.14732,1.14745,1.14666,1.14666
2026-03-31T06:00:00+00:00,1.14679,1.14771,1.14639,1.14758
2026-03-31T07:00:00+00:00,1.14745,1.14758,1.14679,1.14758
2026-03-31T08:00:00+00:00,1.14758,1.14784,1.14679,1.14718
2026-03-31T09:00:00+00:00,1.14705,1.14758,1.14653,1.14705
2026-03-31T10:00:00+00:00,1.14718,1.14732,1.14613,1.14626
2026-03-31T11:00:00+00:00,1.14626,1.14943,1.14613,1.14916
2026-03-31T12:00:00+00:00,1.14956,1.15128,1.14929,1.15075
2026-03-31T13:00:00+00:00,1.15075,1.15354,1.15048,1.15340
2026-03-31T14:00:00+00:00,1.15367,1.15420,1.15154,1.15247
2026-03-31T15:00:00+00:00,1.15247,1.15367,1.15154,1.15194
2026-03-31T16:00:00+00:00,1.15194,1.15607,1.15181,1.15433
2026-03-31T17:00:00+00:00,1.15460,1.15580,1.15460,1.15460
2026-03-31T18:00:00+00:00,1.15433,1.15527,1.15433,1.15500
2026-03-31T19:00:00+00:00,1.15473,1.15634,1.15433,1.15634
2026-03-31T20:00:00+00:00,1.15634,1.15660,1.15567,1.15567
2026-03-31T21:00:00+00:00,1.15580,1.15607,1.15500,1.15580
2026-03-31T22:00:00+00:00,1.15607,1.15634,1.15567,1.15620
2026-03-31T23:00:00+00:00,1.15620,1.15768,1.15607,1.15768
2026-04-01T00:00:00+00:00,1.15768,1.15821,1.15727,1.15781
2026-04-01T01:00:00+00:00,1.15768,1.15768,1.15594,1.15647
2026-04-01T02:00:00+00:00,1.15660,1.15741,1.15647,1.15727
2026-04-01T03:00:00+00:00,1.15714,1.15714,1.15634,1.15647
2026-04-01T04:00:00+00:00,1.15634,1.15701,1.15634,1.15687
2026-04-01T05:00:00+00:00,1.15687,1.15794,1.15687,1.15741
2026-04-01T06:00:00+00:00,1.15727,1.15955,1.15660,1.15942
2026-04-01T07:00:00+00:00,1.15955,1.16009,1.15821,1.15861
2026-04-01T08:00:00+00:00,1.15848,1.16144,1.15808,1.16009
2026-04-01T09:00:00+00:00,1.15996,1.16050,1.15848,1.15982
2026-04-01T10:00:00+00:00,1.15982,1.16077,1.15969,1.16036
2026-04-01T11:00:00+00:00,1.16023,1.16131,1.16023,1.16104
2026-04-01T12:00:00+00:00,1.16117,1.16198,1.15982,1.16063
2026-04-01T13:00:00+00:00,1.16077,1.16266,1.16036,1.16144
2026-04-01T14:00:00+00:00,1.16104,1.16306,1.16090,1.16279
2026-04-01T15:00:00+00:00,1.16266,1.16293,1.16090,1.16171
2026-04-01T16:00:00+00:00,1.16171,1.16225,1.16077,1.16225
2026-04-01T17:00:00+00:00,1.16225,1.16252,1.15982,1.15982
2026-04-01T18:00:00+00:00,1.15969,1.15969,1.15821,1.15848
2026-04-01T19:00:00+00:00,1.15808,1.15902,1.15808,1.15888
2026-04-01T20:00:00+00:00,1.15888,1.15955,1.15861,1.15955
2026-04-01T21:00:00+00:00,1.15915,1.15982,1.15848,1.15942
2026-04-01T22:00:00+00:00,1.15942,1.15969,1.15915,1.15942
2026-04-01T23:00:00+00:00,1.15955,1.15982,1.15929,1.15929
2026-04-02T00:00:00+00:00,1.15929,1.16009,1.15902,1.16009
2026-04-02T01:00:00+00:00,1.15996,1.16063,1.15500,1.15553
2026-04-02T02:00:00+00:00,1.15553,1.15634,1.15473,1.15513
2026-04-02T03:00:00+00:00,1.15487,1.15527,1.15420,1.15433
2026-04-02T04:00:00+00:00,1.15433,1.15447,1.15367,1.15393
2026-04-02T05:00:00+00:00,1.15420,1.15420,1.15287,1.15287
2026-04-02T06:00:00+00:00,1.15327,1.15393,1.15194,1.15393
2026-04-02T07:00:00+00:00,1.15380,1.15393,1.15221,1.15367
2026-04-02T08:00:00+00:00,1.15367,1.15380,1.15274,1.15287
2026-04-02T09:00:00+00:00,1.15287,1.15340,1.15260,1.15274
2026-04-02T10:00:00+00:00,1.15287,1.15287,1.15154,1.15154
2026-04-02T11:00:00+00:00,1.15168,1.15221,1.15128,1.15221
2026-04-02T12:00:00+00:00,1.15221,1.15340,1.15221,1.15274
2026-04-02T13:00:00+00:00,1.15274,1.15340,1.15234,1.15340
2026-04-02T14:00:00+00:00,1.15327,1.15580,1.15314,1.15553
2026-04-02T15:00:00+00:00,1.15567,1.15607,1.15473,1.15487
2026-04-02T16:00:00+00:00,1.15487,1.15500,1.15433,1.15460
2026-04-02T17:00:00+00:00,1.15433,1.15513,1.15407,1.15407
2026-04-02T18:00:00+00:00,1.15420,1.15420,1.15367,1.15420
2026-04-02T19:00:00+00:00,1.15407,1.15447,1.15380,1.15380
2026-04-02T20:00:00+00:00,1.15367,1.15433,1.15367,1.15420
2026-04-02T21:00:00+00:00,1.15433,1.15460,1.15367,1.15460
2026-04-02T22:00:00+00:00,1.15473,1.15473,1.15420,1.15433
2026-04-02T23:00:00+00:00,1.15433,1.15460,1.15433,1.15447
2026-04-03T00:00:00+00:00,1.15447,1.15473,1.15420,1.15420
2026-04-03T01:00:00+00:00,1.15420,1.15433,1.15380,1.15380
2026-04-03T02:00:00+00:00,1.15380,1.15420,1.15354,1.15393
2026-04-03T03:00:00+00:00,1.15393,1.15407,1.15380,1.15393
2026-04-03T04:00:00+00:00,1.15393,1.15393,1.15380,1.15380
2026-04-03T05:00:00+00:00,1.15380,1.15420,1.15327,1.15420
2026-04-03T06:00:00+00:00,1.15407,1.15433,1.15380,1.15433
2026-04-03T07:00:00+00:00,1.15433,1.15500,1.15433,1.15460
2026-04-03T08:00:00+00:00,1.15460,1.15487,1.15433,1.15460
2026-04-03T09:00:00+00:00,1.15473,1.15487,1.15447,1.15460
2026-04-03T10:00:00+00:00,1.15473,1.15513,1.15460,1.15487
2026-04-03T11:00:00+00:00,1.15487,1.15500,1.15447,1.15473
2026-04-03T12:00:00+00:00,1.15487,1.15487,1.15260,1.15340
2026-04-03T13:00:00+00:00,1.15327,1.15420,1.15314,1.15393
2026-04-03T14:00:00+00:00,1.15393,1.15393,1.15247,1.15247
2026-04-03T15:00:00+00:00,1.15247,1.15314,1.15247,1.15247
2026-04-03T16:00:00+00:00,1.15247,1.15247,1.15207,1.15234
2026-04-03T17:00:00+00:00,1.15221,1.15247,1.15207,1.15221
2026-04-03T18:00:00+00:00,1.15234,1.15234,1.15168,1.15181
2026-04-03T19:00:00+00:00,1.15181,1.15207,1.15181,1.15194
2026-04-03T20:00:00+00:00,1.15194,1.15327,1.15181,1.15221
2026-04-03T21:00:00+00:00,1.15234,1.15234,1.15221,1.15221
